ingredient_concept_id,ingredient_name
37002917,".alpha.-chlorohydrin, (+/-)-"
740013,.alpha.-phellandrene
1536878,.alpha.-terpinene
779197,.beta.-glucogallin
1145885,.beta.-ionone
42898180,"1,1-difluoroethane"
1592753,"1,2-dipalmitoylphosphatidylcholine"
42898186,"1,3-dimethylol-5,5-dimethylhydantoin"
19097556,1-alpha-vitamin D
35605387,1-methylhydantoin
914310,1-octacosanol
43012215,1-propanol
42898192,1-vinyl-2-pyrrolidone
19077143,17-alpha-hydroxyprogesterone
35606080,2'-fucosyllactose
35604625,"2,3-dihydroxybenzoic acid"
37002294,2-butoxyethanol
43012195,2-hydroxyethyl methacrylate
1594085,2-ketogluconate
45775370,2-mercaptoethanesulfonic acid
37498874,2-methylbutyric acid
46221501,"3,3'-diindolylmethane"
43531868,3-(triethoxysilyl)propylamine
44784654,3-n-butylphthalide
1301554,3-phenyl propionic acid
1718745,4-(p-hydroxyphenyl)-2-butanone
19087067,4-aminobenzoate
19012200,4-aminomethylbenzoic acid
19012223,4-dimethylaminophenol
46234460,4-hydroxybenzoic acid
1510508,4-hydroxybenzyl alcohol
42609290,4-hydroxycyclophosphamide
42903754,4-methyl-1-(1-methylethyl)-3-cyclohexen-1-ol
35604417,4-nonylphenol
19121248,4000 CPS
1363516,5-hydroxytryptophan
19018285,5-methoxypsoralen
43531881,5-methoxytryptamine
42903683,5-methyltetrahydrofolic acid
1369939,6-aminocaproic acid
1736971,abacavir
19010868,abarelix
1186087,abatacept
19047423,abciximab
42900395,abetimus
40239056,abiraterone
19135473,acai berry extract
19042819,acai extract
42900396,acai oil
19043959,acamprosate
1529331,acarbose
1319998,acebutolol
37353185,aceclidine
19029393,aceclofenac
43532236,aceglutamide
529218,"acellular pertussis vaccine, inactivated"
19029398,acemetacin
19024063,acenocoumarol
19018226,acepromazine
19018328,aceprometazine
42898253,acesulfame
1125315,acetaminophen
19029248,acetanilide
19029306,acetate
929435,acetazolamide
19056032,acetiamine
19080248,ACETIC
929549,acetic acid
1530014,acetohexamide
929542,acetohydroxamic acid
1734446,acetoin
19032614,acetone
19029555,acetophenazine
37003333,acetophenone
739716,acetyl tetrapeptide-2
19037596,acetylcarnitine
19037624,acetylcholine
1139042,acetylcysteine
19011193,acetyldigitoxin
19020949,acetyldigoxins
43012224,acetyltributyl citrate
43531907,acid violet 43
19091149,acidulated phosphate fluoride
19029644,acipimox
929638,acitretin
19057483,aclarubicin
42873639,aclidinium
19058354,aconite
44507446,aconitine
42904012,Aconitum napellus root extract
1140123,acrivastine
19015397,activated attapulgite
1701928,activated charcoal
1703687,acyclovir
1119119,adalimumab
747260,"ADAMTS13, recombinant"
981774,adapalene
1729323,adefovir
19071966,adenine
1309204,adenosine
19015230,adenosine triphosphate
19023817,adiphenine
19018406,adipic acid
42904062,Adonis vernalis extract
19112518,adrafinil
19061053,adrenal cortex extract
35603435,adzuki bean extract
42898420,Aesculus hippocastanum leaf extract
44818465,Aesculus hippocastanum seed oil
43533090,afatinib
37498968,aflatoxin B1
40244266,aflibercept
44507611,afoxolaner
19009965,agalsidase alfa
1525746,agalsidase beta
40168516,Agkistrodon piscivorus antivenin
21234680,Agomelatine
19103572,air
19105879,ajmaline
19052489,alanine
19018154,alatrofloxacin
1753745,albendazole
44816332,albiglutide
1344143,"albumin human, USP"
19082376,"albumin,iodinated I-125 serum"
1154343,albuterol
40224159,alcaftadine
905151,alclometasone
42898435,alcloxa
19056758,alcuronium
1309770,aldesleukin
19054915,aldioxa
42903427,aldosterone
909959,alefacept
1312706,alemtuzumab
1557272,alendronate
19014202,alfacalcidol
1316327,alfalfa oil
45774409,alfaxalone
19059528,alfentanil
930021,alfuzosin
43013872,alginate
19030059,alginic acid
19057354,alglucerase
19088328,alglucosidase alfa
19055880,alibendol
1317967,aliskiren
941052,alitretinoin
19030087,alizapride
43012496,all-trans-retinol
966376,allantoin
19113034,allobarbital
1167322,allopurinol
37002600,alloxan
1330144,allyl sulfide
19068397,allylestrenol
19018431,alminoprofen
19113052,almitrine
42900339,almond oil
1103552,almotriptan
1537395,Aloe emodin
960900,aloe extract
958994,aloe polysaccharide
42900341,aloe vera leaf extract
43013884,alogliptin
19030323,aloglutamol
948555,alosetron
19018432,aloxiprin
1169352,alpha 1-antitrypsin
19056581,alpha hydroxy acids
1718620,alpha ionone
19056802,alpha tocopherol
19115053,alpha-amylase
43012295,alpha-arbutin
1146225,alpha-asarone
43012225,alpha-cyclodextrin
998598,alpha-D-galactosidase enzyme
19018434,alpha-ketoglutaric acid
43525946,alpha-tocopherylquinone
19080847,alphaprodine
35200370,Alpinia officinarum whole extract
781039,alprazolam
19081284,alprenolol
1381504,alprostadil
19081667,alseroxylon
1347450,alteplase
42898411,Althaea officinalis root extract
19018435,althiazide
1368823,altretamine
19052619,"alum, potassium"
42898412,aluminum
930604,aluminum acetate
19084912,aluminum aspirin
959420,aluminum carbonate
45775141,aluminum cation
957393,aluminum chloride
985247,aluminum hydroxide
19018438,aluminum magnesium silicate
1145479,aluminum nitrate
19123348,aluminum oxide
19030675,aluminum phosphate
43012256,aluminum silicate
19055136,aluminum subacetate
19030692,aluminum sulfate
42898269,aluminum zirconium tetrachlorohydrex gly
43013265,aluminum zirconium trichlorohydrex gly
19030751,alverine
19059654,alvimopan
19087090,amantadine
787362,ambenonium
42898385,amber
42898386,ambergris
702196,ambrein
1337068,ambrisentan
19088167,ambroxol
19034009,ambroxol-theophylline-7-acetate
930747,amcinonide
19088223,amdinocillin pivoxil
746280,amentoflavone
19030847,amezinium
1350040,amifostine
1790868,amikacin
19066568,amilomer
991382,amiloride
43532237,amiloxate
19112527,aminaphthone
19032424,amineptin
19124969,Amino Acids
1310325,aminocaproate
1503057,aminoglutethimide
924120,aminolevulinate
904351,aminolevulinic acid
1105775,aminophylline
44506771,aminopterin
19125628,aminopyrine
19018481,aminoquinuride
19010337,aminosalicylate
1726228,aminosalicylic acid
1309944,amiodarone
19057607,amisulpride
40170322,amitraz
710062,amitriptyline
957623,amlexanox
1332418,amlodipine
42800417,ammonia
42903733,ammoniac
19126894,ammonium
912362,ammonium chloride
19032612,ammonium phosphate
43012197,ammonium sulfate
712757,amobarbital
19012922,amodiaquine
44506774,amonafide
19032619,amorolfine
746760,amosulalol
713109,amoxapine
1713332,amoxicillin
714785,amphetamine
952045,amphotericin
1717240,amphotericin B
1717327,ampicillin
1789428,amprenavir
19017810,amsacrine
43013954,amyl acetate
1319051,amyl nitrite
919204,amylase
19048016,amylocaine
1381253,anagrelide
1114375,anakinra
1348265,anastrozole
19018070,ancestim
19024544,ancrod
19026277,androstenedione
19032630,anethole
19041226,anethole trithione
42898327,Angelica archangelica root extract
1319232,Angelica sinensis preparation
1735026,angelicin
19026450,anidulafungin
19032662,anileridine
44507464,aniline
19032667,aniracetam
19044890,anistreplase
42903680,annatto extract
951237,antazoline
952538,anthralin
19080406,anti-inhibitor coagulant complex
1301841,"antihemophilic factor (recombinant), Fc-VWF-XTEN fusion protein"
19136041,antilymphocyte immunoglobulin
42898339,antimony
45775357,antimony cation (5+)
19067810,antimony potassium tartrate
739756,antimony trioxide
44814271,antioxidant 119
1036059,antipyrine
1436169,antithrombin III
19136654,apazone
43013466,apigenin
19013727,apiole
43013024,apixaban
837027,apomorphine
1337331,apple cider vinegar
43531919,apple extract
42904271,apple juice
904205,apple pectin
919986,apraclonidine
44816294,apremilast
936748,aprepitant
42904131,apricot extract
19006969,aprindine
19030299,aprobarbital
19000729,aprotinin
40169416,arabica coffee bean allergenic extract
19101402,arbekacin
43012506,arbutin
42900397,Arctostaphylos uva-ursi leaf extract
19053746,ardeparin
1111220,arformoterol
42900398,argan oil
1322207,argatroban
19006410,arginine
19011039,arginine glutamate
43013470,argon
1735419,arimoclomol
757688,aripiprazole
19090984,armodafinil
919839,Arnica extract
19071833,Arnica montana extract
45892127,aromadendrin
19010961,arsenic
1333379,arsenic trioxide
19033634,artemether
19018511,artesunate
19080512,articaine
19015539,asafetida extract
42898315,Ascophyllum nodosum extract
43013471,ascorbate
40241654,ascorbate manganese
19011773,ascorbic acid
42904198,ascorbyl tetraisopalmitate
40164052,asenapine
45774608,asiatic acid
19033691,asiaticoside
19012585,asparaginase
19011069,asparagine
42898318,aspartame
19052059,aspartate
19012686,aspartic acid
40161048,Aspergillus fumigatus allergenic extract
1112807,aspirin
36920426,Aspirin DL-Lysine
40244281,astaxanthin
1150770,astemizole
1315656,Astragalus preparation
42898661,Astragalus propinquus root extract
1398719,ASTRAGALUS ROOT
1359516,Astragalus root extract
46233931,asunaprevir
1727223,atazanavir
1314002,atenolol
742185,atomoxetine
1545958,atorvastatin
19122136,atosiban
1781733,atovaquone
42898612,Atractylodes lancea root extract
19014341,atracurium
1465956,atrasentan
914335,atropine
933794,attapulgite
1114771,auranofin
1163570,aurothioglucose
1152134,aurothiomalate
40224705,autologous cultured chondrocytes
746414,avacincaptad pegol
42800040,avanafil
46276232,avilamycin
19111235,avobenzone
42900329,avocado oil
42709322,axitinib
1314865,azacitidine
42898641,Azadirachta indica flower extract
42898642,Azadirachta indica leaf extract
35605814,Azadirachta indica whole extract
1133993,azatadine
19014878,azathioprine
934075,azelastine
986790,azelate
40241205,azficel-T
19018516,azidocillin
40235485,azilsartan
19102306,azintamide
1734104,azithromycin
19015123,azlocillin
19018517,azosemide
1715117,aztreonam
36957394,Aztreonam lysine
1734205,bacampicillin
42898673,Bacillus coagulans
42903944,Bacillus firmus
42898675,Bacillus subtilis
915175,bacitracin
715233,baclofen
45775438,baicalein
44506770,baicalin
43013939,bakuchiol
19011663,Balanced salt solution
934262,balsalazide
43525835,bamboo extract
19034275,bambuterol
19015342,bamethan
19018518,bamifylline
19034280,bamipine
19071778,banana extract
1536881,banana peel extract
19066569,barberry extract
19112534,barbexaclone
19015346,barbital
42898624,barium
19011331,barium sulfate
19070896,barley grain
43012175,basil oil
19038440,basiliximab
42898651,batilol
42898652,bay leaf oil
44506794,bazedoxifene
19015423,BCG Vaccine
19023835,"BCG, live, Connaught strain"
19086176,"BCG, live, Tice strain"
1401574,bearberry preparation
912476,becaplermin
19018520,beclamide
1115572,beclomethasone
43012518,bedaquiline
19096743,bee pollen
19082737,beets preparation
40239665,belatacept
40236987,belimumab
45776670,belinostat
1116109,belladonna alkaloids
958527,"belladonna extract, USP"
19080407,belladonna leaf extract
19069137,bemiparin
1335471,benazepril
19016320,bencyclane
19015523,bendamustine
1316354,bendroflumethiazide
19035533,benfluorex
42898636,Benincasa hispida fruit extract
19016435,benorilate
935529,benoxinate
19016440,benperidol
19056541,benproperine
19016463,benserazide
19016467,bentonite
916460,benzalkonium
19035598,benzarone
19016754,benzbromarone
916802,benzethonium
711452,benzoate
917006,benzocaine
19011438,benzoin resin
1136601,benzonatate
19018546,benzophenone
42903933,benzophenone-2
36026781,benzopyrene
19056737,benzoxonium
918172,benzoyl peroxide
719128,benzphetamine
19036731,benzthiazide
719174,benztropine
19019620,benzydamine
919681,benzyl alcohol
19036946,benzyl benzoate
1146093,benzylamine
19018603,benzylparaben
19037035,benzylpenicilloyl polylysine
19018604,benzylthiouracil
40166571,bepotastine
1319751,bepridil
19057932,beractant
19012197,berberine
1201299,beremagene geperpavec
40161662,besifloxacin
19037223,beta carotene
19112540,beta sitosterol
19123344,beta-alanine
43532233,"beta-citronellol, (+-)-"
1594750,beta-pinene
42903462,beta-thujaplicin
43012190,betadex
19020124,betahistine
1520218,betaine
920458,betamethasone
1322081,betaxolol
937439,bethanechol
19022533,bethanidine
42904106,Betula pendula leaf extract
37003415,betulin
1397141,bevacizumab
1301517,bexagliflozin
1389888,bexarotene
19022956,bezafibrate
1344381,bicalutamide
45775351,bicarbonate ion
19055954,biclotymol
19058055,bifemelane
45776867,Bifidobacterium animalis
19006764,Bifidobacterium bifidum
19136097,Bifidobacterium infantis
40242566,Bifidobacterium lactis
40242573,Bifidobacterium longum
19037560,bifonazole
1314955,bilberry extract
19024068,bile salts
904525,bimatoprost
19024669,Bioflavonoids
19024770,biotin
724908,biperiden
46221338,bis-PEG-PPG-14-14 dimethicone
924939,bisacodyl
19025138,bismuth
19037706,bismuth oxide
42900374,bismuth oxychloride
779579,bismuth phosphate
19037731,bismuth subcarbonate
958134,bismuth subcitrate
937725,bismuth subgallate
19037794,bismuth subnitrate
937791,bismuth subsalicylate
19058100,bismuth tribromophenate
1338005,bisoprolol
1138050,bitolterol
19084670,bivalirudin
1510968,black carrot extract
1391648,black cohosh extract
44785611,black currant juice
19017807,black currant oil
19066500,black pepper preparation
1329241,bleomycin
45892531,blinatumomab
45776590,blueberry extract
40238770,boceprevir
19038433,bone meal
19018640,bopindolol
19005918,borage oil
929698,boric acid
19018661,bornaprine
44814486,bornyl acetate
19029824,boron
19082847,boron citrate
43012294,boron nitride
1336825,bortezomib
42898515,Bos taurus colostrum preparation
44507484,Bos taurus eye preparation
42898543,Bos taurus testicle preparation
44816307,Bos taurus uterus preparation
1321636,bosentan
19113007,bosentan monohydrate
42900401,bosutinib
40161071,boswellia preparation
863819,Botulinum antitoxin
729855,botulinum toxin type A
729959,botulinum toxin type B
19056450,botulism antitoxin A
19072699,botulism immune globulin IV human
1037015,bran
37353986,brensocatib
40241969,brentuximab vedotin
19038998,bretylium
19039029,brilliant green
915542,brimonidine
938044,brinzolamide
19122130,brivudine
35603383,broccoli sprout extract
19018742,brodimoprim
19030353,bromazepam
19030387,bromelains
1139179,bromfenac
19030493,bromhexine
45775348,bromide ion
42898570,bromine
730548,bromocriptine
19018980,bromopride
19039227,bromperidol
1130863,brompheniramine
19039262,brotizolam
19011415,brown mixture
1735390,bruceantin
19056342,buchu
19081195,buclizine
939259,budesonide
19019932,budipine
19032724,bufexamac
19039639,buflomedil
863929,Bulevirtide
932745,bumetanide
19020092,bunazosin
732893,bupivacaine
19018489,bupranolol
1133201,buprenorphine
750982,bupropion
19091254,burdock root extract
19033280,buserelin
733301,buspirone
1333357,busulfan
959174,butabarbital
40169521,butafosfan
19018488,butalamine
1139699,butalbital
939726,butamben
19039762,butamirate
42898521,butane
19056408,butcher's broom preparation
958396,butenafine
19024761,butethamate citrate
19039770,buthiazide
19039767,butobarbital
939784,butoconazole
1133732,butorphanol
43012243,butylated hydroxyanisole
19033780,butylated hydroxytoluene
40234201,butylscopolamine
19122139,butyrate
45892906,C1 esterase inhibitor
40222431,cabazitaxel
1558471,cabergoline
43012292,cabozantinib
1740226,cadexomer iodine
19058510,cafedrine
42900350,caffeic acid
1134439,caffeine
42900351,cajuput oil
902616,calamine
43533116,calamus oil
19035569,calcifediol
908921,calcipotriene
42900359,calcitonin
19035631,calcitriol
19018544,calcium
951469,calcium acetate
19058549,calcium alginate
1319219,calcium ascorbate
19071869,calcium aspartate
43526455,calcium bicarbonate
19018639,calcium bromide
19018547,calcium carbimide
19035704,calcium carbonate
19097016,"calcium carbonate, precipitated"
19036781,calcium chloride
19058572,calcium citrate
19127547,calcium citrate malate
19018601,calcium fluoride
19097867,calcium glubionate
19058867,calcium gluceptate
19037038,calcium gluconate
1337159,calcium glycerophosphate
43533002,calcium hydride
1337191,calcium hydroxide
42903945,calcium ion
19058896,calcium lactate
19090802,calcium lactobionate
19058971,calcium levulinate
19090806,calcium orotate
44784716,calcium oxalate
19007595,calcium oxide
43532262,calcium peroxide
19037401,calcium phosphate
19058973,calcium phosphate dibasic
940426,calcium polycarbophil
40168899,calcium pyruvate
19056480,calcium saccharate
42900373,calcium silicate
19112567,calcium stearate
19037446,calcium sulfate
19071836,Calendula officinalis extract
43532989,calenduloside E
19089891,calfactant
42899416,calomel
42898562,Camellia oil
19024938,campesterol
938205,camphor
46221355,"camphor, (-)-"
43526465,canagliflozin
40161669,canakinumab
42898732,candelilla wax
1351557,candesartan
538530,Candida albicans
702219,cannabichromene
37003277,cannabigerol
19018910,cannabinol
42898564,Cannabis sativa seed oil
19123864,canrenoate
19132906,canrenoic acid
19019698,canrenone
40170470,cantaloupe allergenic extract
19039679,cantharidin
1337620,capecitabine
19026710,capreomycin
963780,caprolactone
792748,capromorelin
939881,capsaicin
915553,Capsicum extract
19055492,Capsicum oleoresin
43013539,captan
1340128,captopril
19025945,carazolol
940183,carbachol
740275,carbamazepine
958999,carbamide peroxide
45775534,carbamoylcholine
19136040,carbaryl
19024535,carbazochrome
1740546,carbenicillin
19040563,carbenoxolone
1140640,carbetapentane
740560,carbidopa
19040606,carbimazole
1141018,carbinoxamine
19070899,CARBO VEGETABILIS
19041843,carbocysteine
19055217,carbomer
42898720,carbomer 1342
42904292,carbon black
19046180,carbon dioxide
19047756,carbon monoxide
1344905,carboplatin
19049150,carboprost
949279,carboxymethylcellulose
19033243,carbromal
19033498,carbutamide
42903888,cardamom extract
42873638,carfilzomib
19102150,carglumic acid
749910,carisoprodol
43012407,carmoisine
1350066,carmustine
19050104,carnitine
43012198,carnosine
19026925,carpipramine
19046454,carprofen
43533045,carrot extract
43012575,carrot juice
42898574,carrot seed oil
950370,carteolol
1346823,carvedilol
43014045,caryophyllene
900093,casanthranol
900017,cascara sagrada
1718054,caspofungin
42898751,Castanea sative leaf extract
950933,castor oil
40161124,cat dander allergenic extract
19006991,cat's claw preparation
43012577,catechin
19015812,cathine
46275666,Caulerpa lentillifera extract
1398579,cayenne extract
42898763,cedar leaf oil
35602727,cedrol
1768849,cefaclor
36945987,Cefaclor monohydrate
1769535,cefadroxil
19070174,cefamandole
19070680,cefatrizine
1771162,cefazolin
1796458,cefdinir
1747005,cefditoren
1748975,cefepime
1796435,cefixime
19072255,cefmetazole
19028286,cefodizime
19072857,cefonicid
1773402,cefoperazone
1774470,cefotaxime
1774932,cefotetan
19051271,cefotiam
1775741,cefoxitin
19001904,cefpirome
1749008,cefpodoxime
1738366,cefprozil
40230597,ceftaroline
1776684,ceftazidime
1749083,ceftibuten
1777254,ceftizoxime
1777806,ceftriaxone
1778162,cefuroxime
1118084,celecoxib
42898712,celery seed extract
19049145,celiprolol
986515,cellulase
986517,cellulose
19086554,"Cellulose, Oxidized"
42898716,Centella asiatica extract
1786621,cephalexin
19052683,cephaloridine
19086759,cephalothin
19086790,cephapirin
1786842,cephradine
43531797,ceramide 2
35602808,ceric oxide
44818466,ceritinib
864529,Cerium nitrate
912263,certolizumab pegol
19016072,certoparin
42898577,Cervus elaphus horn oil
19049175,cesium chloride
42903430,cetearyl isononanoate
19031267,cetiedil
1149196,cetirizine
42900366,cetostearyl alcohol
19007748,cetrimide
1503983,cetrorelix
1315411,cetuximab
42903826,cetyl myristoleate
989301,cetylpyridinium
954819,cevimeline
1759139,chalcone
42898757,chamomile flower oil
19052620,chamomile flowers
1789521,charcoal
19052447,chenodeoxycholate
42904058,Chenopodium ambrosioides extract
40175609,chia seed oil
964280,chicory leaf extract
1380341,chitosan
42898602,chitosan oligosaccharide
1150886,chlophedianol
19127637,Chlopheniramine
19135825,chloral betaine
1390051,chlorambucil
990069,chloramphenicol
990413,chlorcyclizine
990678,chlordiazepoxide
1790812,chlorhexidine
19013759,chloride hexahydrate
19018192,chloride ion
42898711,chlorine
19026733,chlormadinone
19092283,chlormethiazole
19092290,chlormezanone
19092412,chlorobutanol
19037891,chlorocresol
43012199,chloroform
42898681,chlorogenic acid
992456,chlorophyll
19049402,chlorophyllin
942494,chlorophyllin copper complex
19049410,chloroprocaine
19049437,chloropyramine
1792515,chloroquine
992590,chlorothiazide
19092684,chlorotrianisene
949453,chloroxine
949459,chloroxylenol
43012229,chlorozotocin
19092712,chlorphenesin
1192710,chlorpheniramine
19049707,chlorphenoxamine
19122262,chlorproethazine
794852,chlorpromazine
1594973,chlorpropamide
19095002,chlorprothixene
19095028,chlorquinaldol
19095043,chlortetracycline
1395058,chlorthalidone
795113,chlorzoxazone
35201660,chocolate cacao bean allergenic extract
43532263,cholate
19095164,cholecalciferol
19058355,cholecystokinin
595252,Cholera Vaccine
19059097,cholesterol
19095309,cholestyramine resin
44506782,cholic acid
1195334,choline
43560137,choline fenofibrate
864729,Chondroitin
42903714,chondroitin 4-sulfate
37498240,chondroitin 6-sulfate
43525774,chondroitin sulfate (chicken)
1395573,chondroitin sulfates
43531805,Chondrus preparation
1563600,chorionic gonadotropin
19049877,chromic chloride
19061821,chromium
19103213,chromium citrate
19080550,chromium picolinate
19125750,chromium polynicotinate
19096766,"chromium, chelated"
19059658,chromocarb diethylamine
19063698,chromonar
1718741,chrysarobin
43012231,chrysin
19096683,chymopapain
19096710,chymotrypsin
902938,ciclesonide
19051444,cicletanine
950098,ciclopirox
19050211,cicloxilic acid
19004578,cider vinegar
1745072,cidofovir
19045581,cifenline
1797258,cilastatin
19050216,cilazapril
1350310,cilostazol
997276,cimetidine
1548111,cinacalcet
42898863,Cinchona bark extract
19045983,cinitapride
1150362,cinnamedrine
1359143,cinnamon bark
42898867,cinnamon oil
42900310,"cinnamon oil, bark"
42900311,"cinnamon oil, leaf"
19097481,cinnarizine
997496,cinoxacin
19050375,ciprofibrate
1797513,ciprofloxacin
932196,cisapride
19015726,cisatracurium
1397599,cisplatin
797617,citalopram
40223464,citicoline
19050441,citiolone
43012233,citral
19011034,citrate
950435,citric acid
43532274,citronellal
19097664,citrulline
19013754,citrus bioflavonoids
19121636,citrus pectin
19054825,cladribine
40170543,clam allergenic extract
1750500,clarithromycin
42898461,clary sage oil
1759842,clavulanate
19050761,clebopride
1197677,clemastine
19097824,clenbuterol
42898943,Clerodendranthus spicatus leaf extract
19089969,clevidipine
950792,clidinium
997881,clindamycin
1301299,clinoptilolite
980867,clioquinol
19050832,clobazam
998415,clobetasol
19005129,clobetasone
19050863,clobutinol
950882,clocortolone
19024249,clodronic acid
19054821,clofarabine
1798476,clofazimine
19018512,clofezone
1598658,clofibrate
19047240,clofoctol
1598819,clomiphene
798834,clomipramine
798874,clonazepam
1398937,clonidine
19099129,clonixin
19099181,clopamide
1322184,clopidogrel
43012635,clopidol
19050907,cloprednol
790253,clorazepate
40163587,clorsulon
19100363,clothiapine
19068821,clotiazepam
1000632,clotrimazole
42898462,clove leaf oil
19023184,clove oil
43013071,clove preparation
1800835,cloxacillin
19051096,cloxazolam
800878,clozapine
44818493,coagulation factor IX recombinant immunoglobulin G1 fusion protein
1000995,coal tar
42898944,cobalt
19055712,cobalt gluconate
45775557,cobaltous cation
19048026,cobamamide
42874220,cobicistat
1001419,cocaine
43531800,cochineal
865239,Cochineal
951112,cocoa butter
43525921,cocoa extract
43525844,coconut extract
42898952,coconut oil
36249186,coconut water
19101604,cod liver oil
1201620,codeine
42903827,coenzyme A
42898902,Coix lacryma-jobi seed extract
43012639,Coix lacryma-jobi seed oil
19070922,cola extract
42898905,cola nut extract
1360932,colchiceine
1101554,colchicine
19135840,Cold cream
1518148,colesevelam
21309252,Colestilan
1501617,colestipol
901845,colistin
19069049,collagen
19096783,collagen hemostat
19112632,"collagen, hydrolyzed"
980311,collagenase
40172153,collagenase Clostridium histolyticum
865431,Collodion
986261,colloidal oatmeal
19056300,compound benzoin tincture (USP)
1465729,concizumab
45775558,condoliase
42900231,coniferyl alcohol
19071780,Conium maculatum preparation
19010927,conivaptan
42904067,Convallaria majalis extract
19071128,copper
19012224,copper chloride
19004810,copper gluconate
19057346,copper sulfate
19122997,Coral Calcium
42903903,Corallina officinalis extract
19070923,Cordyceps sinensis preparation
42898949,coriander oil
21271882,Corifollitropin alfa
43527194,corn grain extract
40230159,corn starch
1541079,corticotropin
1507705,cortisone
19061907,cortivazol
19008009,cosyntropin
19008106,coumarin
42904275,cranberry juice
1315027,cranberry preparation
19050237,crataegus extract
19071967,creatine
19071968,creatinine
19008366,creosote
19087223,cresol
1465100,crinecerfont
40242675,crizotinib
37497669,crocin
43013047,crofelemer
19008867,cromoglycate
1152631,cromolyn
42898837,crospovidone
35201207,Crotalidae immune F(ab')2
19071744,Crotalidae Polyvalent immune Fab
969276,crotamiton
1734840,cucurbitacin B
1361068,cuminaldehyde
43532258,cupric cation
19073031,cupric chloride
43527178,cuprous chloride
19051035,cuprous oxide
19072030,curcumin
42903538,curdlan
19051234,cyamemazine
19135931,cyanocobalamin Co57
1309323,cyclandelate
909358,cyclizine
37002995,cycloastragenol
778711,cyclobenzaprine
43531835,cyclodextrins
19072083,cyclofenil
42900259,cyclomethicone
19080427,cyclopentamine
1537113,cyclopentanone
19010015,cyclopenthiazide
910232,cyclopentolate
1310317,cyclophosphamide
1710446,cycloserine
19010482,cyclosporine
19082886,cyclothiazide
19091110,Cynara preparation
42903976,Cynara scolymus leaf extract
1110727,cyproheptadine
19010792,cyproterone
43531836,cystamine
910888,cysteamine
19010955,cysteine
19011082,cystine
1311078,cytarabine
586491,cytomegalovirus immune globulin
43525871,cytosine
19080431,D-glucuronic acid
45775372,dabigatran
40228152,dabigatran etexilate
43532299,dabrafenib
1311409,dacarbazine
46221696,daclatasvir
19036892,daclizumab
1311443,dactinomycin
45774861,dalbavancin
40170680,dalfampridine
1789517,dalfopristin
43560324,dalotuzumab
1301065,dalteparin
35200416,damoctocog alfa pegol
19026343,danaparoid
1511449,danazol
42904231,danofloxacin
711714,dantrolene
44785829,dapagliflozin
19086622,dapiprazole
21253242,Dapoxetine
1301608,daprodustat
1711759,dapsone
1786617,daptomycin
1304643,darbepoetin alfa
916230,darifenacin
1756831,darunavir
1718616,darutoside
45892558,dasabuvir
1358436,dasatinib
36026813,dasiglucagon
1311799,daunorubicin
1592686,deacetylbisacodyl
1311826,deanol
19011951,debrisoquin
43532313,decan-4-olide
19086827,decanoic acid
19024728,decitabine
42900281,decyl glucoside
37353190,defactinib
1786055,deferasirox
19011091,deferiprone
1711947,deferoxamine
42898933,defibrotide
19086888,deflazacort
19058410,degarelix
43014051,dehydroacetate
19052817,dehydrocholate
19011985,dehydroemetine
19052686,dehydrosanol
1747157,delavirdine
37353882,delgocitinib
19004718,demecarium
1714527,demeclocycline
42903569,denatonium benzoate
19049759,denatured ethanol
19051642,denileukin diftitox
40222444,denosumab
19052896,deoxycholate
746087,deoxycytidine
19016063,dequalinium
19036391,deracoxib
1387219,deserpidine
19002770,desflurane
716968,desipramine
19011712,desirudin
19017074,deslanoside
1103006,desloratadine
42900318,deslorelin
1517070,desmopressin
1588000,desogestrel
917205,desonide
917336,desoximetasone
19017895,desoxycorticosterone
717607,desvenlafaxine
19088035,detomidine
1518254,dexamethasone
1188052,dexbrompheniramine
1188114,dexchlorpheniramine
19082894,dexetimide
719057,dexfenfluramine
19056874,dexketoprofen
19039926,dexlansoprazole
19061088,dexmedetomidine
731533,dexmethylphenidate
988294,dexpanthenol
1353011,dexrazoxane
1352890,dextran
19099359,dextran 110
19019122,dextran 40
1319156,dextran 70
19088340,dextranomer
719311,dextroamphetamine
1119510,dextromethorphan
19021940,dextromoramide
19097059,DEXTROSE SOLUTION
19022003,dextrothyroxine
19088393,dezocine
43531843,diacetyl benzoyl lathyrol
19022596,diatrizoate
45775324,diatrizoic acid
723013,diazepam
42900239,diazolidinylurea
1523280,diazoxide
19076714,dibasic potassium phosphate
19023508,dibekacin
19023846,dibenzepin
19089408,dibrompropamidine
923840,dibucaine
19045601,dibunate
1361444,dibutyltin
1189490,dichloralphenazone
19024246,dichloroacetate
19054875,dichlorobenzyl alcohol
924296,dichlorphenamide
43014039,diclazuril
1124300,diclofenac
43526405,dicloran
1724666,dicloxacillin
1734608,dictamnine
1325124,dicumarol
924724,dicyclomine
1724869,didanosine
40226492,didecyldimethylammonium chloride
1146045,didodecyldimethylammonium bromide
925102,dienestrol
19054876,dienogest
37003242,diethyl azelate
43533048,diethyl sulfate
19029278,diethylamine salicylate
19025698,diethylcarbamazine
43532333,diethyldithiocarbamate
43533066,diethylene glycol
42900243,diethylene glycol monoethyl ether
45774693,diethylene glycol monomethyl ether
725822,diethylpropion
1525866,diethylstilbestrol
19079469,diethyltoluamide
989567,difenoxin
960988,diflorasone
46287397,diflubenzuron
19026096,diflucortolone
1126128,diflunisal
19089579,difluprednate
19060903,Digitalis preparation
19026180,digitoxin
1326303,digoxin
19045317,digoxin antibodies Fab fragments
19089602,dihematoporphyrin ether
19055875,dihexyverine
19026448,dihydralazine
1511345,dihydrocapsaicin
1189596,dihydrocodeine
19026526,dihydroergocristine
19026564,dihydroergocryptine
1126557,dihydroergotamine
19026637,dihydroergotoxine
19027015,dihydrotachysterol
927194,dihydroxyacetone
19089733,dihydroxyaluminum aminoacetate
989727,dihydroxyaluminum sodium carbonate
43012260,diisopropanolamine
35604667,diisopropylamine dichloroacetate
19001305,diloxanide
1328165,diltiazem
928744,dimenhydrinate
1728903,dimercaprol
739710,dimercaptosuccinic acid
916662,dimethicone
19028947,dimethindene
19011098,dimethoxanate
43526424,dimethyl fumarate
37002698,dimethyl succinate
928980,dimethyl sulfoxide
45892930,dimetridazole
43012245,dimyristoylphosphatidylcholine
19029421,dinoprost
1329415,dinoprostone
42904201,dioctyl maleate
42903830,diosmetin
19029488,diosmin
1129625,diphenhydramine
19089992,diphenidol
930916,diphenoxylate
37002558,diphenyl ether
19090000,diphenylpyraline
19031041,diphtheria antitoxin
529303,"diphtheria toxoid vaccine, inactivated"
19090016,dipipanone
990009,dipivefrin
1331270,dipyridamole
43012208,dipyrithione
19031397,dipyrone
1790024,dirithromycin
43014062,disilver oxide
19080433,disofenin
1335606,disopyramide
19035856,distigmine
21253382,Distigmine bromide
735850,disulfiram
19091101,dobesilic acid
1337720,dobutamine
1315942,docetaxel
19016670,docosahexaenoate
980955,docosanol
941258,docusate
43012263,dodecyl sulfate
1362979,dofetilide
903459,dolasetron
19055901,dolomite
43560385,dolutegravir
789779,domestic cow dander extract
19091239,domiphen
19037833,domperidone
1734796,donanemab
715997,donepezil
37354276,donidalorsen
1337860,dopamine
19056154,dopexamine
19017646,doramectin
1713905,doripenem
1125443,dornase alfa
981709,dorzolamide
36249974,dotatate
19037989,dothiepin
19091486,doxacurium
738152,doxapram
1363053,doxazosin
738156,doxepin
1512446,doxercalciferol
1338512,doxorubicin
1738521,doxycycline
738818,doxylamine
19056571,dromostanolone
1037005,dronabinol
40163615,dronedarone
739323,droperidol
1512674,drospirenone
19056611,drotaverin
1731597,drotrecogin alfa
19056645,droxicam
44814542,droxidopa
45774435,dulaglutide
715259,duloxetine
19113001,durapatite
989482,dutasteride
992308,dyclonine
19040060,dydrogesterone
1140088,dyphylline
19092433,ebastine
40168938,ecallantide
1391199,Echinacea angustifolia extract
1389112,Echinacea preparation
1399063,Echinacea purpurea extract
1359148,Echinacea root extract
43560153,Ecklonia cava extract
940864,econazole
958368,ecothiopate
19080458,eculizumab
43013616,edetate calcium
1741008,edetic acid
866847,Edotreotide
45892847,edoxaban
740924,edrophonium
936429,efalizumab
1738135,efavirenz
747348,efbemalenograstim alfa
45775080,efinaconazole
741607,eflapegrastim
978236,eflornithine
19057394,efloxate
45776421,efmoroctocog alfa
42903925,egg extract
19013789,egg yolk phospholipids
35606341,egtazic acid
19087063,eicosapentaenoate
1189697,eletriptan
45775782,eliglustat
40230797,ellagic acid
43525837,elm extract
44814525,elosulfase alfa
19012346,eltrombopag
42874212,elvitegravir
903893,emedastine
19041852,emepronium
40170557,emodepside
45774751,empagliflozin
1703069,emtricitabine
42899025,emu oil
1341927,enalapril
1342001,enalaprilat
19051513,encainide
743196,enflurane
1717002,enfuvirtide
789965,English lavender oil
44507774,enilconazole
42609292,enmetazobactam
790012,enobosarm
1743222,enoxacin
1301025,enoxaparin
19063454,enoximone
40170592,enrofloxacin
1734730,ensifentrine
782211,entacapone
1711246,entecavir
42900250,enzalutamide
1143374,ephedrine
746034,epicatechin
43532347,epidermal growth factor
19058494,epigallocatechin gallate
943634,epinastine
1343916,epinephrine
1344354,epirubicin
1309799,eplerenone
1301125,epoetin alfa
19001311,epoetin beta
19058527,epomediol
1354118,epoprostenol
1759168,epoxiconazole
19095266,eprazinone
40224770,eprinomectin
1346686,eprosartan
1322199,eptifibatide
867167,Eptotermin alfa
44818471,Equisetum arvense whole extract
46234318,"equol, (+)"
40220840,"equol, (-)-"
19058933,erdosteine
19045045,ergocalciferol
745268,"ergoloid mesylates, USP"
1345205,ergonovine
19061051,ergot preparation
1145379,ergotamine
42903833,ergothioneine
40230712,eribulin
42899042,Eriobotrya japonica leaf extract
1325363,erlotinib
1717963,ertapenem
19055717,Erwinia asparaginase
1746940,erythromycin
19103082,erythrosine
1201070,esafoxolaner
19030957,Escherichia coli
19048012,escin
715939,escitalopram
42903834,esculin
44507780,eslicarbazepine
19063575,esmolol
904453,esomeprazole
748010,estazolam
1548195,estradiol
1349025,estramustine
19049038,estriol
1598493,estrogenic substances
19049228,estrogens
1549080,"estrogens, conjugated (USP)"
1551673,"estrogens, esterified (USP)"
1549254,estrone
1525278,estropipate
757352,eszopiclone
1151789,etanercept
19103483,ethacridine
987406,ethacrynate
1749301,ethambutol
19049350,ethamsylate
955372,ethanol
19059477,ethanolamine
19095285,ethanolamine oleate
19095288,ethaverine
749727,ethchlorvynol
19059506,ethenzamide
1549786,ethinyl estradiol
19050016,ethiodized oil
1750074,ethionamide
19050090,ethisterone
750119,ethosuximide
750146,ethotoin
42904209,ethybenztropine
42903839,ethyl butyrate
42900260,ethyl cellulose
950316,ethyl chloride
19059622,ethyl cysteine
43012272,ethyl ether
43526150,ethyl ferulate
43532289,ethyl lactate
19095467,ethyl loflazepate
42900262,ethyl palmitate
45775260,ethyl pyruvate
45775560,ethyl salicylate
46287456,ethyl sulfate
42903847,ethylene glycol
43014106,ethylene oxide
19104616,ethylenediamine
43014108,ethylenediaminetetraacetate
19050387,ethylestrenol
19050414,ethylmorphine
1595461,ethynodiol
19050484,etidocaine
1552929,etidronate
19059441,etifoxine
19050419,etilefrine
43527177,etilevodopa
1195492,etodolac
19095546,etofamide
19095561,etofenamate
19060156,etofibrate
19095564,etofylline
19050488,etomidate
1519936,etonogestrel
1350504,etoposide
19011355,etoricoxib
1758536,etravirine
19050554,etretinate
19050346,eucalyptol
45776125,Eucalyptus gum extract
1180412,Eucalyptus oil
19050560,eugenol
40162005,European honey bee venom protein
19050607,Evans blue
19045290,evening primrose oil
19011440,everolimus
37496611,evodiamine
1398399,exemestane
1583722,exenatide
1526475,ezetimibe
40239995,ezogabine
1351935,factor IX
44785020,factor VII
1352141,factor VIIa
1352213,factor VIII
19106100,factor XIII
1703603,famciclovir
953076,famotidine
43012246,farnesol
19135909,Fat emulsion
44816322,"fatty acids, omega-6"
36969314,Favipiravir
1305063,Fe heme polypeptide
19061109,febarbamate
19017742,febuxostat
795661,felbamate
19100761,felbinac
1353776,felodipine
19095703,fenbufen
19053866,fendiline
753860,fenfluramine
19095709,fenipentol
43013629,fennel extract
42899012,fennel oil
19011162,fennel seed preparation
1551803,fenofibrate
19095721,fenoldopam
1153928,fenoprofen
19053979,fenoterol
19061370,fenoverine
19095724,fenoxazoline
19095727,fenproporex
19107829,fenspiride
1154029,fentanyl
19095729,fenticonazole
19037415,fenugreek seed preparation
19135796,feprazone
19095744,ferric ammonium citrate
43560392,ferric carboxymaltose
19095761,ferric chloride
45776202,ferric citrate
43533015,ferric hydroxide
42900525,ferric oxide
46221255,ferric pyrophosphate
19095786,ferric subsulfate solution
19095802,ferric sulfate
1146605,ferrocyanide
42899524,ferrosoferric oxide
19054670,ferrous ascorbate
1391575,ferrous aspartate
1391470,ferrous asparto glycinate
40239116,ferrous bisglycinate
44506781,ferrous carbonate
19061731,ferrous chloride
19135939,Ferrous citrate Fe59
45776883,ferrous disulfide
1595799,ferrous fumarate
1396012,ferrous gluconate
19000753,ferrous glycine sulfate
43012276,ferrous oxide
19009557,ferrous phosphate
19096133,ferrous succinate
1396131,ferrous sulfate
43014099,ferulate
19015703,ferumoxides
19024772,ferumoxsil
40163731,ferumoxytol
19027958,fesoterodine
1153428,fexofenadine
911891,fiber
19054702,fibrinogen
19044986,fibrinogen concentrate (human)
19035100,fibrinolysis inhibitor
45775016,fibroblast growth factor-1
1734324,fidanacogene elaparvovec
40239985,fidaxomicin
867834,Filgotinib
1304850,filgrastim
45892722,finafloxacin
996416,finasteride
40226579,fingolimod
43560379,fipronil
746822,fisetin
19110701,fish oils
1465860,fitusiran
42903868,flavin-adenine dinucleotide
19078876,flavocoxid
44818494,flavone
954853,flavoxate
1315342,flaxseed extract
1354860,flecainide
19050750,fleroxacin
19054931,floctafenine
19063763,flopropione
1537118,floralozone
19054936,floxacillin
1355509,floxuridine
19096506,flubendazole
1754994,fluconazole
1755112,flucytosine
1395557,fludarabine
1555120,fludrocortisone
19123699,flufenamate
19110711,flufenamic acid
19113013,fluindione
19055153,flumazenil
19064329,flumequine
19055156,flumethasone
19059705,flumethiazide
19055183,flunarizine
1196514,flunisolide
19055224,flunitrazepam
996541,fluocinolone
955252,fluocinonide
19064432,fluocortin butyl ester
19055344,fluocortolone
42903626,fluorapatite
996625,fluorescein
19018663,fluoride ion
43012202,fluorodeoxyglucose F18
955583,fluorometholone
955632,fluorouracil
755695,fluoxetine
1555887,fluoxymesterone
19055982,flupenthixol
756018,fluphenazine
19064698,flupirtine
19056447,fluprednidene
19111234,fluprednisolone
45774640,fluralaner
956266,flurandrenolide
756349,flurazepam
1156378,flurbiprofen
19056465,fluspirilene
1356461,flutamide
1149380,fluticasone
19123624,flutrimazole
1549686,fluvastatin
751412,fluvoxamine
1387426,folate
19111620,folic acid
1588712,follicle stimulating hormone
1542948,follitropin alfa
1597235,follitropin beta
19022479,fomepizole
19033664,fominoben
19065032,fomocain
19113015,fonazine
1315865,fondaparinux
1756524,formaldehyde
19080440,formalin
43012211,formate
19020079,formestane
956630,formic acid
1196677,formoterol
747282,forsythiaside
1736829,fosamprenavir
1724700,foscarnet
19065450,fosfestrol
956653,fosfomycin
21197468,Fosfomycin calcium
1363749,fosinopril
713192,fosphenytoin
19044273,fospropofol
19056694,framycetin
42898999,frankincense extract
42898995,frankincense oil
1189458,frovatriptan
956691,fructose
779662,frunevetmab
747237,fruquintinib
42903880,fu ling
42904025,Fucus vesiculosus extract
1304044,fulvestrant
42903799,fulvic acid
19126510,fumarate
1756822,furazolidone
956874,furosemide
19097405,fusafungin
19010400,fusidate
1301964,fuzapladib
797399,gabapentin
19007652,gadobenate
19048493,gadobutrol
19103699,gadodiamide
42899255,gadolinium
45775566,gadopentetate
19097468,gadopentetate dimeglumine
43526404,gadoterate meglumine
21197499,Gadoteric acid
19097463,gadoteridol
19089496,gadoversetamide
19031583,gadoxetate
43532362,galactoarabinan
19112526,galactose
757627,galantamine
19057690,gallamine
42899259,gallium
19057715,gallopamil
19078649,galsulfase
40240027,gamithromycin
19070929,gamma linoleic acid
19123846,gamma-aminobutyrate
43012713,gamma-cyclodextrin
19086939,gamma-linolenate
19065867,gamma-oryzanol
780003,ganaxolone
1757803,ganciclovir
1536743,ganirelix
37353460,garadacimab
46234272,Garcinia mangostana fruit extract
42899264,Gardenia jasminoides fruit extract
702262,gardenoside
1317597,garlic powder
1401437,garlic preparation
19112537,gastric mucins
1789276,gatifloxacin
1319193,gefitinib
19058092,gelatin
1314924,gemcitabine
19011126,gemeprost
1558242,gemfibrozil
1716721,gemifloxacin
19098566,gemtuzumab
42799711,gemtuzumab ozogamicin
19097682,genistein
45892419,gentamicin
919345,Gentamicin Sulfate (USP)
959362,gentian violet
42899190,Gentiana lutea root extract
42608871,gepirone
1465823,gepotidacin
43525843,geranium extract
40221310,geranyl acetate
43012210,geranylgeranylacetone
19059405,germanium
42900499,germanium dioxide
19097684,gestodene
1307213,ginger extract
1314928,ginger root
1391889,Ginkgo biloba extract
19098505,Ginkgo biloba leaf extract
42904152,Ginko biloba leaf oil
19017671,ginseng preparation
19098644,ginseng root
19029574,ginsenoside
46221502,glabridin
751889,glatiramer
43014081,glaucine
1718238,gleptoferron
19001409,glibornuride
19059796,gliclazide
19056219,glicofosfopeptical
1597756,glimepiride
46276250,gliotoxin
1560171,glipizide
19097821,gliquidone
1560278,glucagon
19098123,glucametacin
42903551,glucamine
42709319,glucarpidase
19113022,gluceptate
19011061,glucomannan
19126511,gluconate
998392,gluconolactone
1360332,glucosamine
1560524,glucose
43532365,glucose oxidase
43560384,glucosyl hesperidin
44818463,glucuronolactone
911486,glutamate
19060985,glutamine
1761033,glutaral
794111,glutarate
19061083,glutathione
19066610,glutathione disulfide
19061124,glutethimide
1559684,glyburide
961145,glycerin
42899249,glyceryl laurate
43526717,glyceryl phosphate
1594234,glycidyl methacrylate
962398,glycine
19032816,glycine zinc chelate
43532356,glycogen
19068028,glycol salicylate
911638,glycolate
45775733,glycolide
45775571,glycopyrronium
43012247,glycylglycine
43013634,Glycyrrhiza glabra extract
44818475,Glycyrrhiza glabra whole extract
42904061,Glycyrrhiza uralensis extract
19068419,glycyrrhizic acid
42898316,"glycyrrhizin, ammoniated"
42904288,glycyrrhizinate
19113004,glyoxal
42899196,gold
19113023,gold keratinate
19048202,golden seal extract
19041065,golimumab
19089810,gonadorelin
1366310,goserelin
1315684,gotu kola extract
963742,gramicidin
1000772,granisetron
19065814,grape extract
19056805,grape seed
1392182,grape seed extract
42900528,grape seed oil
19070951,grape seed proanthocyanidins
19011124,grapefruit extract
43533099,grapefruit juice
42900529,grapefruit oil
19066602,grapefruit seed extract
1592815,grapiprant
19056739,greater celandine
43525847,greater galangal extract
19124972,green tea extract
1304239,green tea leaf extract
1747032,grepafloxacin
1763779,griseofulvin
43525904,guaiac
19063951,guaiacol
1189220,guaiacolsulfonate
1200939,guaiacolsulfonic acid
19068893,guaiazulene
19056037,guaietolin
1163944,guaifenesin
1366237,guanabenz
1400959,guanadrel
1366279,guanethidine
1344965,guanfacine
766337,guanidine
43525870,guanine
1000979,guar gum
43532422,guava extract
19070952,guggul lipids
19048700,Haemophilus B Conjugate Vaccine
530007,Haemophilus influenzae b (Ross strain) capsular polysaccharide meningococcal protein conjugate vaccine
19113026,Haemophilus influenzae type b
529118,"Haemophilus influenzae type b, capsular polysaccharide inactivated tetanus toxoid conjugate vaccine"
801396,halazepam
966468,halcinonide
19061374,halibut liver oil
949759,halobetasol
1766340,halofantrine
19068896,halometasone
766529,haloperidol
19101422,haloprogin
19066747,halothane
42899155,Hamamelis virginiana leaf extract
1559818,harpagoside
19070954,hawthorn berry
19070955,hawthorn berry extract
1324250,hawthorn preparation
1510364,hederagenin
43532381,Hekla lava
19054991,helicidine
42903959,Helicobacter pylori
19067073,helium
42904103,Helleborus extract
40182120,heme iron polypeptide
19101426,hemicellulase
19067303,hemin
1367571,heparin
19113045,heparinoids
529660,hepatitis A vaccine (inactivated) strain HM175
596876,"Hepatitis A Vaccine, Inactivated"
501343,hepatitis B immune globulin
528323,hepatitis B surface antigen vaccine
43532406,hepatitis B virus
19068433,heptaminol
40183759,heptanoic acid
19022417,heroin
42903748,hesperetin
19068688,hesperidin
19077117,hetastarch
1768734,hexachlorophene
789903,hexadecane
44785873,hexametaphosphate
792733,hexamethyldisilazane
19001599,hexamidine
19068839,hexetidine
19068964,hexobarbital
19113060,hexobendine
19068969,hexoprenaline
969004,hexylresorcinol
43532411,high-density polyethylene
42899123,Hippophae rhamnoides seed oil
1594733,hippurate
45775313,hirudin
19069019,histamine
19069149,histidine
1366773,histrelin
40161809,hog skin extract
1101703,homatropine
19069195,Homeopathic Remedies
514834,honey bee venom
19071840,honey preparation
1537440,honokiol
19003476,Horse antihuman thymocyte gamma globulin
1315140,horse chestnut preparation
19099049,horse chestnut seed
19090505,human calcitonin
46221662,human colostrum
42899124,human cord blood hematopoietic progenitor cell
45776001,human skin preparation
19122168,human vaccinia immune globulin
529216,human-bovine reassortant rotavirus strain P1A[8] vaccine
37498121,humulene
37498203,huperzine A
798336,Hyaluronan
787787,hyaluronate
19073699,hyaluronidase
19088713,"Hyaluronidase, Human"
1373928,hydralazine
974140,hydrochloric acid
974166,hydrochlorothiazide
1174888,hydrocodone
975125,hydrocortisone
1376289,hydroflumethiazide
19076389,hydrogen
43012724,hydrogen cyanide
1776430,hydrogen peroxide
43013072,hydrogen sulfite
42899126,hydrogenated coconut oil
42899093,hydrogenated vegetable oil
1126658,hydromorphone
19069075,hydroquinidine
37003458,hydroquinine
976778,hydroquinone
19002230,hydrotalcite
1377023,hydroxocobalamin
1777087,hydroxychloroquine
42903493,hydroxycitric acid
19077111,hydroxyestrones
19069076,hydroxyethyl cellulose
43012293,hydroxyethyl starch 130-0.4
36249762,hydroxypinacolone retinoate
869777,Hydroxyprogesterone
1718952,hydroxypropyl cellulose (type H)
40167156,hydroxypropyl chitosan
37003456,hydroxypropyl methacrylate
43012331,hydroxypropyl methylcellulose 2910
43012352,hydroxypropylbetadex (0.58-0.68 MS)
19002257,hydroxypropylcellulose
42903724,hydroxytyrosol
1377141,hydroxyurea
777221,hydroxyzine
19069080,hylan
705219,hylan G-F 20
19077421,hymecromone
923672,hyoscyamine
19013828,Hyoscyamus extract
42899137,Hyoscyamus niger extract
45775583,hypericin
42899139,Hypericum extract
42904117,Hypericum oil
42899140,Hypericum perforatum leaf extract
44784806,hypochlorite
779295,hypotaurine
902251,hypromellose
43012333,hypromellose 2208
43560557,hypromellose 2910 (10000 MPA.S)
19113756,Ibadronate
1512480,ibandronate
19113028,ibopamine
1537246,ibrexafungerp
19068830,ibritumomab tiuxetan
44507848,ibrutinib
1177480,ibuprofen
36952556,Ibuprofen sodium dihydrate
19050087,ibutilide
35604420,icariin
40242044,icatibant
977949,ichthammol
19011437,icodextrin
42874246,icosapent ethyl
19078097,idarubicin
19067036,idebenone
45776944,idelalisib
19078156,idoxuridine
19018746,idrocilamide
19091430,idursulfase
19069103,ifenprodil
19078187,ifosfamide
19097452,IGNATIA
43014176,ilomastat
19017241,iloperidone
1344992,iloprost
1304107,imatinib
779582,imepitoin
1734581,imetelstat
19122327,imidapril
1348407,imiglucerase
1778262,imipenem
778268,imipramine
981691,imiquimod
35895248,Imlifidase
43531966,immunoglobulin A
19117912,immunoglobulin G
869960,Immunoglobulin human
1718678,imperialine
19017805,inamrinone
40240664,indacaterol
978555,indapamide
42900470,indeloxazine
43532336,indigo
1711523,indinavir
43012200,indium
19069107,indobufen
19078612,indocyanine green
42900471,indole
779328,indole-3-carbinol
1178663,indomethacin
19078808,indoramin
937368,infliximab
42903441,influenza A virus
19121608,Influenza virus vaccine
40164866,"Influenza Virus Vaccine, Inactivated A-Brisbane-59-2007, IVR-148 (H1N1) strain"
42709320,ingenol mebutate
44784845,inosine
19083285,inosine pranobex
19079480,inosinic acid
1379525,inositol
19122121,Insulin
1567198,"insulin aspart, human"
1516976,insulin detemir
1502905,insulin glargine
1544838,"insulin glulisine, human"
1588986,"insulin human, rDNA origin"
46221581,insulin isophane
1550023,insulin lispro
42899447,"insulin, pork"
19090187,"insulin, protamine zinc, pork"
19013951,"insulin, regular, beef"
1590165,"insulin, regular, beef-pork"
1596977,"insulin, regular, human"
1586346,"insulin, regular, pork"
1379969,interferon alfa-2a
1380068,interferon alfa-2b
19044394,interferon alfa-n1
1385645,interferon alfa-n3
1781314,interferon alfacon-1
722424,interferon beta-1a
713196,interferon beta-1b
42903737,interferon gamma-1a
1380191,interferon gamma-1b
19113574,Interferon-alpha
19109079,interferon-beta
42900474,interleukin-11
42899448,interleukin-12
42899449,interleukin-3
43012761,interleukin-6
1380472,intrinsic factor
980478,inulin
19003107,invert sugar
19053540,iobitridol
19080542,iodamide
1103137,iodinated glycerol
1780601,iodine
19125582,iodine povacrylex
19003201,iodixanol
40172365,iodoform
19122138,iodophors
928006,iodoquinol
19067248,iodoxamid
19080985,iohexol
19081224,iopamidol
19081256,iopanoic acid
19003206,iopromide
701494,iota-carrageenan
19122158,iothalamate
45775579,iothalamic acid
19067271,iotrolan
19069131,ioversol
19081316,ioxaglate
19003249,ioxilan
1781321,ipecac
40238188,ipilimumab
1112921,ipratropium
19113032,iprazochrome
19067274,ipriflavone
19122259,iproniazid
1347384,irbesartan
42899520,iridium
1367268,irinotecan
1360067,iron
19055073,iron bile salts
1400498,iron carbonyl
19112898,iron fumarate
1377898,iron polysaccharide
19003345,iron sorbitex
1395773,iron sucrose
1381661,iron-dextran complex
42899525,Irvingia gabonensis seed extract
42899526,Isatis tinctoria root extract
19003412,iso-sulfan blue
43012277,isobutyl alcohol
46234101,isobutyramide
781705,isocarboxazid
19003491,isoconazole
1181809,isoetharine
19122349,Isoflavones
782043,isoflurane
19082306,isoleucine
1103518,isometheptene
1782521,isoniazid
43013090,isoprene
19058613,isopropamide
19028106,isopropyl alcohol
19003568,isopropyl myristate
915829,isopropyl unoprostone
1183554,isoproterenol
42903732,isopulegol
1537442,isorhynchophylline
1383815,isosorbide
1383925,isosorbide dinitrate
19091288,isospaglumic acid
19003593,isothipendyl
984232,isotretinoin
1384360,isoxsuprine
19132967,ispaghula extract
19137031,ispaghula husk
1326012,isradipine
1703653,itraconazole
46234437,ivabradine
42709323,ivacaftor
1784444,ivermectin
19025348,ixabepilone
19047598,"Japanese encephalitis virus vaccine, inactivated"
42900480,jasmine oil
1537120,jasmone
19123240,josamycin
42903987,Juglans regia leaf extract
42900482,juniper berry oil
19123246,Juniperus communis whole extract
42899506,Kaempferia galanga root extract
1784749,kanamycin
984801,kaolin
19084915,karaya gum
1398693,kava root
19069191,kebuzone
19069161,keracyanin
42900483,kerosene
785649,ketamine
19085688,ketanserin
19003946,ketazolam
985708,ketoconazole
1185922,ketoprofen
1136980,ketorolac
986117,ketotifen
19123346,khellin
925209,kinetin
19123342,kininogenase
42904259,kiwi fruit extract
42899432,Klebsiella pneumoniae
43532433,kojic acid
43533062,konjac mannan
19098765,Korean ginseng preparation
19099102,Korean ginseng root
19098769,Korean ginseng root extract
40168296,krill oil
19048046,L-methylfolate
871216,L-Ornithine-L-Aspartate
529114,"L1 protein, human papillomavirus type 18 vaccine"
45892478,"L1 protein, human papillomavirus type 58 vaccine"
529116,"L1 protein, human papillomavirus type 6 vaccine"
1386957,labetalol
42899437,Lachesis muta venom
19004539,lacidipine
19087394,lacosamide
950183,lactase
19011035,lactate
19098979,Lactated Ringer's Solution
45775207,Lacticaseibacillus casei
19071236,lactitol
35606075,lacto-N-neotetraose
987128,Lactobacillus
987153,Lactobacillus acidophilus
19056614,Lactobacillus bifidus
19000382,Lactobacillus delbrueckii subsp. bulgaricus
19060894,Lactobacillus Sporogenes
43532434,lactobionate
43531995,lactoferrin
19087208,lactose
987245,lactulose
43525775,Lagerstroemia indica extract
1704183,lamivudine
705103,lamotrigine
19003522,lanatoside C
1466064,landiolol
19087317,lanolin
42899439,lanolin oil
1503501,lanreotide
929887,lansoprazole
35603746,Lantana camara leaf extract
990028,lanthanum carbonate
1359548,lapatinib
1543229,laronidase
43012743,lasalocid
954688,latanoprost
42903913,latex
19059518,Latrodectus mactans antivenin
43012758,lauramine oxide
46221519,laurocapram
42899499,lavender extract
19071651,lavender oil
1735080,lazertinib
19123879,lead
42899501,lead iodide
1301377,lecanemab
19042345,lecithin
45775020,ledipasvir
1101898,leflunomide
42900496,lemon balm oil
42900497,lemon oil
19026972,lenalidomide
1302040,leniolisib
19009705,lenograstim
19090204,"lente insulin, beef"
1513849,"lente insulin, human"
1562586,"lente insulin, pork"
46221433,lenvatinib
19092139,lepirudin
44507686,leptin
19015802,lercanidipine
37354975,lerodalcibep
19071861,letosteine
1315946,letrozole
19088571,leucine
1388796,leucovorin
1351541,leuprolide
19112593,Levabuterol
1146216,levacetylleucine
1192218,levalbuterol
19124297,levallorphan
1389464,levamisole
711584,levetiracetam
932815,levobunolol
19098741,levobupivacaine
907553,levocabastine
1553610,levocarnitine
1136422,levocetirizine
789578,levodopa
1742253,levofloxacin
40168303,levoleucovorin
45775208,levomefolate
19056157,levomenthol
19056706,levomethadone
19092108,levomethadyl
43560354,levomilnacipran
19015395,levonordefrin
1589505,levonorgestrel
19124329,levopropoxyphene
1186385,levorotatory alkaloids of belladonna
1189766,levorphanol
40173184,levosimendan
1501700,levothyroxine
1353048,licorice
19080470,LICORICE EXTRACT
19055215,licorice root extract
19071862,lidamidine
989878,lidocaine
42609308,ligustrazine
46275074,Lilium longiflorum bulb extract
906902,Limosilactobacillus reuteri
42900505,linaclotide
40239216,linagliptin
35603472,linalyl acetate
1790692,lincomycin
916751,lindane
746648,linerixibat
1736887,linezolid
19011795,linoleate
19100751,"linoleic acids, conjugated"
19122135,linolenate
19090767,linseed oil
1505346,liothyronine
19069223,liotrix
990760,lipase
44506753,lipegfilgrastim
43531976,liquid petroleum
40170911,liraglutide
709567,lisdexamfetamine
1308216,lisinopril
19091472,lisuride
19124477,lithium
19113039,lithium acetate
19127669,lithium aspartate
42900524,lithium bromide
751246,lithium carbonate
45775340,lithium cation
42899307,lithium chloride
767410,lithium citrate
19113040,lithium gluconate
45775526,lithium hydroxide
19071904,lithium succinate
19071905,lithium sulfate
19091701,liver extract
44506754,lixisenatide
19091824,lobeline
43532448,locust bean gum extract
967496,lodoxamide
19091830,lofepramine
19007803,lofexidine
1707800,lomefloxacin
43013119,lomitapide
1391846,lomustine
19071933,lonazolac
43013134,long pepper extract
991876,loperamide
1738170,lopinavir
1708100,loracarbef
1107830,loratadine
791967,lorazepam
42873635,lorcaserin
19007977,lormetazepam
19049709,lornoxicam
1367500,losartan
992127,loteprednol
967562,loteprednol etabonate
963850,lotilaner
37003474,loureirin B
42899445,lovage oil
1592085,lovastatin
792263,loxapine
19071936,loxoprofen
987366,lubiprostone
42800204,lucinactant
40169014,lufenuron
44507693,luliconazole
19048037,lumefantrine
40230761,lurasidone
1310353,lutein
1398753,lutein esters
1589795,luteinizing hormone
44816340,lutetium
1543112,lutropin alfa
1308185,lycopene
42899362,Lycopus virginicus extract
19092353,lymecycline
19136207,"lymphocyte immune globulin, anti-thymocyte globulin"
19092358,lynestrenol
19092377,lysine
36249476,lysophosphatidic acid
43532424,lysozyme
43560189,m-phenylenediamine
1592536,macelignan
44507580,macitentan
45774607,madecassic acid
992716,mafenide
908360,magaldrate
19124906,magnesium
19013986,magnesium acetate
19060896,magnesium amino acid chelate
42899412,magnesium ascorbate
19019131,magnesium aspartate
908464,magnesium carbonate
43012385,magnesium carbonate hydroxide
43532017,magnesium cation
19092849,magnesium chloride
967861,magnesium citrate
19067971,magnesium gluconate
19056038,magnesium glutamate
19059006,magnesium glycinate
992956,magnesium hydroxide
19051926,magnesium lactate
19004283,magnesium malate
19016889,magnesium orotate
993631,magnesium oxide
19071991,magnesium phosphate
1168079,magnesium salicylate
19135839,Magnesium salt
42899326,magnesium silicate
19093848,magnesium sulfate
19091804,magnesium sulfate heptahydrate
908730,magnesium trisilicate
19058291,"magnesium, chelated"
42899333,Magnolia officinalis bark extract
1537443,magnolol
42900475,maitake extract
19126516,malate
993979,malathion
43532032,maleate
19008864,malic acid
43012279,maltodextrin
43012237,maltol
42899344,maltose
42899345,maltose syrup
746035,maltotetraose
1394027,manganese
45775346,manganese cation (2+)
19008893,manganese chloride
19071181,manganese citrate
19071993,manganese dioxide
19068261,manganese gluconate
35604817,manganese monoxide
42903608,manganese phosphate
19008897,manganese sulfate
44785236,Mangifera indica seed extract
43012238,mangiferin
1592310,mango bark extract
43532033,mango extract
35604107,mango leaf extract
741904,mangostin
19071995,manidipine
994058,mannitol
42904141,manuka oil
794147,maprotiline
1787101,maraviroc
792828,margaric acid
40167522,maropitant
1735606,marstacimab
988447,masoprocol
19071803,Matricaria recutita extract
1560045,matrine
1734480,mavorixafor
794229,mazindol
594249,Measles Vaccine
532272,"measles virus vaccine live, Enders' attenuated Edmonston strain"
590675,"MEASLES VIRUS VACCINE,LIVE ATTENUATED"
1794280,mebendazole
19008994,mebeverine
1394333,mecamylamine
1502877,mecasermin
1586449,mecasermin rinfabate
1394337,mechlorethamine
994341,meclizine
19009022,meclocycline
1180182,meclofenamate
19125097,meclofenamic acid
19052682,meclofenoxate
19009025,mecobalamin
19071999,mecysteine
19125106,medazepam
19072021,medifoxamine
19094483,medigoxin
42899398,medium chain triglycerides
19000207,medrogestone
43014123,medronate
1500211,medroxyprogesterone
909021,medrysone
1197736,mefenamate
19000498,mefloquine
19000556,mefruside
1300978,megestrol
19125279,meglumine
19082764,meglumine antimoniate
19009054,meglumine ioxithalamate
46221518,melamine
1301152,melatonin
43525849,Melilotus extract
42899425,Melissa officinalis extract
42899427,Melissa officinalis leaf oil
19110751,melitracen
1150345,meloxicam
1301267,melphalan
701322,memantine
19009057,menadiol
19072027,menatetrenone
37003416,menhaden oil
19010296,Meningitis vaccine
45775636,meningococcal group B vaccine
19125388,Menotropins
42899378,Mentha arvensis leaf oil
901656,menthol
904704,mepenzolate
1102527,meperidine
19002662,mephenesin
19002664,mephentermine
702661,mephenytoin
702685,mephobarbital
19072028,mepindolol
19102106,mepirodipine
702774,mepivacaine
19009116,meprednisone
702865,meprobamate
19003010,meptazinol
920113,mequinol
19009145,mequitazine
1703026,merbromin
1436650,mercaptopurine
42900485,mercuric cyanide
42900486,mercuric sulfate
19125390,mercury
1709170,meropenem
19003070,mersalyl
968426,mesalamine
1354698,mesna
703083,mesoridazine
19003140,mesterolone
1503184,mestranol
1123995,metaproterenol
19003303,metaraminol
1592179,metavanadate
780369,metaxalone
19004626,metergoline
1503297,metformin
19024227,methacholine
19003644,methacycline
1103640,methadone
19003959,methadyl acetate
704053,methamphetamine
19072054,methampicillin
19004095,methandriol
19004098,methandrostenolone
42899323,methanol
19004153,methantheline
19004158,methapyrilene
19004160,methaqualone
19004254,metharbital
904250,methazolamide
19009250,methdilazine
904356,methenamine
19004621,methenolone
1504620,methimazole
19004724,methionine
704943,methocarbamol
19005015,methohexital
19055531,methoserpidine
1305058,methotrexate
19005147,methotrimeprazine
19005208,methoxamine
905223,methoxsalen
19015768,methoxy polyethylene glycol-epoetin beta
19005257,methoxyflurane
19009365,methoxyphenamine
1158632,methscopolamine
759401,methsuximide
905273,methyclothiazide
19025194,methyl 5-aminolevulinate
19072059,methyl anthranilate
42903805,methyl benzoate
43013106,methyl cinnamate
43526849,methyl glucose dioleate
44785451,methyl palmitate
909440,methyl salicylate
19009686,methylbenzethonium
905371,methylcellulose
1305447,methyldopa
1305496,methyldopate
905518,methylene blue
42900466,methylene chloride
1305637,methylergonovine
43013716,methyleugenol
19112915,methylfolic acid
19009847,methylmethacrylate
909841,methylnaltrexone
19009874,methylnicotinate
19009877,methylparaben
705944,methylphenidate
1506270,methylprednisolone
1389780,methylsulfonylmethane
1506602,methyltestosterone
1106740,methysergide
905531,metipranolol
906780,metoclopramide
907013,metolazone
42900469,metomidate
19072087,metopimazine
1307046,metoprolol
44814585,metreleptin
1707164,metronidazole
19007490,metyrapone
1401581,metyrosine
1307542,mexiletine
19007701,mezlocillin
19007737,mianserin
1345141,mibefradil
19018013,micafungin
907879,miconazole
40224234,microcrystalline cellulose
19072089,micronomicin
708298,midazolam
19072122,midecamycin
1308368,midodrine
1508439,mifepristone
1510202,miglitol
19045272,miglustat
19005452,milbemycin oxime
1304277,milk thistle extract
19066567,milk thistle fruit
46276161,milk thistle leaf extract
1304376,milk thistle seed
19066433,milk thistle seed extract
19080226,milnacipran
1368671,milrinone
44816310,miltefosine
19072123,minaprine
44816319,minaxolone
908523,mineral oil
978577,"mineral oil, light"
1708880,minocycline
1309068,minoxidil
19009138,miocamycin
43014182,mipomersen
42873636,mirabegron
725131,mirtazapine
1150871,misoprostol
19056380,mite extract
19125635,mitobronitol
1389036,mitomycin
1309161,mitotane
1309188,mitoxantrone
19010459,mivacurium
19097029,Mixed vespid venom
19086100,mizolastine
19010652,moclobemide
710650,modafinil
1310756,moexipril
19072129,mofebutazone
19011062,mofezolac
42899646,molasses
590768,mold extract
19009676,molgramostim
1201260,molidustat
709699,molindone
19009819,molsidomine
19009896,molybdenum
746600,momelotinib
905233,mometasone
44507650,Monascus purpureus
19100347,Monascus purpureus West
43013731,monensin
929983,monobenzone
19113055,monoethyl fumarate
19068715,monofluorophosphate
43012280,monophosphoryl lipid A
1154161,montelukast
43532056,montmorrillonite
1344996,moricizine
1345632,Morinda citrifolia extract
42899387,Morinda citrifolia fruit juice
42899656,Moringa oleifera leaf extract
19072152,morniflumate
19010924,moroxydine
1110410,morphine
45776146,morrhuate
43525780,Morus alba extract
42899669,Morus alba leaf extract
42899670,Morus alba root bark extract
42899674,Morus nigra fruit extract
19011339,mosapride
19126622,moxalactam
19113058,moxaverine
40231415,moxidectin
1716903,moxifloxacin
19007422,moxisylyte
19011021,moxonidine
19011028,mucopolysaccharide polysulfate
19135832,Multivitamin preparation
523620,Mumps Vaccine
951511,mupirocin
19126896,muramidase
19051865,muromonab-CD3
793263,muscadine grape extract
46221730,muscone
43012161,mustard oil
40161997,mustard pollen extract
19068900,mycophenolate
19003999,mycophenolate mofetil
19012565,mycophenolic acid
1511354,myrcene
43014117,myricetin
42903687,myristate
43012240,myristyl alcohol
42900430,myrrh oil
42900431,myrtle leaf oil
19018433,myrtol
42899695,Myrtus communis leaf extract
42903541,"N,N-dimethylglycine"
36249811,N-acetylcarnosine
43532052,"N-cyclohexyl-N'-phenyl-1,4-phenylenediamine"
42903762,n-dodecane
43013739,N-hydroxysuccinimide
37498156,N-monoacetylcystine
913440,nabilone
1113648,nabumetone
19126937,NADH
1313200,nadolol
19001014,nadroparin
1507558,nafarelin
1713930,nafcillin
19014035,nafronyl
19080493,naftazone
914053,naftifine
1114122,nalbuphine
986864,nalidixate
19014158,nalmefene
1114220,naloxone
1714319,naltrexone
1514412,nandrolone
914533,naphazoline
1594753,naphtha
42899647,naphthalene
35605296,naphthoquine
1115008,naproxen
1118117,naratriptan
43014124,naringenin
19080895,naringin
735843,natalizumab
915392,natamycin
1502826,nateglinide
40166616,nattokinase
1314577,nebivolol
1114620,nedocromil
42609137,nedosiran
714684,nefazodone
19015602,nefopam
528301,Neisseria meningitidis serogroup Y capsular polysaccharide diphtheria toxoid protein conjugate vaccine
40173209,Neisseria meningitidis serogroup Y oligosaccharide diphtheria CRM197 protein conjugate vaccine
19002912,nelarabine
1715472,nelfinavir
42899663,Nelumbo nucifera leaf extract
1735144,nemolizumab
42900437,neodymium oxide
42903530,neohesperidin dihydrochalcone
915981,neomycin
717136,neostigmine
909795,nepafenac
42899681,Nerium oleander leaf extract
37498626,nerol
1145882,nerolidol
43012825,nerve growth factor
1338985,nesiritide
19017585,netilmicin
45774966,netupitant
43012394,neurotrophin 3
43532469,neurotrophin 4
1769389,nevirapine
1517824,niacin
19018419,niacinamide
19127550,nialamide
19082402,niaprazine
1318137,nicardipine
19018352,nicergoline
42900439,nickel
19082458,nickel sulfate
19018416,niclosamide
19090809,nicoboxil
19014977,nicorandil
718583,nicotine
42874050,nicotine bitartrate
1318853,nifedipine
19019023,niflumic acid
19019029,nifuratel
19015144,nifuroxazide
42900440,nifurpipone
19127551,nifurtimox
19019088,nikethamide
1394023,nilotinib
19127678,Nilotinib Hydrochloride
1315286,nilutamide
19113063,nilvadipine
19069425,nimesulide
1319133,nimodipine
19019176,nimorazole
45775396,nintedanib
1466198,nipocalimab
747349,nirogacestat
1319880,nisoldipine
1715315,nitazoxanide
40168316,nitenpyram
1586640,nitisinone
19020021,nitrazepam
19020061,nitrendipine
42899650,nitric acid
19020068,nitric oxide
43532063,nitrocellulose
920293,nitrofurantoin
920378,nitrofurazone
19020477,nitrogen
1361711,nitroglycerin
19020994,nitroprusside
19021129,nitrous oxide
19015464,nitroxoline
45892628,nivolumab
950696,nizatidine
19015533,nomegestrol
792647,nonathymulin
19082732,Nonoxynol
969444,nonoxynol-9
45775001,nonylphenol
19080959,nordazepam
1518198,norelgestromin
1321341,norepinephrine
19128219,norethandrolone
1521369,norethindrone
19015756,norfenefrine
1721543,norfloxacin
42900442,norflurane
1515774,norgestimate
1521592,norgestrel
19128258,norgestrienone
19011130,Normal saline
721724,nortriptyline
19021930,noscapine
42899614,Notopterygium incisum root extract
19022015,novobiocin
746844,nuciferine
42899620,nutmeg oil
19014026,nux vomica extract
19022494,nylidrin
922570,nystatin
19022885,o-phthalaldehyde
1560121,o-toluenesulfonamide
19097042,oat bran
19071838,oats preparation
44507676,obinutuzumab
35605949,Ocimum tenuiflorum whole extract
44785507,oclacitinib
42904298,ocriplasmin
915391,octinoxate
42899645,octopamine
970277,octoxynol-9
1522957,octreotide
19016099,octylonium
40167582,ofatumumab
923081,ofloxacin
42899536,oil of garlic
42899537,oil of ginger
42899538,oil of niaouli
43013756,okra extract
1466108,olaflur
785788,olanzapine
45892579,olaparib
42899542,Olea europaea leaf extract
19023254,oleandomycin
19126536,oleate
1146264,oleuropein
43014153,oleylamide
19054693,olive leaf extract
42900448,olive oil
43014154,olivine
40226742,olmesartan
45775116,olodaterol
915855,olopatadine
916282,olsalazine
45775576,omacetaxine
19069046,omacetaxine mepesuccinate
1110942,omalizumab
45892552,ombitasvir
1560305,omega-3 acid ethyl esters (USP)
46233915,omega-3 carboxylic acids
19106973,omega-3 fatty acids
923645,omeprazole
741656,omidenepag
19016974,omoconazole
1000560,ondansetron
43013763,onion extract
42899564,Ononis campestris root extract
19010943,Opiates
19129635,opipramol
923829,opium
1318030,oprelvekin
43532074,Opuntia ficus-indica extract
35200319,Opuntia ficus-indica seed oil
42904272,orange juice
42900451,orange oil
43013770,orange peel extract
40174405,orange pekoe tea allergenic extract
42903808,oregano leaf oil
19126395,oregano oil
19082874,orgotein
42900454,origanum oil
45776147,oritavancin
741530,orlistat
19024197,ornidazole
19024365,ornithine
19013958,"ornithine, (L)-isomer"
19129638,orotic acid
724394,orphenadrine
1799139,oseltamivir
45775353,oseltamivir carboxylate
571187,OspA protein
43525773,ospemifene
45776162,osthol
40692698,Oteracil
873222,Oteracil potassium
779819,oteseconazole
42903893,ovalbumin
19059511,Ox bile extract
1724703,oxacillin
44507733,oxalate
1318011,oxaliplatin
46276138,oxaloacetate
19024775,oxamniquine
1524769,oxandrolone
1592346,oxantel
1118045,oxaprozin
19071314,oxatomide
724816,oxazepam
718122,oxcarbazepine
19018164,oxeladin
19001308,oxerutins
19082880,oxetorone
918222,oxiconazole
19018261,oxilofrine
19082891,oxiracetam
19018882,oxitropium
19018885,oxolamine
19129642,oxolinic acid
1592615,oxothiazolidinecarboxylic acid
19024904,oxprenolol
19049816,oxtriphylline
918881,oxybenzone
918906,oxybutynin
1719061,oxychlorosene
1124957,oxycodone
19129643,oxyfedrine
19025274,oxygen
925636,oxymetazoline
1525741,oxymetholone
1125765,oxymorphone
1537444,oxypaeoniflora
19025922,oxypertine
19025925,oxyphenbutazone
19025928,oxyphenonium
906874,oxyquinoline
925952,oxytetracycline
1326115,oxytocin
793789,p-anisaldehyde
19026274,p-hydroxyamphetamine
1378382,paclitaxel
779180,pacritinib
19082898,padimate-O
42899587,Paeonia lactiflora root extract
45892075,palbociclib
19038562,palifermin
703244,paliperidone
537647,palivizumab
42903850,palmatine
43014178,palmitate
739712,palmitoleate
911354,palonosetron
746488,palovarotene
37354278,paltusotine
1172206,pamabrom
1511646,pamidronate
43012860,Panax notoginseng root extract
42609309,panaxynol
19056189,pancreas extract
926487,pancreatin
990340,pancrelipase
19026674,pancuronium
19100985,panitumumab
46221435,panobinostat
19019317,pantethine
40231459,panthenol
948078,pantoprazole
19088079,pantothenate
19026739,pantothenic acid
926770,papain
19129648,papaveretum
1326901,papaverine
793242,papaya extract
37003334,para-cresol
19020071,parachlorophenol
19129738,paraffin
19027181,paraldehyde
19021932,paramethadione
19027186,paramethasone
43532113,parathyroid hormone
19003570,parecoxib
922024,paregoric
1517740,paricalcitol
19008276,parnaparin
1727443,paromomycin
722031,paroxetine
44507735,parsley oil
43012417,pasireotide
19065820,Passiflora incarnata extract
1306905,passion flower extract
19027075,pau d'arco preparation
40167554,pazopanib
19033278,peanut oil
922191,pectin
19027679,pefloxacin
581480,pegademase bovine
19063605,pegaptanib
1326481,pegaspargase
1325608,pegfilgrastim
42709327,peginesatide
1714165,peginterferon alfa-2a
1797155,peginterferon alfa-2b
45775146,peginterferon beta-1a
40226208,pegloticase
1503432,pegvisomant
42899638,Pelargonium sidoides root extract
45775965,pembrolizumab
1304919,pemetrexed
938362,pemirolast
727835,pemoline
1327978,penbutolol
981654,penciclovir
1759171,penconazole
19028044,penfluridol
19028050,penicillamine
19126544,Penicillin
1728416,penicillin G
1729720,penicillin V
792829,pentadecanoic acid
19022446,pentaerythritol
45775000,pentafluoropropane
19030376,pentagastrin
1730370,pentamidine
40161354,pentastarch
1130585,pentazocine
19022570,pentifylline
730729,pentobarbital
924151,pentosan polysulfate
19031224,pentostatin
1331247,pentoxifylline
37499427,peoniflorin
19086712,peppermint oil
19031378,pepsin A
746388,peptide-T
40167569,peramivir
42904177,perampanel
19131663,perazine
19071160,perflutren
732309,pergolide
19032359,perhexiline
19053565,periciazine
42899601,Perilla frutescens leaf extract
42899556,Perilla frutescens leaf oil
43532477,perillaldehyde
1373225,perindopril
45775544,perindoprilat
1718498,perlite
922868,permethrin
733008,perphenazine
42903975,persimmon extract
19033193,pertussis vaccine
42801287,pertuzumab
922976,Peruvian balsam
19033354,petrolatum
19060797,petroleum distillate
42904128,Petroselinum crispum extract
742010,phellodendrine
19023286,phenacemide
19033710,phenacetin
19132884,phenazocine
933724,phenazopyridine
723344,phendimetrazine
733896,phenelzine
19088795,phenethicillin
42899635,phenethylamine
19033909,phenformin
1123534,phenindamine
19033934,phenindione
933952,pheniramine
19034281,phenmetrazine
734275,phenobarbital
923540,phenol
44816326,phenolate
924309,phenolphthalein
19132889,phenoperidine
1335301,phenoxybenzamine
19058343,phenoxyethanol
19035344,phenprocoumon
19023842,phensuximide
735340,phentermine
1335539,phentolamine
937712,phenyl salicylate
1735414,phenyl-n-tert-butylnitrone
1511856,phenylacetate
19035577,phenylalanine
1135710,phenylbutazone
1539954,phenylbutyrate
1135766,phenylephrine
42903657,phenylethyl resorcinol
19132892,phenylhydrazine
43014129,phenylisothiocyanate
19058371,phenylmercuric nitrate
1139993,phenylpropanolamine
1123904,phenyltoloxamine
740910,phenytoin
43013779,phloretin
43012201,phlorhizin
19041222,phloroglucinol
19024213,pholcodine
19090831,pholedrine
19112944,phosphate ion
19059741,phosphatidylserine
19042852,phospholipids
943030,phosphoric acid
19043395,phosphorus
873924,Phosphorylcolamine
19024873,phthalylsulfathiazole
42899876,Phyllanthus emblica fruit extract
19044337,physostigmine
19133366,phytic acid
1510528,phytol
43012304,phytosphingosine
19044812,phytosterols
19092958,picolinic acid
19102785,pidotimod
964038,pigment blue 16
19133329,piketoprofen
945286,pilocarpine
42900457,pimagedine
915935,pimecrolimus
19093165,pimethixene
40239290,pimobendan
745790,pimozide
19093166,pinacidil
19025198,pinaverium
1345858,pindolol
1398516,pine bark extract
44814613,pineapple extract
1525215,pioglitazone
19093225,pipamperone
19025281,pipecuronium
19010564,pipemidate
19025284,pipenzolate
19046036,piperacetazine
1746114,piperacillin
19046291,piperazine
19080375,piperidolate
42900463,piperine
19093362,piperocaine
19025422,piperonal
946340,piperonyl butoxide
19046625,pipobroman
19133992,pipothiazine
19093364,pipoxolan
19093365,piprozoline
19046654,piracetam
19093366,pirarubicin
1125449,pirbuterol
19089269,pirenoxine
19046724,pirenzepine
19025498,piretanide
45775206,pirfenidone
19134000,piribedil
19134009,pirinitramide
19025614,piroctone olamine
1146810,piroxicam
40165636,pitavastatin
19047071,pivampicillin
21234711,Pixantrone
19047076,pizotyline
19047135,placebo
1398573,plant stanol ester
19132965,Plantago seed
19025693,plasma protein fraction
954696,plasmin
1537072,plasminogen
42900468,platinum
42899925,Platycodon grandiflorum root extract
19017581,plerixafor
586413,pneumococcal polysaccharides (23)
19008972,Pneumococcal vaccine
19070957,"PNEUMOCOCCAL VACCINE, DIPHTHERIA CONJUGATE"
947705,podofilox
947651,podophyllin
1361281,polaprezinc
1508241,policosanol
19075109,policresulen
40175900,polidocanol
43525903,polihexanide
523367,"poliovirus vaccine inactivated, type 3 (Saukett)"
551977,"Poliovirus Vaccine, Inactivated"
19024665,poloxamer
43014233,poloxamer 184
19024636,poloxamer 188
46233907,poloxamer 234
43012917,poloxamer 338
19024663,poloxamer 407
42900416,poly(vinylpyrrolidone-co-vinyl-acetate)
43013178,polydatin
19094980,polyestradiol
43013775,polyethylene glycol 1000
43012918,polyethylene glycol 1450
43013761,polyethylene glycol 200
948487,polyethylene glycol 300
986417,polyethylene glycol 3350
948490,polyethylene glycol 400
42899937,polyethylene glycol 4000
42904233,polyethylene glycol 4500
42899571,polyethylene glycol 600
42903862,polyethylene glycol 6000
46221746,polyethylene glycol 9000
948515,polyethylene glycols
19135778,polyethylenes
19048561,polygeline
42900418,polylactic acid-polyglycolic acid copolymer
948582,polymyxin B
19026609,polynoxylin
1378796,Polypodium leucotomos
1300751,polysaccharide iron complex
40220969,polysaccharide-K
19135781,Polysaccharides
40173337,polysorbate 20
43014236,polysorbate 60
43532084,polysorbate 65
948760,polysorbate 80
43013769,polysorbate 85
45775570,polystyrene sulfonate
40234351,polysulfated glycosaminoglycan
948787,polythiazide
561429,Polyvalent pneumococcal vaccine
948856,polyvinyl alcohol
43014237,pomalidomide
1315003,pomegranate extract
42709326,pomegranate fruit extract
42904274,pomegranate juice
42899579,pomegranate seed oil
1759195,pomiferin
43013182,ponatinib
40171105,ponazuril
19091377,poractant alfa
42899869,pork collagen preparation
43532145,Porphyra yezoensis extract
1704139,posaconazole
43014256,potash
19049024,potassium
19076414,potassium acetate
19011904,potassium aminobenzoate
45775210,potassium ascorbate
19049059,potassium aspartate
19027080,potassium bicarbonate
19086788,potassium bitartrate
19095079,potassium bromide
19095091,potassium carbonate
19122131,potassium chlorate
19049105,potassium chloride
976545,potassium citrate
19135786,potassium dichromate
19059547,potassium gluconate
19027308,potassium hydroxide
19095275,potassium iodate
19049909,potassium iodide
42903961,potassium ion
19014213,potassium lactate
43012242,potassium metabisulfite
927322,potassium nitrate
19050040,potassium orotate
45892826,potassium oxide
19027339,potassium perchlorate
19135788,potassium permanganate
19027362,potassium phosphate
42899580,potassium sodium tartrate
19135789,potassium sorbate
19027475,potassium sulfate
19056704,potassium sulfide
19076785,potassium tartrate
19098530,"potassium,chelated"
43532478,potato starch
950056,povidone
1750087,povidone-iodine
746477,pozelimab
19135791,practolol
19135792,prajmaline
40166461,pralatrexate
1727468,pralidoxime
44814381,pralmorelin
720810,pramipexole
19036942,pramiverine
1517998,pramlintide
927478,pramoxine
1312007,prasterone
40163718,prasugrel
1551860,pravastatin
19050461,prazepam
1750461,praziquantel
1350489,prazosin
19018405,prednazoline
928110,prednicarbate
19135793,prednimustine
1550557,prednisolone
1551099,prednisone
19011127,prednylidene
734354,pregabalin
40236567,"pregna-4,17-diene-3,16-dione"
19011031,pregnenolone
19051285,prenylamine
19028148,prenylamine lactate
19028945,pridinol
951279,prilocaine
1751310,primaquine
751347,primidone
739886,primycin
19125201,pristinamycin
1151422,probenecid
19051463,probucol
1351461,procainamide
751698,procaine
1351779,procarbazine
19028950,procaterol
752061,prochlorperazine
1301839,procyanidin A2
19091624,procyanidolic oligomer
752276,procyclidine
19050123,profenamine
19052317,proflavine
19095776,progabide
1552310,progesterone
19029327,proglumetacin
19052734,proglumide
1792429,proguanil
43532150,prolactin
19052736,proline
19029018,prolintane
19052903,promazine
19052987,promegestone
19029079,promestriene
1153013,promethazine
1353256,propafenone
19029108,propamidine
43012220,propane
19135802,propanidid
953391,propantheline
929504,proparacaine
19096031,propentofylline
19096054,propicillin
19129400,propinox
42899913,propiolactone
19053610,propiomazine
43013169,propionamide
19011097,propionate
19029135,propionic acid
19077093,propiverine
753626,propofol
19135804,propolis
42899585,propolis wax
1153664,propoxyphene
1353766,propranolol
42903736,propylene
929128,propylene glycol
43013170,propylene glycol methyl ether
954036,propylhexedrine
1554072,propylthiouracil
19029322,propyphenazone
747079,proquazone
19135808,proscillaridin
19054242,protamine sulfate (USP)
931973,protease
42801108,protein C
44785045,protein S
19054248,Proteins
19135812,prothionamide
19115044,prothipendyl
44507865,prothrombin
43012193,protocatechualdehyde
754270,protriptyline
19114603,providone-Iodine
19018290,proxigermanium
19029547,proxyphylline
19094011,prune preparation
964165,Prunella vulgaris extract
42899953,Prunus armeniaca seed extract
1154332,pseudoephedrine
957797,psyllium
37002720,pulegone
43532461,pullulan
43012368,pummelo extract
19011163,pumpkin seed extract
19112533,pumpkin seed oil
19058274,purified protein derivative of tuberculin
43532462,purslane extract
1759270,pyrantel
1759455,pyrazinamide
959665,pyrethrins
42709314,pyrethrum extract
19059744,pyridinolcarbamate
759740,pyridostigmine
19059817,pyridoxal
19005046,pyridoxine
1159811,pyrilamine
1760039,pyrimethamine
931035,pyrithione
19060358,pyrithioxin
19018255,pyroglutamate
1201053,pyrophyllite
43526339,pyruvaldehyde
19126916,pyruvate
42543805,QS-21
731188,quazepam
19060393,quercetin
766814,quetiapine
19060400,quinacrine
19024140,quinagolide
1331235,quinapril
45775375,quinaprilat
43532158,quinate
43014230,quince extract
19060423,quinestrol
19031360,quinfamide
1360421,quinidine
1760616,quinine
19098514,quinupramine
1789515,quinupristin
40167658,rabbit skin extract
911735,rabeprazole
19052552,Rabies antigen
19135830,"rabies immune globulin, human"
544411,rabies virus vaccine flury-lep strain
544505,"rabies virus vaccine wistar strain PM-1503-3M (human), inactivated"
19018403,racecadotril
19060837,racemethionine
1300153,racepinephrine
42900420,ractopamine
45775578,radium
35201545,rainbow trout allergenic extract
1513103,raloxifene
1712889,raltegravir
19038536,raltitrexed
781182,ramelteon
1334456,ramipril
45775527,ramiprilat
44818489,ramucirumab
19080982,ranibizumab
961047,ranitidine
1337107,ranolazine
19100368,rapacuronium
715710,rasagiline
1304565,rasburicase
19135932,Rauwolfia alkaloids
1326378,Rauwolfia preparation
43013193,raxibacumab
19135936,razoxane
19084693,reboxetine
19113002,Recombinant Interferon
42903635,red pepper extract
1389885,red yeast rice
19090761,regadenoson
36943507,Regdanvimab
42903460,regorafenib
42899772,Rehmannia glutinosa root extract
42903546,reishi mushroom preparation
37354280,remibrutinib
19016749,remifentanil
19035226,remoxipride
1516766,repaglinide
19035396,reproterol
1362225,reserpine
42609424,resmetirom
935390,resorcinol
19013765,respiratory syncytial virus immune globulin intravenous
40225716,resveratrol
991003,retapamulin
19024191,reteplase
43013154,retinamide
19129274,reviparin
1201411,rezafungin
535714,Rho(D) immune globulin
19070958,Rhus toxicodendron extract
1537446,rhynchophylline
1762711,ribavirin
19062817,riboflavin
42903912,ribose
42904167,rice bran
42900436,rice bran oil
42899851,rice germ oil
42899800,rice oil
1777417,rifabutin
1763204,rifampin
19136008,rifamycins
19035953,rifapentine
1735947,rifaximin
19115050,rilmenidine
19023450,rilonacept
40238930,rilpivirine
735951,riluzole
37354026,rilzabrutinib
1763339,rimantadine
977421,rimexolone
19063387,rimiterol
19098980,Ringer's solution
44506752,riociguat
1516800,risedronate
19115051,risedronic acid
735979,risperidone
1563413,ritodrine
1748921,ritonavir
1314273,rituximab
40241331,rivaroxaban
733523,rivastigmine
1154077,rizatriptan
42709328,robenacoxib
19003953,rocuronium
1189754,rofecoxib
40236897,roflumilast
40168385,romidepsin
40237343,romifidine
19032407,romiplostim
44818483,ronidazole
713823,ropinirole
1136487,ropivacaine
19056506,ROSE HIPS
42899826,rose oil
42903897,rosemary extract
19135863,rosemary oil
1547504,rosiglitazone
1510813,rosuvastatin
19032599,"rotavirus vaccine, live attenuated, G1P[8] human 89-12 strain"
19052553,"rotavirus vaccine, tetravalent, live, oral"
786426,rotigotine
875818,Roxadustat
42903869,roxarsone
19011685,roxatidine
19063874,roxithromycin
19036638,royal jelly
523212,rubella virus vaccine live (Wistar RA 27-3 strain)
42899841,rubidium
42899843,Rubus fruticosus leaf extract
19006586,rufinamide
19099415,ruscogenin
19071805,Ruta graveolens preparation
19063981,rutin
40244464,ruxolitinib
1363981,S-adenosylmethionine
19064042,saccharin
991855,Saccharomyces boulardii
982105,Saccharomyces boulardii lyo
19136028,Saccharomyces cerevisiae
951980,sacrosidase
42900567,safflower extract
19064089,safflower oil
44506764,safflower seed extract
44784925,saffron extract
742084,saffron oil
42899733,sage oil
37497771,sakuranetin
19100313,salicin
1164108,salicylamide
964407,salicylic acid
19136030,"Saline Solution, Hypertonic"
42899712,Salix alba bark extract
1137529,salmeterol
1537655,salmon calcitonin
19050610,salmon oil
523202,Salmonella typhi Ty21a live antigen
1137460,salsalate
42899716,salsolinol
42899718,Salvia miltiorrhiza root extract
44507633,Salvia officinalis whole extract
1365720,samarium
1537181,samidorphan
19099123,sangre de grado
44818507,sanguinarine
37002782,sapanisertib
19021959,sapropterin
1746244,saquinavir
19136031,saralasin
1308432,sargramostim
35605283,sarolaner
19030860,Sarracenia purpurea preparation
19056120,sarsaparilla preparation
1391307,saw palmetto extract
19059155,saw palmetto fruit extract
40166035,saxagliptin
42899748,Schisandra chinensis fruit extract
1377445,Schizandra preparation
42899749,Schizonepeta tenuifolia flowering top extract
965748,scopolamine
42899737,sea salt
43014229,seaweed extract
19037983,secnidazole
766067,secobarbital
19066188,secretin
19084212,"secretin human, synthetic"
45892883,secukinumab
1735029,seladelpar
40231617,selamectin
1560142,selank
766209,selegiline
19038024,selenious acid
19066274,selenite
966282,selenium
938061,selenium sulfide
1560143,semax
42903863,semduramicin
960820,Senna leaf extract
992409,Senna leaves
19115055,sennoside B
938268,"sennosides, USP"
19066774,serine
42899779,serotonin
19100379,serratiopeptidase
939134,sertaconazole
19050633,sertindole
739138,sertraline
42899780,sesame oil
1759185,sesamin
43014200,sesquicarbonate
952004,sevelamer
19039298,sevoflurane
1340875,shark cartilage extract
961304,shark liver oil
42899788,shea butter
35200917,shikimic acid
40171301,short ragweed pollen extract
19015633,Siberian ginseng preparation
19098649,Siberian ginseng root
739363,sibutramine
746996,silane
45892119,silanol
1316262,sildenafil
19066891,silicon
19066865,silicon dioxide
19080523,"silicon dioxide, colloidal"
19066894,silicones
46233930,silk sericin
19012925,silodosin
44818461,siltuximab
19016725,silver acetate
966913,silver nitrate
46287388,silver phosphate
966956,silver sulfadiazine
19024190,silybin
42904211,silybum marianum seed oil
19066992,silymarin
44785086,simeprevir
966991,simethicone
1539403,simvastatin
19067803,sincalide
921956,sinecatechins
40224095,sipuleucel-T
19034726,sirolimus
19136044,sisomicin
1580747,sitagliptin
876348,Sitaxentan
19136046,sitosterols
19098722,slippery elm bark
19136047,Smallpox Vaccine
19039512,sobrerol
19136048,sodium
19077884,sodium acetate
901318,sodium ascorbate
939506,sodium bicarbonate
43012957,sodium bisulfate
19039850,sodium bisulfite
19059544,sodium bitartrate
42900071,sodium bromide
939863,sodium carbonate
43012991,sodium cation
43013156,sodium chlorate
967823,sodium chloride
19081343,"Sodium Chloride, Bacteriostatic"
40180818,sodium chlorite
37499299,sodium cholate
977968,sodium citrate
1399177,sodium ferric gluconate complex
19069022,sodium fluoride
19078092,sodium gluconate
19069760,sodium hydroxide
43527224,sodium iodate
19069873,sodium iodide
19001131,sodium ironedetate
19014215,sodium lauryl sulfoacetate
19039874,sodium metabisulfite
35606082,sodium metasilicate
19069904,sodium morrhuate
19100394,sodium nitrate
19039877,sodium perborate
43013158,sodium percarbonate
36964175,Sodium perchlorate
939871,sodium phosphate
991710,"sodium phosphate, dibasic"
990499,"sodium phosphate, monobasic"
19078126,sodium polystyrene sulfonate
19078151,sodium propionate
40171076,sodium selenate
19131064,sodium stibogluconate
42900072,sodium succinate
939976,sodium sulfate
42800240,sodium sulfide
19117078,sodium tartrate
19070012,sodium tetradecyl sulfate
44785094,sofosbuvir
43013842,Solanum lycopersicum extract
45774478,solasulfone
19112623,solfenacin
916005,solifenacin
19056701,somatorelin
19136066,somatostatin
1578181,somatrem
1584910,somatropin
42900086,Sophora flavescens root extract
1363387,sorafenib
42900087,sorbate
43012959,sorbitan
970011,sorbitol
1201369,sotagliflozin
1370109,sotalol
42609512,sotatercept
19098545,SOY LECITHIN
19038464,soy protein isolate
19070224,soybean oil
19007600,soybean preparation
1733765,sparfloxacin
1301750,sparsentan
42900093,spearmint oil
1701651,spectinomycin
792460,sphinganine
35200983,spinach extract
40172543,spinosad
19070251,spiramycin
19040051,spirapril
970250,spironolactone
1360890,Spirulina
876830,Squill
1398039,St. John's wort extract
19086491,standardized senna concentrate
1036094,stannous fluoride
1636145,stanozolol
42900111,Staphylococcus aureus
1036157,starch
43012966,"starch, rice"
43012967,"starch, wheat"
1781406,stavudine
43014216,stearate
19100412,stearyl alcohol
1146260,stepronin
43012375,steviol
19000812,stigmasterol
19079014,stinging nettle extract
40174023,Streptococcus pneumoniae serotype 7F capsular antigen diphtheria CRM197 protein conjugate vaccine
529072,Streptococcus pneumoniae serotype 9V capsular antigen diphtheria CRM197 protein conjugate vaccine
40163710,Streptococcus pneumoniae type 9V capsular polysaccharide antigen
42900203,Streptococcus pyogenes
19136184,streptodornase
19136187,streptokinase
1836191,streptomycin
19136210,streptozocin
19000815,strontium
19100414,strontium chloride
42904159,strontium nitrate
19094153,strychnine
42900206,strychnine nitrate
1728909,succimer
42900561,succinate
1340532,succinic acid
19118265,succinylated gelatin
836208,succinylcholine
1036228,sucralfate
44785066,sucroferric oxyhydroxide
19136247,sucrose
19078219,sufentanil
1836241,sulbactam
19000817,sulbenicillin
19100417,sulbutiamine
940535,sulconazole
1036252,sulfacetamide
1836391,sulfadiazine
1836410,sulfadoxine
19000819,sulfaguanidine
19136423,sulfalene
19136426,sulfamerazine
19136429,sulfamethazine
1036425,sulfamethizole
1836430,sulfamethoxazole
19000820,sulfamethoxypyridazine
19040624,sulfametrole
1036475,sulfanilamide
19136493,sulfapyridine
964339,sulfasalazine
19056546,sulfated mucopolysaccharides
1036487,sulfathiazole
1236493,sulfinpyrazone
1836503,sulfisoxazole
1036525,sulfur
45892833,sulfur hexafluoride
19086296,"sulfur, colloidal"
1036600,sulfuric acid
1236607,sulindac
19136626,sulpiride
19040627,sultamicillin
19000921,sulthiame
19100431,sultopride
1140643,sumatriptan
1336539,sunitinib
19136642,superoxide dismutase
1036636,suprofen
19136651,suramin
42900127,Sus scrofa blood preparation
42900142,Sus scrofa embryo preparation
42900144,Sus scrofa eye preparation
45775760,suvorexant
40162087,sweet vernal grass pollen extract
43012989,Symphytum uplandicum leaf extract
19001477,synephrine
1596779,"synthetic conjugated estrogens, A"
1586808,"synthetic conjugated estrogens, B"
19008361,tacalcitol
836654,tacrine
950637,tacrolimus
1336926,tadalafil
941004,tadenan
42709325,tafluprost
19002077,talampicillin
1036667,talc
42800246,taliglucerase alfa
19100435,talinolol
19091809,talniflumate
746340,talquetamab
43526383,tamanu oil
42900219,tamarind seed extract
1436678,tamoxifen
924566,tamsulosin
1734363,tangeretin
1036690,tannic acid
19026459,tapentadol
779790,tapinarof
19041085,tartaric acid
42903718,tartrate
42900229,tartrazine
44814600,tasimelteon
19071159,tasonermin
43533105,taurate
19136716,taurine
43012997,taurine deoxycholate
741701,taurursodiol
1465070,taxifolin
947416,tazarotene
1741122,tazobactam
40175934,tea leaf extract
42900230,tea leaf oil
19008374,tea tree oil
45775686,tedizolid
43013171,teduglutide
19056756,tegafur
916943,tegaserod
19078399,teicoplanin
40239330,telaprevir
40166675,telavancin
1758392,telbivudine
1702911,telithromycin
19135785,telmesteine
1317640,telmisartan
19041153,temafloxacin
836715,temazepam
19100438,temocillin
19011067,temoporfin
1341149,temozolomide
42609212,temsavir
19092845,temsirolimus
19098548,tenecteplase
19136750,teniposide
19011093,tenofovir
1710281,tenofovir disoproxil
19055842,tenonitrozole
19041220,tenoxicam
741995,teplizumab
1341238,terazosin
1741309,terbinafine
1236744,terbutaline
941472,terconazole
1150836,terfenadine
42900584,teriflunomide
1521987,teriparatide
19078424,terizidone
19119253,terlipressin
1718671,Terminalia catappa leaf extract
19100440,terodiline
19059707,terpin hydrate
19100451,tertatolol
40231628,tesamorelin
1436776,testolactone
1636780,testosterone
19041536,testosterone 17-phenylpropionate
529411,"tetanus toxoid vaccine, inactivated"
836877,tetrabenazine
1036884,tetracaine
1836948,tetracycline
789904,tetradecane
43012176,tetrahydrodiferuloylmethane
941577,tetrahydrozoline
37497534,tetraxetan
19041746,tetrazepam
42900108,tetrofosmin
19137042,thalidomide
42900536,thallium
19100574,theaflavin
19100575,theanine
19137056,theobromine
19015536,theodrenaline
1237049,theophylline
1837289,thiabendazole
19137312,thiamine
19137362,thiamphenicol
19004295,thiamylal
1037358,thiethylperazine
19137377,thimerosal
19100577,thiobutabarbital
19041813,thiocolchicoside
1386670,thioctate
43532537,thiocyanate
1437379,thioguanine
700253,thiopental
19000305,thioproperazine
700299,thioridazine
43013000,thiostrepton
19137385,thiotepa
700465,thiothixene
19100738,thiphenamil
45775975,threonate
19000537,threonine
1300673,thrombin
19100740,thymalfasin
19060834,thyme oil
19015670,thyme preparation
43525869,thymidine
43013853,thymine
19000726,thymol
19041860,thymomodulin
19102231,thymopentin
19007429,thymus extracts
42900212,Thymus oil
43526082,Thymus vulgaris whole extract
19000732,thyroglobulin
19017575,thyroid (beef)
1501309,thyroid (USP)
1590418,"thyroid, porcine"
19007721,thyrotropin
19063297,thyrotropin alfa
715458,tiagabine
19041910,tianeptine
19008012,tiapride
19086910,tiaprofenate
19056871,tibezonium iodide
19041933,tibolone
40241186,ticagrelor
1702364,ticarcillin
1302398,ticlopidine
19055843,tiemonium
1742432,tigecycline
1464767,tigolaner
42900094,tildipirosin
19002431,tilidine
43527226,tiliroside
35896009,Tilmanocept
1578445,tiludronate
19011064,tiludronic acid
902427,timolol
40161488,Timothy grass pollen extract
19008281,tin
1702559,tinidazole
40221258,Tinospora cordifolia stem extract
1308473,tinzaparin
942028,tioconazole
903031,tiopronin
1106776,tiotropium
1736999,tipranavir
19016959,tiratricol
19014509,tirilazad
19017067,tirofiban
19100759,tiropramide
42609339,tislelizumab
42900100,titanium
19100760,titanium dioxide
19078460,tixocortol
778474,tizanidine
902722,tobramycin
1351447,tocainide
40171288,tocilizumab
42709318,tocopherol
42904283,"tocopheryl nicotinate, D-.alpha."
43532489,"tocotrienol, alpha"
19121338,tocotrienols
42904205,tofacitinib
19100773,tofisopam
1502809,tolazamide
19002829,tolazoline
1502855,tolbutamide
715727,tolcapone
19042099,tolciclate
19042155,tolfenamic acid
1102917,tolmetin
902950,tolnaftate
19003296,tolperisone
19042191,tolrestat
913782,tolterodine
44818490,toltrazuril
42900051,toluene
19036797,tolvaptan
742267,topiramate
1378509,topotecan
1342346,toremifene
747052,toripalimab
19056779,tormentil
942350,torsemide
19068894,tositumomab
1103314,tramadol
19042445,tramazoline
43532497,trametinib
43526386,tramiprosate
1342439,trandolapril
1303425,tranexamic acid
19120306,tranilast
43013867,transforming growth factor beta 2
703470,tranylcypromine
19009721,trapidil
1387104,trastuzumab
904501,travoprost
703547,trazodone
42900069,trehalose
44784980,trenbolone
19042545,treosulfan
19110712,trepibutone
1327256,treprostinil
903643,tretinoin
903963,triamcinolone
904542,triamterene
704599,triazolam
19042550,triazulenone
42904300,tribasic sodium phosphate
19042575,tribenoside
43527220,tribulus
43525779,Tribulus terrestris extract
43014278,tricaine
19058978,tricalcium phosphate
42903876,tricaprylin
793522,tricetin
904639,trichlormethiazide
742594,trichloroacetaldehyde
987009,trichloroacetate
19057718,Trichophyton antigen
19101457,triclocarban
19042692,triclofos
1704758,triclosan
1718975,tridecane
19004969,trientine
942765,triethanolamine polypeptide oleate condensate
42900261,triethyl citrate
704984,trifluoperazine
19005104,triflupromazine
905078,trifluridine
19042778,triflusal
705178,trihexyphenidyl
46275552,trilinolein
19042801,trilostane
19005512,trimebutine
19005570,trimeprazine
19005626,trimetazidine
19005629,trimethadione
942799,trimethobenzamide
1705674,trimethoprim
19101597,trimethylphloroglucinol
1750928,trimetrexate
705755,trimipramine
1105853,tripelennamine
44785897,triphosphate
43013168,triphosphoric acid
1105889,triprolidine
1343039,triptorelin
19065826,trisodium citrate
19101651,tritoqualine
1302002,trofinetide
19101677,trofosfamide
1515249,troglitazone
943116,trolamine salicylate
19006043,troleandomycin
19006047,tromethamine
19101712,tropatepine
906072,tropicamide
19002800,tropisetron
43013845,tropolone
991825,trospium
1712549,trovafloxacin
19043154,troxerutin
19006155,trypan blue
906149,trypsin
19006186,tryptophan
19010871,tuberculin
706644,tubocurarine
19043191,tulobuterol
42900581,tumeric oil
40241181,turmeric extract
43525900,turmeric oil
1735522,turmeric root extract
36930299,Turoctocog alfa pegol
1106647,turpentine
40222391,tylosin
943191,tyloxapol
43014257,tylvalosin
532881,"typhoid Vi polysaccharide vaccine, S typhi Ty2 strain"
19010873,tyramine
19006692,tyrosine
19006842,tyrothricin
1351115,ubidecarenone
19101786,ubiquinol
1306837,Ubiquinone
40225722,ulipristal
1586369,"ultralente insulin, human"
42904042,Ulva lactuca extract
44785907,umeclidinium
1718976,undecane
914244,undecylenate
45775547,unoprostone
19006877,uracil
19006880,uracil mustard
19101849,urapidil
906914,urea
43532213,uric acid
19010876,uridine
1515417,urofollitropin
1307515,urokinase
988095,ursodeoxycholate
42900054,Urtica dioica leaf extract
42900055,Urtica dioica root extract
1315629,Urtica preparation
45775606,usnic acid
40161532,ustekinumab
42900063,Vaccinium angustifolium leaf extract
42900065,Vaccinium myrtillus leaf extract
42609572,vadadustat
1717704,valacyclovir
1103374,valdecoxib
43014259,valerate
1397059,valerian root extract
1703063,valganciclovir
19007572,valine
779955,valnemulin
745985,valoctocogene roxaparvovec
745466,valproate
19012543,valrubicin
1308842,valsartan
19007693,vanadium
19043266,vanadyl sulfate
1707687,vancomycin
40238052,vandetanib
1311276,vardenafil
780442,varenicline
543291,varicella-zoster immune globulin
42800027,varicella-zoster virus vaccine live (Oka-Merck) strain
1507835,vasopressin (USP)
779686,vatinoxan
19012598,vecuronium
45774639,vedolizumab
40174604,velaglucerase alfa
1301780,velmanase alfa
40241937,vemurafenib
743670,venlafaxine
19043327,veralipride
1307863,verapamil
837254,Vernakalant
912803,verteporfin
42900061,vetiver oil
908126,vidarabine
19020002,vigabatrin
43533021,Vigna radiata extract
43532539,vilanterol
40234834,vilazodone
19122137,vildagliptin
1201435,vilobelimab
19008261,viloxazine
19008264,vinblastine
19078938,vinburnine
19008269,vincamine
1308290,vincristine
19008336,vindesine
40687530,Vinflunine
1343346,vinorelbine
19095462,vinpocetine
43013852,Viola odorata extract
19010969,virginiamycin
1146096,viridiflorol
42900022,Viscum album leaf extract
1330974,Viscum album preparation
42709321,vismodegib
19008339,vitamin A
19010970,vitamin B complex
1308738,vitamin B12
1353228,vitamin B6
46221761,Vitamin B9
19009405,vitamin D
42709324,vitamin D3
19009540,vitamin E
19010128,vitamin K
19044727,vitamin K1
19106287,vitamin K2
964298,vitamin MK7
1734530,vitexin
19127444,Vitis extract
43525901,Vitis vinifera leaf extract
42900068,Vitis vinifera seed extract
44785885,von Willebrand factor
779984,vonoprazan
44818499,vorapaxar
1714277,voriconazole
1337651,vorinostat
44507700,vortioxetine
702318,vosoritide
42904036,walnut oil
1310149,warfarin
19010309,water
42899977,West Indian lemongrass oil
40171826,wheat dextrin
19014164,wheat germ oil
37498110,whey protein hydrolysate
46233906,white tea extract
19011004,white wax
959196,witch hazel
42900000,Withania somnifera root extract
779952,withanolide D
964283,wogonin
42900001,wormwood extract
42899969,wormwood oil
1735454,xanomeline
42900551,xanthan gum
42900552,xanthine
19011007,xenon
19102105,xibornol
19010493,xipamide
40238058,xylazine
42900012,xylene
19010496,xylitol
943852,xylometazoline
42900014,yeast mannan preparation
559532,Yellow Fever Vaccine
914085,yellow phenolphthalein
1385800,yohimbine
44816338,yttrium
19004388,yucca root
1111706,zafirlukast
1724827,zalcitabine
720727,zaleplon
1708748,zanamivir
1343914,zeaxanthin
739370,"zeaxanthin, meso-"
1593811,zedoary oil
19005061,ziconotide
1710612,zidovudine
1147878,zileuton
35604666,zilpaterol
19010696,zinc
979096,zinc acetate
45776475,zinc ascorbate
19055783,zinc aspartate
19044314,zinc carbonate
45775339,zinc cation
19044317,zinc chloride
19092061,zinc citrate
19079204,zinc gluconate
19050644,zinc hydroxide
19011018,zinc orotate
911064,zinc oxide
45892185,zinc phosphate
19079390,zinc picolinate
944360,zinc pyrithione
19044522,zinc sulfate
19097109,"zinc, chelated"
37496631,zingerone
19044719,zipeprol
712615,ziprasidone
44816339,zirconium
19102107,zofenopril
44818464,zolazepam
1524674,zoledronic acid
1116031,zolmitriptan
744740,zolpidem
19102108,zomepirac
744798,zonisamide
19044883,zopiclone
19102109,zotepine
19010886,zuclopenthixol
747180,zuranolone
