omop_concept_id,ingredient_name,cem_n_conditions,cem_n_faers_pairs,cem_n_semmeddb_pairs,cem_faers_case_count_sum,cem_faers_prr_median
37002917,".alpha.-chlorohydrin, (+/-)-",6.0,0.0,6.0,0.0,
740013,.alpha.-phellandrene,1.0,0.0,1.0,0.0,
1536878,.alpha.-terpinene,1.0,0.0,1.0,0.0,
779197,.beta.-glucogallin,4.0,0.0,4.0,0.0,
1145885,.beta.-ionone,6.0,0.0,6.0,0.0,
42898180,"1,1-difluoroethane",3.0,0.0,3.0,0.0,
1592753,"1,2-dipalmitoylphosphatidylcholine",5.0,0.0,5.0,0.0,
42898186,"1,3-dimethylol-5,5-dimethylhydantoin",1.0,0.0,1.0,0.0,
19097556,1-alpha-vitamin D,9.0,0.0,9.0,0.0,
35605387,1-methylhydantoin,1.0,0.0,1.0,0.0,
914310,1-octacosanol,8.0,1.0,7.0,2.0,
43012215,1-propanol,7.0,7.0,0.0,7.0,986.87229
42898192,1-vinyl-2-pyrrolidone,1.0,0.0,1.0,0.0,
19077143,17-alpha-hydroxyprogesterone,114.0,114.0,0.0,428.0,3.649915
35606080,2'-fucosyllactose,7.0,0.0,7.0,0.0,
35604625,"2,3-dihydroxybenzoic acid",4.0,0.0,4.0,0.0,
37002294,2-butoxyethanol,3.0,0.0,3.0,0.0,
43012195,2-hydroxyethyl methacrylate,31.0,31.0,0.0,57.0,7.95695
1594085,2-ketogluconate,1.0,0.0,1.0,0.0,
45775370,2-mercaptoethanesulfonic acid,18.0,3.0,15.0,4.0,34.13295
37498874,2-methylbutyric acid,1.0,0.0,1.0,0.0,
46221501,"3,3'-diindolylmethane",14.0,4.0,10.0,4.0,45.71888
43531868,3-(triethoxysilyl)propylamine,1.0,0.0,1.0,0.0,
44784654,3-n-butylphthalide,41.0,0.0,41.0,0.0,
1301554,3-phenyl propionic acid,3.0,0.0,3.0,0.0,
1718745,4-(p-hydroxyphenyl)-2-butanone,6.0,0.0,6.0,0.0,
19087067,4-aminobenzoate,4.0,4.0,0.0,4.0,59.83795
19012200,4-aminomethylbenzoic acid,2.0,0.0,2.0,0.0,
19012223,4-dimethylaminophenol,2.0,0.0,2.0,0.0,
46234460,4-hydroxybenzoic acid,2.0,0.0,2.0,0.0,
1510508,4-hydroxybenzyl alcohol,2.0,0.0,2.0,0.0,
42609290,4-hydroxycyclophosphamide,2.0,0.0,2.0,0.0,
42903754,4-methyl-1-(1-methylethyl)-3-cyclohexen-1-ol,1.0,0.0,1.0,0.0,
35604417,4-nonylphenol,7.0,0.0,7.0,0.0,
19121248,4000 CPS,34.0,34.0,0.0,43.0,28.967135
1363516,5-hydroxytryptophan,51.0,51.0,0.0,73.0,4.14571
19018285,5-methoxypsoralen,1.0,1.0,0.0,1.0,
43531881,5-methoxytryptamine,10.0,0.0,10.0,0.0,
42903683,5-methyltetrahydrofolic acid,1.0,0.0,1.0,0.0,
1369939,6-aminocaproic acid,398.0,398.0,0.0,1740.0,1.5192
19080248,ACETIC,5.0,5.0,0.0,5.0,238.16192
747260,"ADAMTS13, recombinant",2.0,0.0,2.0,0.0,
1398719,ASTRAGALUS ROOT,8.0,8.0,0.0,8.0,23.455955000000003
42904012,Aconitum napellus root extract,1.0,0.0,1.0,0.0,
42904062,Adonis vernalis extract,5.0,5.0,0.0,5.0,94.55341
42898420,Aesculus hippocastanum leaf extract,7.0,7.0,0.0,7.0,79.51465
44818465,Aesculus hippocastanum seed oil,15.0,15.0,0.0,15.0,36.83434
40168516,Agkistrodon piscivorus antivenin,124.0,124.0,0.0,304.0,5.11134
21234680,Agomelatine,67.0,0.0,67.0,0.0,
1537395,Aloe emodin,5.0,0.0,5.0,0.0,
35200370,Alpinia officinarum whole extract,6.0,0.0,6.0,0.0,
42898411,Althaea officinalis root extract,1.0,0.0,1.0,0.0,
19124969,Amino Acids,594.0,594.0,0.0,2590.0,1.9481
42898327,Angelica archangelica root extract,7.0,0.0,7.0,0.0,
1319232,Angelica sinensis preparation,3.0,0.0,3.0,0.0,
42900397,Arctostaphylos uva-ursi leaf extract,1.0,0.0,1.0,0.0,
919839,Arnica extract,17.0,17.0,0.0,19.0,48.83753
19071833,Arnica montana extract,8.0,7.0,1.0,8.0,31.63753
42898315,Ascophyllum nodosum extract,1.0,0.0,1.0,0.0,
40161048,Aspergillus fumigatus allergenic extract,1.0,0.0,1.0,0.0,
36920426,Aspirin DL-Lysine,21.0,0.0,21.0,0.0,
1315656,Astragalus preparation,7.0,1.0,6.0,1.0,
42898661,Astragalus propinquus root extract,21.0,0.0,21.0,0.0,
1359516,Astragalus root extract,7.0,3.0,4.0,3.0,157.99189
42898612,Atractylodes lancea root extract,2.0,0.0,2.0,0.0,
42898641,Azadirachta indica flower extract,2.0,0.0,2.0,0.0,
42898642,Azadirachta indica leaf extract,2.0,0.0,2.0,0.0,
35605814,Azadirachta indica whole extract,1.0,0.0,1.0,0.0,
36957394,Aztreonam lysine,1.0,0.0,1.0,0.0,
19015423,BCG Vaccine,236.0,236.0,0.0,510.0,5.472885
19023835,"BCG, live, Connaught strain",372.0,372.0,0.0,2917.0,2.43704
19086176,"BCG, live, Tice strain",256.0,256.0,0.0,704.0,3.837885
42898673,Bacillus coagulans,2.0,2.0,0.0,2.0,215.177345
42903944,Bacillus firmus,93.0,93.0,0.0,93.0,8.00308
42898675,Bacillus subtilis,43.0,43.0,0.0,49.0,11.05959
19011663,Balanced salt solution,26.0,26.0,0.0,108.0,21.96348
42898636,Benincasa hispida fruit extract,1.0,0.0,1.0,0.0,
42904106,Betula pendula leaf extract,3.0,3.0,0.0,3.0,54.41767
45776867,Bifidobacterium animalis,31.0,31.0,0.0,33.0,9.15507
19006764,Bifidobacterium bifidum,109.0,109.0,0.0,152.0,3.95379
19136097,Bifidobacterium infantis,410.0,410.0,0.0,1335.0,2.08802
40242566,Bifidobacterium lactis,150.0,150.0,0.0,267.0,3.228475
40242573,Bifidobacterium longum,169.0,169.0,0.0,294.0,4.64586
19024669,Bioflavonoids,69.0,69.0,0.0,86.0,7.77859
42898515,Bos taurus colostrum preparation,13.0,0.0,13.0,0.0,
44507484,Bos taurus eye preparation,3.0,0.0,3.0,0.0,
42898543,Bos taurus testicle preparation,2.0,0.0,2.0,0.0,
44816307,Bos taurus uterus preparation,1.0,0.0,1.0,0.0,
863819,Botulinum antitoxin,2.0,0.0,2.0,0.0,
863929,Bulevirtide,4.0,0.0,4.0,0.0,
45892906,C1 esterase inhibitor,354.0,354.0,0.0,1988.0,1.25876
19070899,CARBO VEGETABILIS,6.0,6.0,0.0,6.0,24.16516
19071836,Calendula officinalis extract,3.0,0.0,3.0,0.0,
42898562,Camellia oil,1.0,0.0,1.0,0.0,
538530,Candida albicans,13.0,13.0,0.0,15.0,57.28771
42898564,Cannabis sativa seed oil,2.0,2.0,0.0,2.0,454.473095
915553,Capsicum extract,1.0,0.0,1.0,0.0,
19055492,Capsicum oleoresin,3.0,0.0,3.0,0.0,
42898751,Castanea sative leaf extract,1.0,0.0,1.0,0.0,
46275666,Caulerpa lentillifera extract,1.0,0.0,1.0,0.0,
36945987,Cefaclor monohydrate,1.0,0.0,1.0,0.0,
19086554,"Cellulose, Oxidized",19.0,19.0,0.0,21.0,40.04339
42898716,Centella asiatica extract,4.0,0.0,4.0,0.0,
864529,Cerium nitrate,4.0,0.0,4.0,0.0,
42898577,Cervus elaphus horn oil,2.0,0.0,2.0,0.0,
42904058,Chenopodium ambrosioides extract,1.0,0.0,1.0,0.0,
19127637,Chlopheniramine,3.0,3.0,0.0,3.0,22.77515
595252,Cholera Vaccine,2.0,2.0,0.0,2.0,53.916805
864729,Chondroitin,11.0,0.0,11.0,0.0,
43531805,Chondrus preparation,3.0,0.0,3.0,0.0,
42898863,Cinchona bark extract,2.0,0.0,2.0,0.0,
42898943,Clerodendranthus spicatus leaf extract,2.0,0.0,2.0,0.0,
865239,Cochineal,1.0,0.0,1.0,0.0,
42898902,Coix lacryma-jobi seed extract,15.0,15.0,0.0,15.0,28.07842
43012639,Coix lacryma-jobi seed oil,1.0,0.0,1.0,0.0,
19135840,Cold cream,23.0,23.0,0.0,28.0,11.28471
21309252,Colestilan,10.0,0.0,10.0,0.0,
865431,Collodion,5.0,0.0,5.0,0.0,
19071780,Conium maculatum preparation,1.0,0.0,1.0,0.0,
42904067,Convallaria majalis extract,1.0,1.0,0.0,1.0,
19122997,Coral Calcium,273.0,273.0,0.0,633.0,2.42631
42903903,Corallina officinalis extract,1.0,0.0,1.0,0.0,
19070923,Cordyceps sinensis preparation,4.0,0.0,4.0,0.0,
21271882,Corifollitropin alfa,2.0,0.0,2.0,0.0,
19071744,Crotalidae Polyvalent immune Fab,1.0,1.0,0.0,1.0,376.39747
35201207,Crotalidae immune F(ab')2,1.0,0.0,1.0,0.0,
19091110,Cynara preparation,2.0,0.0,2.0,0.0,
42903976,Cynara scolymus leaf extract,1.0,0.0,1.0,0.0,
19080431,D-glucuronic acid,1.0,0.0,1.0,0.0,
19097059,DEXTROSE SOLUTION,6.0,6.0,0.0,6.0,358.988605
21253242,Dapoxetine,4.0,0.0,4.0,0.0,
19060903,Digitalis preparation,5.0,1.0,5.0,1.0,815.91004
21253382,Distigmine bromide,2.0,0.0,2.0,0.0,
1391199,Echinacea angustifolia extract,1.0,0.0,1.0,0.0,
1389112,Echinacea preparation,1.0,1.0,0.0,1.0,
1399063,Echinacea purpurea extract,5.0,5.0,0.0,5.0,91.27658
1359148,Echinacea root extract,1.0,0.0,1.0,0.0,
43560153,Ecklonia cava extract,1.0,0.0,1.0,0.0,
866847,Edotreotide,1.0,0.0,1.0,0.0,
789965,English lavender oil,1.0,0.0,1.0,0.0,
867167,Eptotermin alfa,3.0,0.0,3.0,0.0,
44818471,Equisetum arvense whole extract,1.0,0.0,1.0,0.0,
42899042,Eriobotrya japonica leaf extract,4.0,0.0,4.0,0.0,
19055717,Erwinia asparaginase,56.0,56.0,0.0,83.0,6.243790000000001
19030957,Escherichia coli,50.0,50.0,0.0,52.0,13.160905
45776125,Eucalyptus gum extract,2.0,0.0,2.0,0.0,
1180412,Eucalyptus oil,56.0,56.0,0.0,79.0,6.379055
40162005,European honey bee venom protein,1.0,0.0,1.0,0.0,
19050607,Evans blue,1.0,0.0,1.0,0.0,
19135909,Fat emulsion,120.0,120.0,0.0,208.0,5.0099800000000005
36969314,Favipiravir,31.0,0.0,31.0,0.0,
1305063,Fe heme polypeptide,81.0,81.0,0.0,106.0,4.84048
19135939,Ferrous citrate Fe59,381.0,381.0,0.0,1151.0,2.91425
867834,Filgotinib,13.0,0.0,13.0,0.0,
21197468,Fosfomycin calcium,1.0,0.0,1.0,0.0,
42904025,Fucus vesiculosus extract,1.0,1.0,0.0,1.0,783.95307
21197499,Gadoteric acid,3.0,0.0,3.0,0.0,
46234272,Garcinia mangostana fruit extract,1.0,0.0,1.0,0.0,
42899264,Gardenia jasminoides fruit extract,1.0,0.0,1.0,0.0,
919345,Gentamicin Sulfate (USP),318.0,318.0,0.0,671.0,2.884165
42899190,Gentiana lutea root extract,2.0,0.0,2.0,0.0,
1391889,Ginkgo biloba extract,613.0,613.0,0.0,2325.0,1.83388
19098505,Ginkgo biloba leaf extract,101.0,99.0,3.0,136.0,5.90703
42904152,Ginko biloba leaf oil,284.0,284.0,0.0,701.0,2.370495
43013634,Glycyrrhiza glabra extract,19.0,18.0,1.0,18.0,18.7899
44818475,Glycyrrhiza glabra whole extract,1.0,0.0,1.0,0.0,
42904061,Glycyrrhiza uralensis extract,2.0,0.0,2.0,0.0,
19048700,Haemophilus B Conjugate Vaccine,13.0,13.0,0.0,16.0,96.55471
530007,Haemophilus influenzae b (Ross strain) capsular polysaccharide meningococcal protein conjugate vaccine,30.0,30.0,0.0,30.0,103.62047
19113026,Haemophilus influenzae type b,16.0,16.0,0.0,16.0,120.81997
529118,"Haemophilus influenzae type b, capsular polysaccharide inactivated tetanus toxoid conjugate vaccine",11.0,11.0,0.0,12.0,136.92383
42899155,Hamamelis virginiana leaf extract,12.0,12.0,0.0,12.0,32.867675
43532381,Hekla lava,3.0,3.0,0.0,3.0,82.32216
42903959,Helicobacter pylori,4.0,4.0,0.0,4.0,91.989975
42904103,Helleborus extract,6.0,6.0,0.0,6.0,24.16516
596876,"Hepatitis A Vaccine, Inactivated",26.0,26.0,0.0,38.0,46.54403000000001
42899123,Hippophae rhamnoides seed oil,1.0,0.0,1.0,0.0,
19069195,Homeopathic Remedies,22.0,22.0,0.0,22.0,10.684885
19003476,Horse antihuman thymocyte gamma globulin,79.0,79.0,0.0,128.0,7.98904
798336,Hyaluronan,4.0,4.0,0.0,4.0,62.91426
19088713,"Hyaluronidase, Human",20.0,20.0,0.0,27.0,20.787625
869777,Hydroxyprogesterone,14.0,0.0,14.0,0.0,
19013828,Hyoscyamus extract,2.0,2.0,0.0,2.0,115.54325
42899137,Hyoscyamus niger extract,1.0,0.0,1.0,0.0,
42899139,Hypericum extract,80.0,80.0,0.0,107.0,5.8221050000000005
42904117,Hypericum oil,81.0,81.0,0.0,137.0,5.59531
42899140,Hypericum perforatum leaf extract,37.0,37.0,0.0,44.0,16.67131
19097452,IGNATIA,14.0,14.0,0.0,14.0,90.06945
19113756,Ibadronate,608.0,608.0,0.0,3027.0,1.61271
36952556,Ibuprofen sodium dihydrate,1.0,0.0,1.0,0.0,
35895248,Imlifidase,1.0,0.0,1.0,0.0,
869960,Immunoglobulin human,66.0,0.0,66.0,0.0,
40164866,"Influenza Virus Vaccine, Inactivated A-Brisbane-59-2007, IVR-148 (H1N1) strain",305.0,305.0,0.0,663.0,3.51466
19121608,Influenza virus vaccine,1302.0,1302.0,0.0,10555.0,1.59772
19122121,Insulin,2423.0,2423.0,0.0,82150.0,1.0332
19113574,Interferon-alpha,61.0,61.0,0.0,92.0,6.39011
42899525,Irvingia gabonensis seed extract,1.0,0.0,1.0,0.0,
42899526,Isatis tinctoria root extract,1.0,0.0,1.0,0.0,
19122349,Isoflavones,21.0,21.0,0.0,23.0,7.47696
19047598,"Japanese encephalitis virus vaccine, inactivated",6.0,6.0,0.0,11.0,29.087025
42903987,Juglans regia leaf extract,2.0,0.0,2.0,0.0,
19123246,Juniperus communis whole extract,1.0,0.0,1.0,0.0,
42899506,Kaempferia galanga root extract,2.0,0.0,2.0,0.0,
42899432,Klebsiella pneumoniae,1.0,1.0,0.0,1.0,403.08151
19098765,Korean ginseng preparation,39.0,0.0,39.0,0.0,
19099102,Korean ginseng root,8.0,8.0,0.0,8.0,129.10301
19098769,Korean ginseng root extract,1.0,0.0,1.0,0.0,
871216,L-Ornithine-L-Aspartate,1.0,0.0,1.0,0.0,
19048046,L-methylfolate,283.0,283.0,0.0,728.0,2.5886
529114,"L1 protein, human papillomavirus type 18 vaccine",34.0,34.0,0.0,83.0,16.334365
45892478,"L1 protein, human papillomavirus type 58 vaccine",9.0,9.0,0.0,9.0,86.01597
529116,"L1 protein, human papillomavirus type 6 vaccine",160.0,160.0,0.0,364.0,4.3313299999999995
19080470,LICORICE EXTRACT,2.0,2.0,0.0,4.0,239.097005
42899437,Lachesis muta venom,2.0,2.0,0.0,2.0,441.98831
19098979,Lactated Ringer's Solution,405.0,405.0,0.0,1274.0,2.42639
45775207,Lacticaseibacillus casei,87.0,87.0,0.0,119.0,7.24101
987128,Lactobacillus,482.0,482.0,0.0,1242.0,2.324865
19060894,Lactobacillus Sporogenes,40.0,40.0,0.0,52.0,10.37904
987153,Lactobacillus acidophilus,1050.0,1050.0,0.0,6917.0,1.565675
19056614,Lactobacillus bifidus,49.0,49.0,0.0,62.0,9.83585
19000382,Lactobacillus delbrueckii subsp. bulgaricus,35.0,35.0,0.0,37.0,18.44058
43525775,Lagerstroemia indica extract,1.0,0.0,1.0,0.0,
35603746,Lantana camara leaf extract,1.0,0.0,1.0,0.0,
19059518,Latrodectus mactans antivenin,7.0,7.0,0.0,8.0,31.12236
19112593,Levabuterol,50.0,50.0,0.0,56.0,6.6896
46275074,Lilium longiflorum bulb extract,1.0,0.0,1.0,0.0,
906902,Limosilactobacillus reuteri,102.0,102.0,0.0,161.0,4.94267
42899362,Lycopus virginicus extract,1.0,0.0,1.0,0.0,
590675,"MEASLES VIRUS VACCINE,LIVE ATTENUATED",1.0,1.0,0.0,1.0,143.4218
19135839,Magnesium salt,72.0,72.0,0.0,137.0,5.982855
42899333,Magnolia officinalis bark extract,4.0,0.0,4.0,0.0,
44785236,Mangifera indica seed extract,1.0,0.0,1.0,0.0,
19071803,Matricaria recutita extract,2.0,0.0,2.0,0.0,
594249,Measles Vaccine,3.0,3.0,0.0,3.0,18.61455
43525849,Melilotus extract,1.0,0.0,1.0,0.0,
42899425,Melissa officinalis extract,4.0,0.0,4.0,0.0,
42899427,Melissa officinalis leaf oil,9.0,9.0,0.0,9.0,9.35771
19010296,Meningitis vaccine,3.0,3.0,0.0,3.0,314.06822
19125388,Menotropins,263.0,263.0,0.0,871.0,5.38646
42899378,Mentha arvensis leaf oil,16.0,16.0,0.0,16.0,14.50717
19097029,Mixed vespid venom,1.0,1.0,0.0,1.0,169.15845
44507650,Monascus purpureus,18.0,18.0,0.0,19.0,23.892965
19100347,Monascus purpureus West,27.0,27.0,0.0,27.0,48.27096
1345632,Morinda citrifolia extract,7.0,0.0,7.0,0.0,
42899387,Morinda citrifolia fruit juice,1.0,1.0,0.0,1.0,4125.88357
42899656,Moringa oleifera leaf extract,3.0,0.0,3.0,0.0,
43525780,Morus alba extract,1.0,0.0,1.0,0.0,
42899669,Morus alba leaf extract,1.0,0.0,1.0,0.0,
42899670,Morus alba root bark extract,1.0,0.0,1.0,0.0,
42899674,Morus nigra fruit extract,1.0,0.0,1.0,0.0,
19135832,Multivitamin preparation,3262.0,3262.0,0.0,291913.0,1.090545
523620,Mumps Vaccine,4.0,4.0,0.0,4.0,5169.029490000001
42899695,Myrtus communis leaf extract,1.0,0.0,1.0,0.0,
42903541,"N,N-dimethylglycine",13.0,13.0,0.0,13.0,31.13426
36249811,N-acetylcarnosine,3.0,0.0,3.0,0.0,
43532052,"N-cyclohexyl-N'-phenyl-1,4-phenylenediamine",1.0,0.0,1.0,0.0,
43013739,N-hydroxysuccinimide,1.0,0.0,1.0,0.0,
37498156,N-monoacetylcystine,1.0,0.0,1.0,0.0,
19126937,NADH,45.0,4.0,41.0,4.0,5023.21111
528301,Neisseria meningitidis serogroup Y capsular polysaccharide diphtheria toxoid protein conjugate vaccine,79.0,79.0,0.0,105.0,4.23288
40173209,Neisseria meningitidis serogroup Y oligosaccharide diphtheria CRM197 protein conjugate vaccine,9.0,9.0,0.0,23.0,13.37739
42899663,Nelumbo nucifera leaf extract,1.0,0.0,1.0,0.0,
42899681,Nerium oleander leaf extract,2.0,2.0,0.0,2.0,244.61178
19127678,Nilotinib Hydrochloride,7.0,7.0,0.0,7.0,116.3817
19082732,Nonoxynol,1.0,1.0,0.0,1.0,
19011130,Normal saline,735.0,735.0,0.0,3791.0,1.76755
42899614,Notopterygium incisum root extract,2.0,0.0,2.0,0.0,
35605949,Ocimum tenuiflorum whole extract,1.0,0.0,1.0,0.0,
42899542,Olea europaea leaf extract,6.0,3.0,3.0,3.0,431.28701
42899564,Ononis campestris root extract,1.0,0.0,1.0,0.0,
19010943,Opiates,174.0,174.0,0.0,309.0,4.773759999999999
43532074,Opuntia ficus-indica extract,1.0,0.0,1.0,0.0,
35200319,Opuntia ficus-indica seed oil,1.0,0.0,1.0,0.0,
571187,OspA protein,38.0,38.0,1.0,38.0,22.791865
40692698,Oteracil,4.0,0.0,4.0,0.0,
873222,Oteracil potassium,14.0,0.0,14.0,0.0,
19059511,Ox bile extract,5.0,5.0,0.0,5.0,119.27199
19070957,"PNEUMOCOCCAL VACCINE, DIPHTHERIA CONJUGATE",67.0,67.0,0.0,91.0,13.98605
42899587,Paeonia lactiflora root extract,1.0,0.0,1.0,0.0,
43012860,Panax notoginseng root extract,5.0,0.0,5.0,0.0,
19065820,Passiflora incarnata extract,5.0,4.0,1.0,6.0,131.464495
42899638,Pelargonium sidoides root extract,1.0,0.0,1.0,0.0,
19126544,Penicillin,1522.0,1522.0,0.0,14170.0,1.71122
42899601,Perilla frutescens leaf extract,1.0,0.0,1.0,0.0,
42899556,Perilla frutescens leaf oil,1.0,1.0,0.0,1.0,
922976,Peruvian balsam,31.0,31.0,0.0,38.0,8.78407
42904128,Petroselinum crispum extract,1.0,0.0,1.0,0.0,
873924,Phosphorylcolamine,10.0,0.0,10.0,0.0,
42899876,Phyllanthus emblica fruit extract,1.0,0.0,1.0,0.0,
21234711,Pixantrone,3.0,0.0,3.0,0.0,
19132965,Plantago seed,16.0,16.0,0.0,17.0,59.875975
42899925,Platycodon grandiflorum root extract,1.0,0.0,1.0,0.0,
19008972,Pneumococcal vaccine,503.0,503.0,0.0,1346.0,2.31985
551977,"Poliovirus Vaccine, Inactivated",10.0,10.0,0.0,10.0,651.9448600000001
1378796,Polypodium leucotomos,22.0,0.0,22.0,0.0,
19135781,Polysaccharides,45.0,45.0,0.0,59.0,18.9244
561429,Polyvalent pneumococcal vaccine,29.0,29.0,0.0,39.0,8.95712
43532145,Porphyra yezoensis extract,1.0,0.0,1.0,0.0,
19054248,Proteins,49.0,49.0,0.0,59.0,7.54856
964165,Prunella vulgaris extract,1.0,0.0,1.0,0.0,
42899953,Prunus armeniaca seed extract,14.0,14.0,0.0,14.0,68.14975
42543805,QS-21,1.0,0.0,1.0,0.0,
19056506,ROSE HIPS,11.0,11.0,0.0,13.0,18.39741
19052552,Rabies antigen,66.0,66.0,0.0,111.0,9.07598
19135932,Rauwolfia alkaloids,1.0,1.0,0.0,1.0,201.54075
1326378,Rauwolfia preparation,6.0,4.0,2.0,4.0,208.10761
19113002,Recombinant Interferon,28.0,28.0,0.0,34.0,12.431215
36943507,Regdanvimab,2.0,0.0,2.0,0.0,
42899772,Rehmannia glutinosa root extract,1.0,0.0,1.0,0.0,
535714,Rho(D) immune globulin,493.0,487.0,12.0,2388.0,2.35579
19070958,Rhus toxicodendron extract,3.0,0.0,3.0,0.0,
19098980,Ringer's solution,299.0,299.0,0.0,696.0,3.06738
875818,Roxadustat,24.0,0.0,24.0,0.0,
42899843,Rubus fruticosus leaf extract,1.0,0.0,1.0,0.0,
19071805,Ruta graveolens preparation,1.0,0.0,1.0,0.0,
1363981,S-adenosylmethionine,18.0,18.0,0.0,18.0,13.728455
19098545,SOY LECITHIN,25.0,25.0,0.0,30.0,13.75296
991855,Saccharomyces boulardii,272.0,272.0,0.0,587.0,2.938185
982105,Saccharomyces boulardii lyo,371.0,371.0,0.0,952.0,2.26715
19136028,Saccharomyces cerevisiae,224.0,224.0,0.0,445.0,3.25794
19136030,"Saline Solution, Hypertonic",147.0,147.0,0.0,338.0,4.92635
42899712,Salix alba bark extract,18.0,18.0,0.0,20.0,11.015705
523202,Salmonella typhi Ty21a live antigen,14.0,14.0,0.0,16.0,52.82852
42899718,Salvia miltiorrhiza root extract,49.0,0.0,49.0,0.0,
44507633,Salvia officinalis whole extract,1.0,0.0,1.0,0.0,
19030860,Sarracenia purpurea preparation,29.0,29.0,0.0,30.0,13.65714
42899748,Schisandra chinensis fruit extract,2.0,0.0,2.0,0.0,
1377445,Schizandra preparation,28.0,0.0,28.0,0.0,
42899749,Schizonepeta tenuifolia flowering top extract,4.0,0.0,4.0,0.0,
960820,Senna leaf extract,1.0,0.0,1.0,0.0,
992409,Senna leaves,14.0,14.0,0.0,14.0,21.673995
19015633,Siberian ginseng preparation,2.0,0.0,2.0,0.0,
19098649,Siberian ginseng root,8.0,8.0,0.0,8.0,129.10301
876348,Sitaxentan,2.0,0.0,2.0,0.0,
19136047,Smallpox Vaccine,27.0,27.0,0.0,32.0,10.73979
19081343,"Sodium Chloride, Bacteriostatic",75.0,75.0,0.0,83.0,9.63149
36964175,Sodium perchlorate,1.0,0.0,1.0,0.0,
43013842,Solanum lycopersicum extract,5.0,0.0,5.0,0.0,
42900086,Sophora flavescens root extract,1.0,0.0,1.0,0.0,
1360890,Spirulina,136.0,136.0,0.0,203.0,5.210495
876830,Squill,1.0,0.0,1.0,0.0,
1398039,St. John's wort extract,1.0,1.0,0.0,2.0,210.80078
42900111,Staphylococcus aureus,3.0,3.0,0.0,3.0,63.86341
40174023,Streptococcus pneumoniae serotype 7F capsular antigen diphtheria CRM197 protein conjugate vaccine,23.0,23.0,0.0,26.0,69.5677
529072,Streptococcus pneumoniae serotype 9V capsular antigen diphtheria CRM197 protein conjugate vaccine,61.0,61.0,0.0,96.0,20.84416
40163710,Streptococcus pneumoniae type 9V capsular polysaccharide antigen,577.0,577.0,0.0,1750.0,2.41875
42900203,Streptococcus pyogenes,19.0,19.0,0.0,21.0,20.0281
42900127,Sus scrofa blood preparation,1.0,0.0,1.0,0.0,
42900142,Sus scrofa embryo preparation,1.0,0.0,1.0,0.0,
42900144,Sus scrofa eye preparation,1.0,0.0,1.0,0.0,
43012989,Symphytum uplandicum leaf extract,2.0,0.0,2.0,0.0,
1718671,Terminalia catappa leaf extract,2.0,0.0,2.0,0.0,
42900212,Thymus oil,9.0,9.0,0.0,11.0,37.54107
43526082,Thymus vulgaris whole extract,3.0,0.0,3.0,0.0,
35896009,Tilmanocept,1.0,0.0,1.0,0.0,
40161488,Timothy grass pollen extract,45.0,45.0,0.0,89.0,7.95724
40221258,Tinospora cordifolia stem extract,1.0,0.0,1.0,0.0,
43525779,Tribulus terrestris extract,1.0,0.0,1.0,0.0,
19057718,Trichophyton antigen,1.0,1.0,0.0,1.0,54263.85689
36930299,Turoctocog alfa pegol,2.0,0.0,2.0,0.0,
1306837,Ubiquinone,50.0,50.0,0.0,59.0,8.327345000000001
42904042,Ulva lactuca extract,1.0,0.0,1.0,0.0,
42900054,Urtica dioica leaf extract,2.0,0.0,2.0,0.0,
42900055,Urtica dioica root extract,2.0,0.0,2.0,0.0,
1315629,Urtica preparation,3.0,0.0,3.0,0.0,
42900063,Vaccinium angustifolium leaf extract,1.0,0.0,1.0,0.0,
42900065,Vaccinium myrtillus leaf extract,1.0,1.0,0.0,1.0,3069.57043
837254,Vernakalant,2.0,0.0,2.0,0.0,
43533021,Vigna radiata extract,1.0,0.0,1.0,0.0,
40687530,Vinflunine,1.0,0.0,1.0,0.0,
43013852,Viola odorata extract,1.0,0.0,1.0,0.0,
42900022,Viscum album leaf extract,16.0,16.0,0.0,22.0,34.04135
1330974,Viscum album preparation,3.0,0.0,3.0,0.0,
46221761,Vitamin B9,26.0,26.0,0.0,28.0,26.437765
19127444,Vitis extract,1.0,0.0,1.0,0.0,
43525901,Vitis vinifera leaf extract,33.0,33.0,0.0,35.0,10.1219
42900068,Vitis vinifera seed extract,5.0,5.0,0.0,5.0,100.35679
42899977,West Indian lemongrass oil,1.0,0.0,1.0,0.0,
42900000,Withania somnifera root extract,3.0,0.0,3.0,0.0,
559532,Yellow Fever Vaccine,79.0,79.0,0.0,120.0,5.7712
1736971,abacavir,1286.0,1286.0,0.0,13587.0,1.56123
19010868,abarelix,121.0,121.0,0.0,178.0,3.75669
1186087,abatacept,1206.0,1206.0,0.0,15470.0,1.2687
19047423,abciximab,448.0,448.0,0.0,2986.0,1.80481
42900395,abetimus,1.0,0.0,1.0,0.0,
40239056,abiraterone,670.0,670.0,0.0,4319.0,1.3912
19135473,acai berry extract,2.0,2.0,0.0,2.0,468.936805
19042819,acai extract,2.0,0.0,2.0,0.0,
42900396,acai oil,59.0,59.0,0.0,84.0,7.71982
19043959,acamprosate,444.0,444.0,0.0,1528.0,2.0931300000000004
1529331,acarbose,888.0,888.0,0.0,5476.0,1.440075
1319998,acebutolol,882.0,882.0,0.0,5314.0,1.621045
37353185,aceclidine,5.0,0.0,5.0,0.0,
19029393,aceclofenac,337.0,337.0,0.0,791.0,2.91693
43532236,aceglutamide,3.0,3.0,0.0,3.0,121.34272
529218,"acellular pertussis vaccine, inactivated",1.0,0.0,1.0,0.0,
19029398,acemetacin,271.0,271.0,0.0,538.0,3.30548
19024063,acenocoumarol,998.0,998.0,0.0,8403.0,1.48336
19018226,acepromazine,47.0,47.0,0.0,73.0,10.74169
19018328,aceprometazine,48.0,48.0,0.0,56.0,18.763625
42898253,acesulfame,1.0,0.0,1.0,0.0,
1125315,acetaminophen,3332.0,3332.0,0.0,337824.0,1.022315
19029248,acetanilide,1.0,1.0,0.0,1.0,
19029306,acetate,627.0,627.0,0.0,2161.0,1.71863
929435,acetazolamide,945.0,945.0,0.0,5334.0,1.58543
19056032,acetiamine,1.0,1.0,0.0,1.0,850.71433
929549,acetic acid,248.0,248.0,0.0,446.0,3.34595
1530014,acetohexamide,62.0,62.0,0.0,64.0,9.79839
929542,acetohydroxamic acid,3.0,3.0,0.0,3.0,53.93009
1734446,acetoin,1.0,0.0,1.0,0.0,
19032614,acetone,37.0,37.0,0.0,51.0,12.83036
19029555,acetophenazine,3.0,3.0,0.0,3.0,60.31871
37003333,acetophenone,4.0,0.0,4.0,0.0,
739716,acetyl tetrapeptide-2,1.0,0.0,1.0,0.0,
19037596,acetylcarnitine,270.0,232.0,47.0,539.0,3.3245899999999997
19037624,acetylcholine,42.0,42.0,0.0,69.0,24.00286
1139042,acetylcysteine,1156.0,1156.0,0.0,9537.0,1.43097
19011193,acetyldigitoxin,4.0,4.0,0.0,5.0,240.348775
19020949,acetyldigoxins,1.0,0.0,1.0,0.0,
43012224,acetyltributyl citrate,1.0,0.0,1.0,0.0,
43531907,acid violet 43,1.0,0.0,1.0,0.0,
19091149,acidulated phosphate fluoride,1.0,0.0,1.0,0.0,
19029644,acipimox,33.0,33.0,0.0,259.0,4.20271
929638,acitretin,715.0,715.0,0.0,3243.0,1.743195
19057483,aclarubicin,110.0,110.0,0.0,228.0,7.860720000000001
42873639,aclidinium,261.0,261.0,0.0,1232.0,1.85043
19058354,aconite,35.0,19.0,17.0,21.0,15.96147
44507446,aconitine,1.0,1.0,0.0,1.0,
1140123,acrivastine,66.0,66.0,0.0,118.0,7.097165
19015397,activated attapulgite,7.0,7.0,0.0,7.0,14.68662
1701928,activated charcoal,322.0,322.0,0.0,942.0,2.76415
1703687,acyclovir,2273.0,2273.0,0.0,61385.0,1.1604
1119119,adalimumab,2934.0,2934.0,0.0,319886.0,0.81549
981774,adapalene,499.0,499.0,0.0,1958.0,2.35273
1729323,adefovir,529.0,529.0,0.0,2952.0,1.68925
19071966,adenine,31.0,31.0,0.0,37.0,19.3277
1309204,adenosine,510.0,510.0,0.0,2048.0,1.78099
19015230,adenosine triphosphate,184.0,184.0,0.0,347.0,4.512935000000001
19023817,adiphenine,2.0,2.0,0.0,2.0,3358.3681349999997
19018406,adipic acid,11.0,11.0,0.0,11.0,20.56349
19112518,adrafinil,35.0,34.0,1.0,45.0,20.988395
19061053,adrenal cortex extract,42.0,15.0,28.0,16.0,100.56455
35603435,adzuki bean extract,1.0,0.0,1.0,0.0,
43533090,afatinib,271.0,271.0,0.0,1142.0,1.72269
37498968,aflatoxin B1,3.0,0.0,3.0,0.0,
40244266,aflibercept,537.0,537.0,0.0,2873.0,1.6449
44507611,afoxolaner,3.0,0.0,3.0,0.0,
19009965,agalsidase alfa,92.0,92.0,0.0,138.0,8.29814
1525746,agalsidase beta,681.0,681.0,0.0,4707.0,1.50457
19103572,air,261.0,261.0,0.0,639.0,2.55551
19105879,ajmaline,121.0,121.0,0.0,221.0,2.67501
19052489,alanine,15.0,15.0,0.0,17.0,16.52251
19018154,alatrofloxacin,1.0,1.0,0.0,1.0,
1753745,albendazole,397.0,397.0,0.0,1818.0,3.04899
44816332,albiglutide,36.0,36.0,0.0,66.0,4.894550000000001
1344143,"albumin human, USP",792.0,792.0,0.0,5835.0,1.61
19082376,"albumin,iodinated I-125 serum",3.0,3.0,0.0,3.0,140.49952
1154343,albuterol,2907.0,2907.0,0.0,233829.0,0.90067
40224159,alcaftadine,116.0,116.0,0.0,536.0,3.408115
905151,alclometasone,259.0,259.0,0.0,526.0,3.61073
42898435,alcloxa,1.0,1.0,0.0,1.0,2929.64033
19056758,alcuronium,9.0,9.0,0.0,9.0,218.61026
1309770,aldesleukin,494.0,494.0,0.0,1857.0,2.274105
19054915,aldioxa,95.0,95.0,0.0,141.0,6.36645
42903427,aldosterone,99.0,99.0,0.0,179.0,4.58051
909959,alefacept,567.0,567.0,0.0,2058.0,1.98008
1312706,alemtuzumab,941.0,941.0,0.0,7865.0,1.94562
1557272,alendronate,2674.0,2674.0,0.0,176555.0,1.05686
19014202,alfacalcidol,1333.0,1333.0,0.0,11655.0,1.6845
1316327,alfalfa oil,157.0,157.0,0.0,292.0,3.63433
45774409,alfaxalone,68.0,68.0,0.0,68.0,11.937435
19059528,alfentanil,284.0,284.0,0.0,845.0,3.21832
930021,alfuzosin,1134.0,1134.0,0.0,9605.0,1.42352
43013872,alginate,27.0,10.0,18.0,10.0,187.97481
19030059,alginic acid,453.0,453.0,0.0,1458.0,2.41615
19057354,alglucerase,44.0,44.0,0.0,53.0,16.967945
19088328,alglucosidase alfa,488.0,488.0,0.0,2830.0,2.09936
19055880,alibendol,18.0,18.0,0.0,18.0,31.00341
1317967,aliskiren,1147.0,1147.0,0.0,14259.0,1.12816
941052,alitretinoin,18.0,18.0,0.0,23.0,11.683475
19030087,alizapride,218.0,218.0,0.0,505.0,3.095655
43012496,all-trans-retinol,1.0,0.0,1.0,0.0,
966376,allantoin,67.0,67.0,0.0,85.0,5.39707
19113034,allobarbital,8.0,8.0,0.0,8.0,70.71667
1167322,allopurinol,2415.0,2415.0,0.0,103227.0,1.09461
37002600,alloxan,56.0,0.0,56.0,0.0,
1330144,allyl sulfide,25.0,0.0,25.0,0.0,
19068397,allylestrenol,35.0,35.0,0.0,41.0,19.23984
19018431,alminoprofen,16.0,16.0,0.0,16.0,24.99231
19113052,almitrine,27.0,27.0,0.0,32.0,21.6242
42900339,almond oil,2.0,2.0,0.0,2.0,495.058885
1103552,almotriptan,390.0,390.0,0.0,1174.0,2.33114
960900,aloe extract,130.0,130.0,0.0,199.0,4.04751
958994,aloe polysaccharide,7.0,0.0,7.0,0.0,
42900341,aloe vera leaf extract,14.0,13.0,1.0,13.0,20.87358
43013884,alogliptin,283.0,283.0,0.0,830.0,3.43399
19030323,aloglutamol,15.0,15.0,0.0,15.0,19.14541
948555,alosetron,304.0,304.0,0.0,1170.0,2.25401
19018432,aloxiprin,54.0,54.0,0.0,59.0,11.1574
1169352,alpha 1-antitrypsin,474.0,393.0,109.0,2245.0,1.54834
19056581,alpha hydroxy acids,13.0,0.0,13.0,0.0,
1718620,alpha ionone,3.0,0.0,3.0,0.0,
19056802,alpha tocopherol,14.0,14.0,0.0,19.0,79.44152
998598,alpha-D-galactosidase enzyme,223.0,223.0,0.0,496.0,2.8575
19115053,alpha-amylase,9.0,9.0,0.0,10.0,59.78072
43012295,alpha-arbutin,2.0,0.0,2.0,0.0,
1146225,alpha-asarone,9.0,0.0,9.0,0.0,
43012225,alpha-cyclodextrin,2.0,0.0,2.0,0.0,
19018434,alpha-ketoglutaric acid,22.0,1.0,21.0,1.0,522.63537
43525946,alpha-tocopherylquinone,2.0,0.0,2.0,0.0,
19080847,alphaprodine,3.0,3.0,0.0,3.0,36.44024
781039,alprazolam,2793.0,2793.0,0.0,187444.0,0.9223
19081284,alprenolol,21.0,21.0,0.0,25.0,11.92319
1381504,alprostadil,686.0,686.0,0.0,2593.0,2.02467
19081667,alseroxylon,2.0,2.0,0.0,2.0,197.74579
1347450,alteplase,880.0,880.0,0.0,6166.0,1.4077799999999998
19018435,althiazide,50.0,50.0,0.0,68.0,13.099225
1368823,altretamine,59.0,59.0,0.0,69.0,8.17447
19052619,"alum, potassium",1.0,0.0,1.0,0.0,
42898412,aluminum,120.0,120.0,0.0,146.0,6.151995
930604,aluminum acetate,16.0,16.0,0.0,20.0,22.60069
19084912,aluminum aspirin,16.0,16.0,0.0,17.0,42.73378
959420,aluminum carbonate,3.0,3.0,0.0,3.0,29.76002
45775141,aluminum cation,1.0,0.0,1.0,0.0,
957393,aluminum chloride,174.0,174.0,0.0,352.0,6.196645
985247,aluminum hydroxide,1050.0,1050.0,0.0,7255.0,1.5674800000000002
19018438,aluminum magnesium silicate,26.0,26.0,0.0,27.0,8.33168
1145479,aluminum nitrate,1.0,0.0,1.0,0.0,
19123348,aluminum oxide,4.0,4.0,0.0,4.0,149.34725500000002
19030675,aluminum phosphate,25.0,25.0,0.0,26.0,43.72213
43012256,aluminum silicate,13.0,13.0,0.0,13.0,30.92382
19055136,aluminum subacetate,1.0,0.0,1.0,0.0,
19030692,aluminum sulfate,76.0,76.0,0.0,94.0,7.0154
42898269,aluminum zirconium tetrachlorohydrex gly,4.0,4.0,0.0,4.0,765.981165
43013265,aluminum zirconium trichlorohydrex gly,1.0,1.0,0.0,1.0,1769.12953
19030751,alverine,173.0,173.0,0.0,429.0,4.60378
19059654,alvimopan,102.0,102.0,0.0,194.0,6.494695
19087090,amantadine,1260.0,1260.0,0.0,13429.0,1.260825
787362,ambenonium,129.0,129.0,0.0,189.0,4.46425
42898385,amber,25.0,23.0,2.0,23.0,15.49425
42898386,ambergris,1.0,1.0,0.0,1.0,4293.48846
702196,ambrein,1.0,0.0,1.0,0.0,
1337068,ambrisentan,1147.0,1147.0,0.0,51309.0,0.51502
19088167,ambroxol,630.0,630.0,0.0,2656.0,2.18018
19034009,ambroxol-theophylline-7-acetate,23.0,23.0,0.0,26.0,14.97089
930747,amcinonide,173.0,173.0,0.0,233.0,4.86461
19088223,amdinocillin pivoxil,49.0,49.0,0.0,61.0,11.97482
746280,amentoflavone,14.0,0.0,14.0,0.0,
19030847,amezinium,128.0,125.0,3.0,195.0,6.08808
1350040,amifostine,441.0,441.0,0.0,2076.0,1.85586
1790868,amikacin,932.0,932.0,0.0,7125.0,2.03335
19066568,amilomer,10.0,9.0,1.0,21.0,142.64915
991382,amiloride,1010.0,1010.0,0.0,6195.0,1.52339
43532237,amiloxate,1.0,0.0,1.0,0.0,
19112527,aminaphthone,4.0,0.0,4.0,0.0,
19032424,amineptin,18.0,0.0,18.0,0.0,
1310325,aminocaproate,1.0,0.0,1.0,0.0,
1503057,aminoglutethimide,74.0,74.0,0.0,88.0,8.261935
924120,aminolevulinate,49.0,49.0,0.0,75.0,21.0662
904351,aminolevulinic acid,46.0,46.0,0.0,66.0,6.85004
1105775,aminophylline,527.0,527.0,0.0,2281.0,1.8322
44506771,aminopterin,8.0,8.0,0.0,9.0,830.4977100000001
19125628,aminopyrine,22.0,22.0,0.0,28.0,11.11474
19018481,aminoquinuride,13.0,13.0,0.0,13.0,62.2868
19010337,aminosalicylate,16.0,4.0,12.0,4.0,392.338155
1726228,aminosalicylic acid,190.0,190.0,0.0,387.0,5.51601
1309944,amiodarone,1907.0,1907.0,0.0,60304.0,0.98421
19057607,amisulpride,759.0,759.0,0.0,5272.0,1.68828
40170322,amitraz,2.0,2.0,0.0,2.0,1662.01461
710062,amitriptyline,2424.0,2424.0,0.0,93104.0,1.110645
957623,amlexanox,40.0,40.0,0.0,46.0,14.03705
1332418,amlodipine,3086.0,3086.0,0.0,286498.0,1.00456
42800417,ammonia,18.0,18.0,0.0,19.0,8.917015
42903733,ammoniac,1.0,0.0,1.0,0.0,
19126894,ammonium,56.0,56.0,0.0,66.0,8.486425
912362,ammonium chloride,61.0,61.0,0.0,70.0,10.31252
19032612,ammonium phosphate,1.0,0.0,1.0,0.0,
43012197,ammonium sulfate,2.0,2.0,0.0,2.0,207.317155
712757,amobarbital,56.0,56.0,0.0,69.0,8.00011
19012922,amodiaquine,26.0,26.0,0.0,34.0,54.86233
44506774,amonafide,3.0,0.0,3.0,0.0,
19032619,amorolfine,133.0,133.0,0.0,231.0,5.19103
746760,amosulalol,2.0,0.0,2.0,0.0,
713109,amoxapine,435.0,435.0,0.0,1287.0,2.34214
1713332,amoxicillin,2348.0,2348.0,0.0,62805.0,1.308295
714785,amphetamine,554.0,554.0,0.0,2619.0,1.418335
952045,amphotericin,123.0,123.0,0.0,181.0,6.33973
1717240,amphotericin B,1129.0,1129.0,0.0,9849.0,1.84063
1717327,ampicillin,1258.0,1258.0,0.0,7455.0,1.870035
1789428,amprenavir,339.0,339.0,0.0,927.0,3.46273
19017810,amsacrine,199.0,199.0,0.0,492.0,5.3736
43013954,amyl acetate,1.0,0.0,1.0,0.0,
1319051,amyl nitrite,9.0,9.0,0.0,9.0,13.48827
919204,amylase,236.0,236.0,0.0,428.0,3.50454
19048016,amylocaine,2.0,2.0,0.0,2.0,881.572695
1381253,anagrelide,537.0,537.0,0.0,1896.0,1.94651
1114375,anakinra,624.0,624.0,0.0,2681.0,2.20164
1348265,anastrozole,1859.0,1859.0,0.0,48014.0,1.22778
19018070,ancestim,2.0,2.0,0.0,2.0,518.255235
19024544,ancrod,2.0,2.0,0.0,2.0,991.24211
19026277,androstenedione,97.0,32.0,68.0,32.0,8.887129999999999
19032630,anethole,11.0,11.0,0.0,11.0,15.70162
19041226,anethole trithione,141.0,141.0,0.0,206.0,5.98892
1735026,angelicin,15.0,0.0,15.0,0.0,
19026450,anidulafungin,202.0,202.0,0.0,508.0,3.796835
19032662,anileridine,3.0,3.0,0.0,3.0,48.82709
44507464,aniline,12.0,12.0,0.0,12.0,117.074445
19032667,aniracetam,34.0,21.0,14.0,23.0,15.3475
19044890,anistreplase,9.0,9.0,0.0,9.0,56.6236
42903680,annatto extract,3.0,0.0,3.0,0.0,
951237,antazoline,10.0,10.0,0.0,11.0,185.485625
952538,anthralin,13.0,13.0,0.0,14.0,12.0065
19080406,anti-inhibitor coagulant complex,193.0,193.0,0.0,571.0,2.89283
1301841,"antihemophilic factor (recombinant), Fc-VWF-XTEN fusion protein",1.0,0.0,1.0,0.0,
19136041,antilymphocyte immunoglobulin,74.0,74.0,0.0,98.0,12.97279
42898339,antimony,3.0,3.0,0.0,3.0,304.39572
45775357,antimony cation (5+),9.0,0.0,9.0,0.0,
19067810,antimony potassium tartrate,1.0,1.0,0.0,1.0,314.38887
739756,antimony trioxide,1.0,0.0,1.0,0.0,
44814271,antioxidant 119,188.0,188.0,0.0,462.0,3.6014
1036059,antipyrine,121.0,121.0,0.0,189.0,5.05117
1436169,antithrombin III,203.0,203.0,0.0,484.0,4.98694
19136654,apazone,4.0,4.0,0.0,4.0,124.378225
43013466,apigenin,104.0,0.0,104.0,0.0,
19013727,apiole,3.0,0.0,3.0,0.0,
43013024,apixaban,645.0,645.0,0.0,5010.0,1.34438
837027,apomorphine,466.0,466.0,0.0,1773.0,1.92257
1337331,apple cider vinegar,95.0,85.0,11.0,113.0,4.52453
43531919,apple extract,5.0,0.0,5.0,0.0,
42904271,apple juice,5.0,5.0,0.0,5.0,41.67971
904205,apple pectin,20.0,20.0,0.0,23.0,9.12389
919986,apraclonidine,111.0,111.0,0.0,238.0,7.83472
44816294,apremilast,219.0,219.0,0.0,1767.0,1.60688
936748,aprepitant,832.0,832.0,0.0,8354.0,1.28748
42904131,apricot extract,5.0,5.0,0.0,5.0,20.62518
19006969,aprindine,184.0,171.0,19.0,335.0,5.67844
19030299,aprobarbital,1.0,1.0,0.0,1.0,55.84366
19000729,aprotinin,373.0,373.0,0.0,11416.0,0.3445
40169416,arabica coffee bean allergenic extract,1.0,0.0,1.0,0.0,
19101402,arbekacin,136.0,136.0,0.0,363.0,4.360285
43012506,arbutin,19.0,4.0,15.0,12.0,4521.07848
19053746,ardeparin,2.0,2.0,0.0,2.0,6682.3807799999995
1111220,arformoterol,400.0,400.0,0.0,1712.0,1.7750400000000002
42900398,argan oil,4.0,3.0,1.0,3.0,36.27844
1322207,argatroban,377.0,377.0,0.0,1351.0,2.17077
19006410,arginine,340.0,340.0,0.0,786.0,2.264535
19011039,arginine glutamate,11.0,11.0,0.0,11.0,150.20294
43013470,argon,2.0,2.0,0.0,2.0,36.90343
1735419,arimoclomol,7.0,0.0,7.0,0.0,
757688,aripiprazole,1756.0,1756.0,0.0,53582.0,0.8221849999999999
19090984,armodafinil,906.0,906.0,0.0,9107.0,1.154625
45892127,aromadendrin,2.0,0.0,2.0,0.0,
19010961,arsenic,66.0,66.0,0.0,94.0,9.94264
1333379,arsenic trioxide,465.0,465.0,0.0,2307.0,1.74294
19033634,artemether,50.0,50.0,0.0,63.0,14.725225000000002
19018511,artesunate,77.0,77.0,0.0,132.0,10.28539
19080512,articaine,276.0,276.0,0.0,963.0,2.73236
19015539,asafetida extract,1.0,0.0,1.0,0.0,
43013471,ascorbate,92.0,2.0,90.0,2.0,767.8955199999999
40241654,ascorbate manganese,3.0,3.0,0.0,3.0,189.59027
19011773,ascorbic acid,2177.0,2177.0,0.0,66928.0,1.14861
42904198,ascorbyl tetraisopalmitate,2.0,0.0,2.0,0.0,
40164052,asenapine,557.0,557.0,0.0,6647.0,1.18294
45774608,asiatic acid,32.0,0.0,32.0,0.0,
19033691,asiaticoside,29.0,4.0,25.0,4.0,225.600645
19012585,asparaginase,808.0,808.0,0.0,6671.0,1.903105
19011069,asparagine,28.0,28.0,0.0,30.0,20.39323
42898318,aspartame,80.0,80.0,0.0,112.0,5.368270000000001
19052059,aspartate,29.0,29.0,0.0,31.0,12.92016
19012686,aspartic acid,72.0,72.0,0.0,86.0,9.494785
1112807,aspirin,3371.0,3371.0,0.0,538594.0,0.88321
40244281,astaxanthin,59.0,59.0,0.0,89.0,7.64857
1150770,astemizole,88.0,88.0,0.0,117.0,5.192869999999999
46233931,asunaprevir,29.0,29.0,0.0,47.0,23.87915
1727223,atazanavir,1212.0,1212.0,0.0,12386.0,1.49488
1314002,atenolol,2613.0,2613.0,0.0,152268.0,0.99188
742185,atomoxetine,1124.0,1124.0,0.0,21255.0,0.859605
1545958,atorvastatin,2933.0,2933.0,0.0,277099.0,0.89737
19122136,atosiban,100.0,100.0,0.0,318.0,12.7464
1781733,atovaquone,674.0,674.0,0.0,3119.0,2.08892
19014341,atracurium,331.0,331.0,0.0,1340.0,2.58354
1465956,atrasentan,12.0,0.0,12.0,0.0,
914335,atropine,1206.0,1206.0,0.0,9363.0,1.49917
933794,attapulgite,302.0,302.0,0.0,590.0,3.0238050000000003
1114771,auranofin,190.0,190.0,0.0,335.0,3.960935
1163570,aurothioglucose,48.0,48.0,0.0,50.0,19.981465
1152134,aurothiomalate,112.0,104.0,10.0,140.0,6.05886
40224705,autologous cultured chondrocytes,82.0,82.0,0.0,320.0,8.80757
746414,avacincaptad pegol,1.0,0.0,1.0,0.0,
42800040,avanafil,14.0,14.0,0.0,23.0,2.46712
46276232,avilamycin,1.0,0.0,1.0,0.0,
19111235,avobenzone,4.0,4.0,0.0,5.0,516.19428
42900329,avocado oil,13.0,13.0,0.0,13.0,30.43908
42709322,axitinib,519.0,519.0,0.0,3629.0,1.18503
1314865,azacitidine,884.0,884.0,0.0,10783.0,1.19158
1133993,azatadine,28.0,28.0,0.0,32.0,43.103404999999995
19014878,azathioprine,2288.0,2288.0,0.0,49215.0,1.538995
934075,azelastine,1192.0,1192.0,0.0,10721.0,1.49854
986790,azelate,335.0,335.0,0.0,1296.0,1.92673
40241205,azficel-T,2.0,2.0,0.0,2.0,4752.489625
19018516,azidocillin,6.0,0.0,6.0,0.0,
40235485,azilsartan,211.0,211.0,0.0,466.0,3.03717
19102306,azintamide,11.0,10.0,1.0,10.0,160.93722000000002
1734104,azithromycin,2299.0,2299.0,0.0,59041.0,1.29252
19015123,azlocillin,12.0,12.0,0.0,12.0,18.085135
19018517,azosemide,434.0,430.0,8.0,1770.0,2.5938350000000003
1715117,aztreonam,572.0,572.0,0.0,2746.0,1.769685
1734205,bacampicillin,18.0,18.0,0.0,22.0,35.809754999999996
915175,bacitracin,703.0,703.0,0.0,2762.0,2.04361
715233,baclofen,2007.0,2007.0,0.0,69014.0,0.86099
45775438,baicalein,99.0,0.0,99.0,0.0,
44506770,baicalin,132.0,0.0,132.0,0.0,
43013939,bakuchiol,12.0,0.0,12.0,0.0,
934262,balsalazide,516.0,516.0,0.0,2244.0,1.72764
43525835,bamboo extract,5.0,0.0,5.0,0.0,
19034275,bambuterol,92.0,92.0,0.0,130.0,8.94856
19015342,bamethan,1.0,1.0,0.0,1.0,239.4233
19018518,bamifylline,206.0,206.0,0.0,611.0,2.84795
19034280,bamipine,1.0,1.0,0.0,1.0,183.17549
19071778,banana extract,2.0,0.0,2.0,0.0,
1536881,banana peel extract,1.0,0.0,1.0,0.0,
19066569,barberry extract,1.0,0.0,1.0,0.0,
19112534,barbexaclone,34.0,31.0,4.0,98.0,24.38035
19015346,barbital,24.0,24.0,0.0,25.0,23.70427
42898624,barium,79.0,79.0,0.0,182.0,6.10178
19011331,barium sulfate,186.0,186.0,0.0,644.0,2.9455850000000003
19070896,barley grain,1.0,0.0,1.0,0.0,
43012175,basil oil,33.0,33.0,0.0,41.0,11.71102
19038440,basiliximab,905.0,905.0,0.0,6431.0,2.26091
42898651,batilol,10.0,10.0,0.0,11.0,193.00112
42898652,bay leaf oil,26.0,26.0,0.0,28.0,18.450944999999997
44506794,bazedoxifene,89.0,89.0,0.0,151.0,4.88033
1401574,bearberry preparation,2.0,0.0,2.0,0.0,
912476,becaplermin,162.0,162.0,0.0,229.0,6.81813
19018520,beclamide,58.0,58.0,0.0,61.0,5.111675
1115572,beclomethasone,1488.0,1488.0,0.0,18741.0,1.228845
43012518,bedaquiline,36.0,36.0,0.0,55.0,6.836075
19096743,bee pollen,137.0,128.0,11.0,226.0,3.208595
19082737,beets preparation,7.0,0.0,7.0,0.0,
40239665,belatacept,329.0,329.0,0.0,1069.0,4.20036
40236987,belimumab,670.0,670.0,0.0,5703.0,1.435775
45776670,belinostat,38.0,38.0,0.0,46.0,10.317795
1116109,belladonna alkaloids,135.0,135.0,0.0,213.0,4.42847
958527,"belladonna extract, USP",273.0,273.0,0.0,534.0,3.19587
19080407,belladonna leaf extract,43.0,43.0,0.0,68.0,6.18763
19069137,bemiparin,43.0,43.0,0.0,52.0,22.82577
1335471,benazepril,1702.0,1702.0,0.0,35822.0,1.13884
19016320,bencyclane,32.0,25.0,7.0,29.0,19.77767
19015523,bendamustine,800.0,800.0,0.0,8899.0,1.393795
1316354,bendroflumethiazide,1100.0,1100.0,0.0,13663.0,1.364495
19035533,benfluorex,291.0,291.0,0.0,763.0,3.61017
19016435,benorilate,21.0,21.0,0.0,25.0,49.74153
935529,benoxinate,76.0,76.0,0.0,100.0,9.91475
19016440,benperidol,74.0,74.0,0.0,125.0,9.08116
19056541,benproperine,34.0,34.0,0.0,41.0,22.705045
19016463,benserazide,704.0,704.0,0.0,3716.0,1.71496
19016467,bentonite,6.0,6.0,0.0,6.0,104.058945
916460,benzalkonium,103.0,103.0,0.0,129.0,7.16675
19035598,benzarone,2.0,2.0,0.0,2.0,165.97004
19016754,benzbromarone,470.0,470.0,0.0,1577.0,2.55656
916802,benzethonium,66.0,66.0,0.0,75.0,14.5365
711452,benzoate,131.0,131.0,0.0,199.0,4.45122
917006,benzocaine,534.0,534.0,0.0,1969.0,2.022945
19011438,benzoin resin,18.0,18.0,0.0,22.0,83.40046
1136601,benzonatate,1245.0,1245.0,0.0,11183.0,1.52119
19018546,benzophenone,17.0,17.0,0.0,17.0,21.90127
42903933,benzophenone-2,1.0,0.0,1.0,0.0,
36026781,benzopyrene,1.0,0.0,1.0,0.0,
19056737,benzoxonium,1.0,1.0,0.0,1.0,528.55018
918172,benzoyl peroxide,786.0,786.0,0.0,4156.0,1.58311
719128,benzphetamine,70.0,70.0,0.0,92.0,9.14657
19036731,benzthiazide,7.0,7.0,0.0,10.0,45.16768
719174,benztropine,988.0,988.0,0.0,9254.0,1.232925
19019620,benzydamine,281.0,281.0,0.0,1091.0,2.44083
919681,benzyl alcohol,45.0,45.0,0.0,59.0,4.9319
19036946,benzyl benzoate,38.0,38.0,0.0,45.0,15.898035
1146093,benzylamine,3.0,0.0,3.0,0.0,
19018603,benzylparaben,1.0,0.0,1.0,0.0,
19037035,benzylpenicilloyl polylysine,8.0,8.0,0.0,10.0,78.888545
19018604,benzylthiouracil,13.0,13.0,0.0,13.0,35.37845
40166571,bepotastine,329.0,329.0,0.0,955.0,2.97407
1319751,bepridil,190.0,190.0,0.0,401.0,5.017580000000001
19057932,beractant,185.0,185.0,0.0,546.0,4.21362
19012197,berberine,50.0,50.0,0.0,68.0,11.225985
1201299,beremagene geperpavec,1.0,0.0,1.0,0.0,
40161662,besifloxacin,109.0,109.0,0.0,382.0,3.64555
19037223,beta carotene,263.0,263.0,0.0,577.0,3.11504
19112540,beta sitosterol,4.0,4.0,0.0,5.0,353.8696
19123344,beta-alanine,27.0,27.0,0.0,29.0,22.82299
43532233,"beta-citronellol, (+-)-",2.0,0.0,2.0,0.0,
1594750,beta-pinene,1.0,0.0,1.0,0.0,
42903462,beta-thujaplicin,20.0,0.0,20.0,0.0,
43012190,betadex,17.0,1.0,16.0,1.0,32407.58013
19020124,betahistine,697.0,697.0,0.0,3517.0,1.71485
1520218,betaine,225.0,225.0,0.0,377.0,4.77975
920458,betamethasone,1802.0,1802.0,0.0,19580.0,1.65372
1322081,betaxolol,704.0,704.0,0.0,2766.0,1.88738
937439,bethanechol,619.0,619.0,0.0,2262.0,1.78098
19022533,bethanidine,1.0,1.0,0.0,1.0,9629.68095
37003415,betulin,27.0,0.0,27.0,0.0,
1397141,bevacizumab,1903.0,1903.0,0.0,60029.0,1.07027
1301517,bexagliflozin,3.0,0.0,3.0,0.0,
1389888,bexarotene,265.0,265.0,0.0,672.0,3.27937
19022956,bezafibrate,607.0,607.0,0.0,2520.0,1.94484
1344381,bicalutamide,1221.0,1221.0,0.0,11423.0,1.46459
45775351,bicarbonate ion,384.0,380.0,5.0,971.0,2.419625
19055954,biclotymol,70.0,70.0,0.0,100.0,11.27713
19058055,bifemelane,4.0,0.0,4.0,0.0,
19037560,bifonazole,95.0,95.0,0.0,140.0,7.80264
1314955,bilberry extract,26.0,14.0,12.0,14.0,15.24904
19024068,bile salts,1.0,1.0,0.0,3.0,64.43896
904525,bimatoprost,1015.0,1015.0,0.0,12514.0,0.79349
19024770,biotin,903.0,903.0,0.0,6785.0,1.54224
724908,biperiden,861.0,861.0,0.0,6923.0,1.49712
46221338,bis-PEG-PPG-14-14 dimethicone,25.0,25.0,0.0,25.0,32.24222
924939,bisacodyl,1527.0,1527.0,0.0,19808.0,1.3231
19025138,bismuth,69.0,69.0,0.0,99.0,5.42309
19037706,bismuth oxide,1.0,1.0,0.0,1.0,7759.912
42900374,bismuth oxychloride,1.0,0.0,1.0,0.0,
779579,bismuth phosphate,1.0,0.0,1.0,0.0,
19037731,bismuth subcarbonate,12.0,12.0,0.0,12.0,19.43567
958134,bismuth subcitrate,10.0,10.0,0.0,10.0,25.399185
937725,bismuth subgallate,39.0,39.0,0.0,39.0,15.55556
19037794,bismuth subnitrate,23.0,23.0,0.0,24.0,19.72863
937791,bismuth subsalicylate,601.0,601.0,0.0,2869.0,1.74449
19058100,bismuth tribromophenate,10.0,10.0,0.0,11.0,31.7356
1338005,bisoprolol,2158.0,2158.0,0.0,63215.0,1.1022949999999998
1138050,bitolterol,41.0,41.0,0.0,45.0,10.61353
19084670,bivalirudin,424.0,424.0,0.0,2385.0,1.847535
1510968,black carrot extract,1.0,0.0,1.0,0.0,
1391648,black cohosh extract,22.0,22.0,0.0,24.0,20.243505
44785611,black currant juice,1.0,0.0,1.0,0.0,
19017807,black currant oil,43.0,43.0,0.0,51.0,9.49553
19066500,black pepper preparation,3.0,0.0,3.0,0.0,
1329241,bleomycin,757.0,757.0,0.0,5497.0,2.24035
45892531,blinatumomab,5.0,5.0,0.0,5.0,1407.84805
45776590,blueberry extract,16.0,9.0,7.0,9.0,62.82683
40238770,boceprevir,1188.0,1188.0,0.0,25039.0,0.944615
19038433,bone meal,33.0,33.0,0.0,68.0,7.20787
19018640,bopindolol,19.0,17.0,3.0,21.0,15.37031
19005918,borage oil,127.0,127.0,0.0,199.0,5.14211
929698,boric acid,67.0,67.0,0.0,82.0,11.71454
19018661,bornaprine,32.0,31.0,2.0,38.0,56.4312
44814486,bornyl acetate,4.0,0.0,4.0,0.0,
19029824,boron,104.0,104.0,0.0,154.0,5.177555
19082847,boron citrate,2.0,0.0,2.0,0.0,
43012294,boron nitride,1.0,0.0,1.0,0.0,
1336825,bortezomib,1733.0,1733.0,0.0,41207.0,1.225
1321636,bosentan,1483.0,1483.0,0.0,35426.0,0.75779
19113007,bosentan monohydrate,9.0,9.0,0.0,9.0,79.60396
42900401,bosutinib,223.0,223.0,0.0,971.0,1.89436
40161071,boswellia preparation,17.0,0.0,17.0,0.0,
729855,botulinum toxin type A,471.0,471.0,0.0,2148.0,2.27334
729959,botulinum toxin type B,39.0,39.0,0.0,53.0,17.44729
19056450,botulism antitoxin A,45.0,45.0,0.0,79.0,12.33387
19072699,botulism immune globulin IV human,1.0,1.0,0.0,1.0,291.38803
1037015,bran,26.0,26.0,0.0,26.0,10.60495
37353986,brensocatib,3.0,0.0,3.0,0.0,
40241969,brentuximab vedotin,490.0,490.0,0.0,2422.0,2.26944
19038998,bretylium,23.0,23.0,0.0,29.0,19.33022
19039029,brilliant green,6.0,6.0,0.0,6.0,54.325535
915542,brimonidine,1137.0,1137.0,0.0,12397.0,1.06428
938044,brinzolamide,691.0,691.0,0.0,3657.0,1.67809
19122130,brivudine,57.0,57.0,0.0,127.0,13.78617
35603383,broccoli sprout extract,1.0,0.0,1.0,0.0,
19018742,brodimoprim,10.0,0.0,10.0,0.0,
19030353,bromazepam,1433.0,1433.0,0.0,15525.0,1.41911
19030387,bromelains,176.0,176.0,0.0,296.0,4.42344
1139179,bromfenac,377.0,377.0,0.0,998.0,2.73788
19030493,bromhexine,480.0,480.0,0.0,1886.0,2.1337349999999997
45775348,bromide ion,1.0,0.0,1.0,0.0,
42898570,bromine,9.0,9.0,0.0,9.0,30.02015
730548,bromocriptine,797.0,797.0,0.0,3870.0,1.83669
19018980,bromopride,244.0,242.0,5.0,493.0,2.799505
19039227,bromperidol,121.0,121.0,0.0,234.0,6.17207
1130863,brompheniramine,560.0,560.0,0.0,2006.0,1.809715
19039262,brotizolam,1074.0,1074.0,0.0,9302.0,1.52167
19011415,brown mixture,105.0,105.0,0.0,171.0,7.17333
1735390,bruceantin,1.0,0.0,1.0,0.0,
19056342,buchu,6.0,6.0,0.0,6.0,18.985715
19081195,buclizine,58.0,58.0,0.0,90.0,7.920785
939259,budesonide,1943.0,1943.0,0.0,46408.0,1.03971
19019932,budipine,4.0,1.0,4.0,1.0,52.33874
19032724,bufexamac,53.0,53.0,0.0,58.0,15.21004
19039639,buflomedil,386.0,386.0,0.0,1240.0,3.16029
932745,bumetanide,1351.0,1351.0,0.0,17325.0,1.1008
19020092,bunazosin,125.0,116.0,10.0,187.0,9.439335
732893,bupivacaine,1029.0,1029.0,0.0,9431.0,1.41097
19018489,bupranolol,7.0,2.0,5.0,2.0,1502.043075
1133201,buprenorphine,2431.0,2431.0,0.0,89391.0,0.87312
750982,bupropion,2458.0,2458.0,0.0,123497.0,0.91752
19091254,burdock root extract,1.0,0.0,1.0,0.0,
19033280,buserelin,159.0,159.0,0.0,270.0,5.29424
733301,buspirone,1489.0,1489.0,0.0,23088.0,1.21116
1333357,busulfan,922.0,922.0,0.0,10606.0,1.636015
959174,butabarbital,158.0,158.0,0.0,217.0,4.5246949999999995
40169521,butafosfan,2.0,0.0,2.0,0.0,
19018488,butalamine,2.0,1.0,1.0,1.0,36.7947
1139699,butalbital,1314.0,1314.0,0.0,14006.0,1.33013
939726,butamben,7.0,7.0,0.0,7.0,31.02588
19039762,butamirate,23.0,23.0,0.0,26.0,12.32451
42898521,butane,6.0,6.0,0.0,32.0,735.9096000000001
19056408,butcher's broom preparation,21.0,20.0,1.0,21.0,27.558575
958396,butenafine,256.0,256.0,0.0,507.0,2.10217
19024761,butethamate citrate,2.0,2.0,0.0,2.0,311.86497499999996
19039770,buthiazide,1.0,1.0,0.0,1.0,78.40027
19039767,butobarbital,2.0,2.0,0.0,2.0,194.070595
939784,butoconazole,97.0,97.0,0.0,108.0,8.80839
1133732,butorphanol,512.0,512.0,0.0,1790.0,1.6243
43012243,butylated hydroxyanisole,2.0,2.0,0.0,2.0,177.397515
19033780,butylated hydroxytoluene,1.0,1.0,0.0,1.0,
40234201,butylscopolamine,678.0,678.0,0.0,3346.0,1.771215
19122139,butyrate,12.0,12.0,0.0,12.0,23.562885
40222431,cabazitaxel,363.0,363.0,0.0,1327.0,2.27314
1558471,cabergoline,947.0,947.0,0.0,5566.0,1.69264
43012292,cabozantinib,346.0,346.0,0.0,1993.0,1.435645
1740226,cadexomer iodine,91.0,91.0,0.0,111.0,6.85675
19058510,cafedrine,10.0,10.0,0.0,10.0,21.00383
42900350,caffeic acid,49.0,0.0,49.0,0.0,
1134439,caffeine,1270.0,1270.0,0.0,13523.0,1.237275
42900351,cajuput oil,3.0,3.0,0.0,3.0,651.36669
902616,calamine,207.0,207.0,0.0,356.0,3.44909
43533116,calamus oil,1.0,1.0,0.0,3.0,
19035569,calcifediol,358.0,358.0,0.0,904.0,3.2572850000000004
908921,calcipotriene,656.0,656.0,0.0,2415.0,1.96423
42900359,calcitonin,568.0,568.0,0.0,1871.0,2.113205
19035631,calcitriol,1520.0,1520.0,0.0,16884.0,1.32626
19018544,calcium,2684.0,2684.0,0.0,157252.0,1.067065
951469,calcium acetate,1105.0,1105.0,0.0,10589.0,1.22882
19058549,calcium alginate,40.0,40.0,0.0,49.0,11.8366
1319219,calcium ascorbate,150.0,150.0,0.0,281.0,3.28766
19071869,calcium aspartate,352.0,352.0,0.0,978.0,3.2946
43526455,calcium bicarbonate,63.0,62.0,1.0,69.0,10.145745
19018639,calcium bromide,2.0,2.0,0.0,2.0,290.65183
19018547,calcium carbimide,14.0,14.0,0.0,14.0,66.35701
19035704,calcium carbonate,2379.0,2376.0,8.0,75294.0,1.202535
19097016,"calcium carbonate, precipitated",240.0,239.0,1.0,579.0,3.92821
19036781,calcium chloride,695.0,695.0,0.0,3678.0,1.30661
19058572,calcium citrate,1291.0,1291.0,0.0,13711.0,1.51795
19127547,calcium citrate malate,5.0,3.0,2.0,3.0,98.60574
19018601,calcium fluoride,6.0,6.0,0.0,6.0,278.997925
19097867,calcium glubionate,132.0,132.0,0.0,187.0,6.15599
19058867,calcium gluceptate,5.0,5.0,0.0,5.0,133.70223
19037038,calcium gluconate,1321.0,1321.0,0.0,13330.0,1.28059
1337159,calcium glycerophosphate,170.0,170.0,0.0,310.0,6.42834
43533002,calcium hydride,1.0,0.0,1.0,0.0,
1337191,calcium hydroxide,33.0,6.0,27.0,6.0,32.54043
42903945,calcium ion,45.0,0.0,45.0,0.0,
19058896,calcium lactate,383.0,383.0,0.0,1010.0,2.62391
19090802,calcium lactobionate,6.0,6.0,0.0,6.0,9668.671535
19058971,calcium levulinate,3.0,3.0,0.0,3.0,43.5016
19090806,calcium orotate,2.0,2.0,0.0,2.0,33.229254999999995
44784716,calcium oxalate,1.0,1.0,0.0,1.0,
19007595,calcium oxide,10.0,10.0,0.0,10.0,34.49311
43532262,calcium peroxide,1.0,0.0,1.0,0.0,
19037401,calcium phosphate,235.0,235.0,0.0,420.0,3.12721
19058973,calcium phosphate dibasic,15.0,15.0,0.0,17.0,61.17724
940426,calcium polycarbophil,854.0,853.0,5.0,4061.0,1.65896
40168899,calcium pyruvate,8.0,8.0,0.0,11.0,74.66497
19056480,calcium saccharate,1.0,1.0,0.0,1.0,
42900373,calcium silicate,4.0,1.0,3.0,1.0,564.03979
19112567,calcium stearate,1.0,0.0,1.0,0.0,
19037446,calcium sulfate,9.0,9.0,0.0,12.0,40.30814
43532989,calenduloside E,2.0,0.0,2.0,0.0,
19089891,calfactant,20.0,20.0,0.0,29.0,59.867415
42899416,calomel,2.0,2.0,0.0,2.0,1236.01481
19024938,campesterol,2.0,2.0,0.0,2.0,13793.57937
938205,camphor,304.0,304.0,0.0,607.0,2.3895549999999997
46221355,"camphor, (-)-",43.0,43.0,0.0,50.0,36.91209
43526465,canagliflozin,352.0,352.0,0.0,1688.0,1.677105
40161669,canakinumab,448.0,448.0,0.0,1476.0,2.78419
42898732,candelilla wax,1.0,0.0,1.0,0.0,
1351557,candesartan,2119.0,2119.0,0.0,51976.0,1.10948
702219,cannabichromene,5.0,0.0,5.0,0.0,
37003277,cannabigerol,17.0,0.0,17.0,0.0,
19018910,cannabinol,11.0,11.0,0.0,13.0,61.40567
19123864,canrenoate,435.0,435.0,0.0,1416.0,3.09711
19132906,canrenoic acid,35.0,35.0,0.0,38.0,8.21778
19019698,canrenone,176.0,176.0,0.0,580.0,2.881105
40170470,cantaloupe allergenic extract,2.0,0.0,2.0,0.0,
19039679,cantharidin,1.0,1.0,0.0,1.0,791.19157
1337620,capecitabine,1735.0,1735.0,0.0,49218.0,1.01507
19026710,capreomycin,66.0,66.0,0.0,140.0,9.36315
963780,caprolactone,2.0,0.0,2.0,0.0,
792748,capromorelin,2.0,0.0,2.0,0.0,
939881,capsaicin,518.0,518.0,0.0,1785.0,1.78742
43013539,captan,4.0,4.0,0.0,9.0,188.2144
1340128,captopril,1502.0,1502.0,0.0,17612.0,1.236955
19025945,carazolol,93.0,91.0,2.0,91.0,10.29092
940183,carbachol,94.0,94.0,0.0,178.0,4.2125699999999995
740275,carbamazepine,2355.0,2355.0,0.0,62218.0,1.21248
958999,carbamide peroxide,195.0,195.0,0.0,312.0,3.88413
45775534,carbamoylcholine,5.0,0.0,5.0,0.0,
19136040,carbaryl,2.0,2.0,0.0,2.0,574.4418949999999
19024535,carbazochrome,589.0,589.0,0.0,2557.0,2.59241
1740546,carbenicillin,33.0,33.0,0.0,42.0,9.97541
19040563,carbenoxolone,14.0,14.0,0.0,15.0,100.81846
1140640,carbetapentane,71.0,71.0,0.0,98.0,6.76595
740560,carbidopa,889.0,889.0,0.0,7173.0,1.2551
19040606,carbimazole,438.0,438.0,0.0,1469.0,2.122815
1141018,carbinoxamine,219.0,219.0,0.0,476.0,2.79575
19041843,carbocysteine,883.0,883.0,0.0,7171.0,1.64399
19055217,carbomer,297.0,297.0,0.0,1057.0,2.41225
42898720,carbomer 1342,22.0,22.0,0.0,26.0,29.60787
42904292,carbon black,4.0,4.0,0.0,7.0,145.8497
19046180,carbon dioxide,84.0,84.0,0.0,99.0,11.593455
19047756,carbon monoxide,61.0,61.0,0.0,177.0,4.4834
1344905,carboplatin,1768.0,1768.0,0.0,52333.0,1.08048
19049150,carboprost,73.0,73.0,0.0,117.0,7.8885
949279,carboxymethylcellulose,404.0,404.0,0.0,1528.0,1.69817
19033243,carbromal,2.0,2.0,0.0,2.0,39.962835
19033498,carbutamide,13.0,3.0,10.0,4.0,2101.74914
42903888,cardamom extract,2.0,0.0,2.0,0.0,
42873638,carfilzomib,392.0,392.0,0.0,2115.0,1.657445
19102150,carglumic acid,36.0,36.0,0.0,62.0,13.84849
749910,carisoprodol,1709.0,1709.0,0.0,35757.0,1.04634
43012407,carmoisine,2.0,0.0,2.0,0.0,
1350066,carmustine,573.0,573.0,0.0,3238.0,2.64068
19050104,carnitine,414.0,414.0,0.0,1131.0,2.29455
43012198,carnosine,17.0,17.0,0.0,19.0,8.91481
19026925,carpipramine,29.0,26.0,3.0,30.0,11.785615
19046454,carprofen,17.0,17.0,0.0,31.0,18.55455
43533045,carrot extract,1.0,0.0,1.0,0.0,
43012575,carrot juice,4.0,4.0,0.0,6.0,28.344415
42898574,carrot seed oil,1.0,1.0,0.0,1.0,
950370,carteolol,351.0,351.0,0.0,828.0,2.74712
1346823,carvedilol,2228.0,2228.0,0.0,94856.0,0.908665
43014045,caryophyllene,7.0,0.0,7.0,0.0,
900093,casanthranol,75.0,75.0,0.0,93.0,6.33023
900017,cascara sagrada,82.0,82.0,0.0,102.0,5.78528
1718054,caspofungin,745.0,745.0,0.0,5365.0,2.09175
950933,castor oil,379.0,379.0,0.0,982.0,2.45569
40161124,cat dander allergenic extract,1.0,0.0,1.0,0.0,
19006991,cat's claw preparation,4.0,0.0,4.0,0.0,
43012577,catechin,3.0,3.0,0.0,3.0,372.14446
19015812,cathine,1.0,1.0,0.0,1.0,73.22951
1398579,cayenne extract,31.0,31.0,0.0,35.0,12.72331
42898763,cedar leaf oil,1.0,1.0,0.0,2.0,528.56857
35602727,cedrol,8.0,0.0,8.0,0.0,
1768849,cefaclor,711.0,711.0,0.0,2647.0,1.97532
1769535,cefadroxil,684.0,684.0,0.0,2385.0,2.08508
19070174,cefamandole,68.0,68.0,0.0,106.0,7.68777
19070680,cefatrizine,49.0,49.0,0.0,55.0,12.82199
1771162,cefazolin,1443.0,1443.0,0.0,16201.0,1.33288
1796458,cefdinir,1068.0,1068.0,0.0,7328.0,1.5150549999999998
1747005,cefditoren,446.0,446.0,0.0,1656.0,2.229635
1748975,cefepime,1227.0,1227.0,0.0,13102.0,1.45177
1796435,cefixime,533.0,533.0,0.0,1743.0,2.20536
19072255,cefmetazole,90.0,90.0,0.0,128.0,6.987019999999999
19028286,cefodizime,16.0,16.0,0.0,16.0,68.48235
19072857,cefonicid,10.0,10.0,0.0,10.0,53.885775
1773402,cefoperazone,396.0,396.0,0.0,1333.0,2.603755
1774470,cefotaxime,918.0,918.0,0.0,5226.0,2.04101
1774932,cefotetan,216.0,216.0,0.0,355.0,3.96286
19051271,cefotiam,404.0,404.0,0.0,1364.0,3.041105
1775741,cefoxitin,339.0,339.0,0.0,834.0,3.24717
19001904,cefpirome,153.0,153.0,0.0,341.0,6.09353
1749008,cefpodoxime,666.0,666.0,0.0,2828.0,2.020525
1738366,cefprozil,516.0,516.0,0.0,1718.0,2.22024
40230597,ceftaroline,97.0,97.0,0.0,258.0,3.76188
1776684,ceftazidime,1116.0,1116.0,0.0,9083.0,1.83134
1749083,ceftibuten,291.0,291.0,0.0,595.0,2.70593
1777254,ceftizoxime,91.0,91.0,0.0,116.0,7.33162
1777806,ceftriaxone,1911.0,1911.0,0.0,35700.0,1.35121
1778162,cefuroxime,1496.0,1496.0,0.0,17177.0,1.321905
1118084,celecoxib,2469.0,2469.0,0.0,118657.0,1.01931
42898712,celery seed extract,12.0,12.0,0.0,12.0,11.79466
19049145,celiprolol,540.0,540.0,0.0,1871.0,2.25998
986515,cellulase,15.0,15.0,0.0,15.0,75.79438
986517,cellulose,30.0,30.0,0.0,34.0,7.474985
1786621,cephalexin,1973.0,1973.0,0.0,37647.0,1.4142
19052683,cephaloridine,23.0,23.0,0.0,24.0,26.15687
19086759,cephalothin,102.0,102.0,0.0,195.0,5.826725
19086790,cephapirin,3.0,3.0,0.0,3.0,219.72513
1786842,cephradine,187.0,187.0,0.0,342.0,3.91723
43531797,ceramide 2,11.0,10.0,1.0,11.0,18.217705
35602808,ceric oxide,5.0,0.0,5.0,0.0,
44818466,ceritinib,114.0,114.0,0.0,293.0,3.818085
912263,certolizumab pegol,1416.0,1416.0,0.0,23396.0,1.297585
19016072,certoparin,159.0,159.0,0.0,241.0,5.94449
19049175,cesium chloride,17.0,0.0,17.0,0.0,
42903430,cetearyl isononanoate,1.0,0.0,1.0,0.0,
19031267,cetiedil,3.0,1.0,2.0,1.0,40.13179
1149196,cetirizine,2223.0,2223.0,0.0,67908.0,1.13647
42900366,cetostearyl alcohol,17.0,17.0,0.0,29.0,25.7144
19007748,cetrimide,16.0,16.0,0.0,37.0,23.63354
1503983,cetrorelix,163.0,163.0,0.0,368.0,3.92409
1315411,cetuximab,1086.0,1086.0,0.0,22027.0,1.037145
42903826,cetyl myristoleate,5.0,4.0,2.0,4.0,39.749865
989301,cetylpyridinium,136.0,136.0,0.0,264.0,5.928595
954819,cevimeline,592.0,592.0,0.0,2244.0,2.0865549999999997
1759139,chalcone,24.0,0.0,24.0,0.0,
42898757,chamomile flower oil,53.0,49.0,6.0,61.0,8.26472
19052620,chamomile flowers,3.0,0.0,3.0,0.0,
1789521,charcoal,110.0,86.0,29.0,118.0,5.57161
19052447,chenodeoxycholate,13.0,7.0,6.0,11.0,322.81341
40175609,chia seed oil,2.0,2.0,0.0,2.0,162.126265
964280,chicory leaf extract,1.0,0.0,1.0,0.0,
1380341,chitosan,178.0,25.0,158.0,28.0,9.2826
42898602,chitosan oligosaccharide,14.0,0.0,14.0,0.0,
1150886,chlophedianol,2.0,2.0,0.0,3.0,594.4119000000001
19135825,chloral betaine,1.0,1.0,0.0,1.0,
1390051,chlorambucil,636.0,636.0,0.0,2966.0,2.148875
990069,chloramphenicol,481.0,481.0,0.0,1470.0,2.51559
990413,chlorcyclizine,6.0,6.0,0.0,10.0,166.81524000000002
990678,chlordiazepoxide,1088.0,1088.0,0.0,9313.0,1.36473
1790812,chlorhexidine,1723.0,1723.0,0.0,22756.0,1.63028
19013759,chloride hexahydrate,8.0,8.0,0.0,9.0,25.95498
19018192,chloride ion,194.0,194.0,0.0,284.0,4.120055
42898711,chlorine,20.0,20.0,0.0,22.0,10.05457
19026733,chlormadinone,331.0,331.0,0.0,770.0,2.90925
19092283,chlormethiazole,89.0,89.0,0.0,228.0,4.69618
19092290,chlormezanone,202.0,202.0,0.0,423.0,3.5925849999999997
19092412,chlorobutanol,7.0,7.0,0.0,7.0,95.08513
19037891,chlorocresol,164.0,164.0,0.0,376.0,3.92815
43012199,chloroform,6.0,6.0,0.0,6.0,41.726344999999995
42898681,chlorogenic acid,98.0,4.0,94.0,4.0,1334.422535
992456,chlorophyll,98.0,98.0,0.0,168.0,3.63517
19049402,chlorophyllin,16.0,7.0,10.0,7.0,122.00131
942494,chlorophyllin copper complex,146.0,146.0,0.0,230.0,4.082305
19049410,chloroprocaine,54.0,54.0,0.0,89.0,21.127435
19049437,chloropyramine,83.0,83.0,0.0,111.0,8.9791
1792515,chloroquine,722.0,722.0,0.0,3025.0,2.26919
992590,chlorothiazide,421.0,421.0,0.0,1246.0,1.98423
19092684,chlorotrianisene,18.0,18.0,0.0,18.0,11.734595
949453,chloroxine,56.0,56.0,0.0,69.0,9.87769
949459,chloroxylenol,59.0,59.0,0.0,65.0,14.88196
43012229,chlorozotocin,5.0,0.0,5.0,0.0,
19092712,chlorphenesin,108.0,108.0,0.0,148.0,7.452165
1192710,chlorpheniramine,1432.0,1432.0,0.0,17319.0,1.2579
19049707,chlorphenoxamine,4.0,4.0,0.0,5.0,137.69974
19122262,chlorproethazine,4.0,3.0,1.0,3.0,248.29939
794852,chlorpromazine,1223.0,1223.0,0.0,11368.0,1.35277
1594973,chlorpropamide,325.0,325.0,0.0,702.0,2.91231
19095002,chlorprothixene,365.0,365.0,0.0,1149.0,2.76866
19095028,chlorquinaldol,8.0,8.0,0.0,8.0,45.18402
19095043,chlortetracycline,26.0,26.0,0.0,30.0,49.35515
1395058,chlorthalidone,974.0,974.0,0.0,7055.0,1.36409
795113,chlorzoxazone,486.0,486.0,0.0,1600.0,1.922365
35201660,chocolate cacao bean allergenic extract,1.0,0.0,1.0,0.0,
43532263,cholate,9.0,0.0,9.0,0.0,
19095164,cholecalciferol,1903.0,1903.0,0.0,36663.0,1.37785
19058355,cholecystokinin,7.0,7.0,0.0,7.0,7.52471
19059097,cholesterol,612.0,612.0,0.0,3519.0,1.583175
19095309,cholestyramine resin,1073.0,1073.0,0.0,6915.0,1.58162
44506782,cholic acid,1.0,1.0,0.0,1.0,359.12927
1195334,choline,372.0,372.0,0.0,864.0,2.484185
43560137,choline fenofibrate,58.0,57.0,1.0,68.0,7.99041
42903714,chondroitin 4-sulfate,13.0,0.0,13.0,0.0,
37498240,chondroitin 6-sulfate,12.0,0.0,12.0,0.0,
43525774,chondroitin sulfate (chicken),291.0,291.0,0.0,645.0,3.17576
1395573,chondroitin sulfates,768.0,768.0,0.0,3479.0,1.812145
1563600,chorionic gonadotropin,464.0,464.0,0.0,1954.0,3.5123949999999997
19049877,chromic chloride,15.0,15.0,0.0,17.0,17.96507
19061821,chromium,317.0,317.0,0.0,889.0,2.05362
19103213,chromium citrate,9.0,8.0,1.0,8.0,31.83549
19080550,chromium picolinate,349.0,349.0,0.0,984.0,2.14992
19125750,chromium polynicotinate,10.0,10.0,0.0,14.0,40.30717
19096766,"chromium, chelated",6.0,6.0,0.0,6.0,191.78655
19059658,chromocarb diethylamine,4.0,2.0,2.0,2.0,6375.528810000001
19063698,chromonar,9.0,0.0,9.0,0.0,
1718741,chrysarobin,3.0,0.0,3.0,0.0,
43012231,chrysin,68.0,0.0,68.0,0.0,
19096683,chymopapain,15.0,15.0,0.0,15.0,58.01887
19096710,chymotrypsin,32.0,32.0,0.0,35.0,14.033055
902938,ciclesonide,756.0,756.0,0.0,4729.0,1.5840999999999998
19051444,cicletanine,58.0,58.0,0.0,74.0,10.9678
950098,ciclopirox,586.0,586.0,0.0,1880.0,2.4541199999999996
19050211,cicloxilic acid,2.0,0.0,2.0,0.0,
19004578,cider vinegar,30.0,30.0,0.0,31.0,25.492345
1745072,cidofovir,308.0,308.0,0.0,886.0,3.63687
19045581,cifenline,178.0,178.0,0.0,383.0,3.71867
1797258,cilastatin,705.0,705.0,0.0,3253.0,1.99443
19050216,cilazapril,413.0,413.0,0.0,1128.0,2.28532
1350310,cilostazol,1222.0,1222.0,0.0,10998.0,1.38481
997276,cimetidine,1398.0,1398.0,0.0,15183.0,1.41042
1548111,cinacalcet,1052.0,1052.0,0.0,9846.0,1.242455
19045983,cinitapride,33.0,33.0,0.0,36.0,6.96797
1150362,cinnamedrine,3.0,3.0,0.0,3.0,20.62518
1359143,cinnamon bark,53.0,48.0,5.0,49.0,11.876185
42898867,cinnamon oil,28.0,28.0,0.0,30.0,8.744250000000001
42900310,"cinnamon oil, bark",1.0,0.0,1.0,0.0,
42900311,"cinnamon oil, leaf",528.0,528.0,0.0,2172.0,1.801985
19097481,cinnarizine,278.0,278.0,0.0,727.0,2.146735
997496,cinoxacin,34.0,34.0,0.0,38.0,10.917265
19050375,ciprofibrate,372.0,372.0,0.0,1162.0,2.159965
1797513,ciprofloxacin,2478.0,2478.0,0.0,99644.0,1.18783
932196,cisapride,748.0,748.0,0.0,3263.0,1.75151
19015726,cisatracurium,529.0,529.0,0.0,2521.0,2.47673
1397599,cisplatin,1702.0,1702.0,0.0,49117.0,1.069635
797617,citalopram,2636.0,2636.0,0.0,121397.0,0.976585
40223464,citicoline,118.0,118.0,0.0,219.0,4.237605
19050441,citiolone,7.0,0.0,7.0,0.0,
43012233,citral,9.0,9.0,0.0,9.0,17.18358
19011034,citrate,376.0,376.0,0.0,810.0,2.68874
950435,citric acid,155.0,155.0,0.0,240.0,4.56393
43532274,citronellal,2.0,0.0,2.0,0.0,
19097664,citrulline,123.0,123.0,0.0,192.0,3.89056
19013754,citrus bioflavonoids,8.0,8.0,0.0,11.0,115.64385
19121636,citrus pectin,5.0,0.0,5.0,0.0,
19054825,cladribine,391.0,391.0,0.0,1660.0,3.19974
40170543,clam allergenic extract,3.0,0.0,3.0,0.0,
1750500,clarithromycin,1878.0,1878.0,0.0,39310.0,1.2050649999999998
42898461,clary sage oil,1.0,0.0,1.0,0.0,
1759842,clavulanate,1983.0,1969.0,30.0,36948.0,1.3426
19050761,clebopride,9.0,9.0,0.0,11.0,23.69305
1197677,clemastine,679.0,679.0,0.0,3431.0,1.96952
19097824,clenbuterol,141.0,141.0,0.0,236.0,6.83898
19089969,clevidipine,53.0,53.0,0.0,102.0,6.25556
950792,clidinium,168.0,168.0,0.0,302.0,3.5861650000000003
997881,clindamycin,1942.0,1942.0,0.0,32976.0,1.49074
1301299,clinoptilolite,6.0,0.0,6.0,0.0,
980867,clioquinol,47.0,47.0,0.0,75.0,15.5087
19050832,clobazam,1053.0,1053.0,0.0,9335.0,1.57737
998415,clobetasol,1234.0,1234.0,0.0,10118.0,1.37315
19005129,clobetasone,173.0,173.0,0.0,370.0,3.71026
19050863,clobutinol,89.0,89.0,0.0,118.0,7.01471
950882,clocortolone,147.0,147.0,0.0,181.0,7.48863
19024249,clodronic acid,197.0,197.0,0.0,358.0,3.86638
19054821,clofarabine,672.0,672.0,0.0,6337.0,1.575145
1798476,clofazimine,239.0,239.0,0.0,552.0,4.59067
19018512,clofezone,1.0,0.0,1.0,0.0,
1598658,clofibrate,42.0,42.0,0.0,53.0,13.563145
19047240,clofoctol,15.0,11.0,4.0,16.0,123.12265
1598819,clomiphene,547.0,547.0,0.0,1740.0,3.44343
798834,clomipramine,1031.0,1031.0,0.0,7212.0,1.4980250000000002
798874,clonazepam,2734.0,2734.0,0.0,159581.0,0.9418
1398937,clonidine,2085.0,2085.0,0.0,56698.0,1.03627
19099129,clonixin,25.0,24.0,1.0,27.0,9.657835
19099181,clopamide,49.0,49.0,0.0,56.0,9.61648
1322184,clopidogrel,2513.0,2513.0,0.0,150548.0,0.89842
43012635,clopidol,1.0,1.0,0.0,1.0,2032.53122
19050907,cloprednol,37.0,35.0,2.0,38.0,11.07877
790253,clorazepate,1114.0,1114.0,0.0,8201.0,1.568155
40163587,clorsulon,9.0,9.0,0.0,10.0,50.14115
19100363,clothiapine,178.0,178.0,0.0,401.0,5.068569999999999
19068821,clotiazepam,469.0,469.0,0.0,1568.0,1.97281
1000632,clotrimazole,1493.0,1493.0,0.0,14359.0,1.52398
42898462,clove leaf oil,4.0,4.0,0.0,4.0,26.196745
19023184,clove oil,4.0,4.0,0.0,4.0,690.9655
43013071,clove preparation,4.0,0.0,4.0,0.0,
1800835,cloxacillin,270.0,270.0,0.0,543.0,3.940605
19051096,cloxazolam,467.0,467.0,0.0,1648.0,1.92674
800878,clozapine,1806.0,1806.0,0.0,53821.0,0.91564
44818493,coagulation factor IX recombinant immunoglobulin G1 fusion protein,18.0,18.0,0.0,20.0,27.387285
1000995,coal tar,201.0,201.0,0.0,363.0,3.65839
42898944,cobalt,63.0,63.0,0.0,72.0,11.27661
19055712,cobalt gluconate,1.0,1.0,0.0,1.0,72.55689
45775557,cobaltous cation,18.0,0.0,18.0,0.0,
19048026,cobamamide,64.0,64.0,0.0,80.0,5.76455
42874220,cobicistat,201.0,201.0,0.0,520.0,2.98248
1001419,cocaine,642.0,642.0,0.0,4972.0,1.036595
43531800,cochineal,1.0,0.0,1.0,0.0,
951112,cocoa butter,22.0,22.0,0.0,25.0,8.017385
43525921,cocoa extract,1.0,0.0,1.0,0.0,
43525844,coconut extract,1.0,1.0,0.0,1.0,
42898952,coconut oil,127.0,127.0,0.0,307.0,2.95146
36249186,coconut water,1.0,0.0,1.0,0.0,
19101604,cod liver oil,551.0,551.0,0.0,2554.0,1.64728
1201620,codeine,1636.0,1636.0,0.0,24457.0,1.1456
42903827,coenzyme A,287.0,287.0,0.0,554.0,2.67119
19070922,cola extract,1.0,0.0,1.0,0.0,
42898905,cola nut extract,1.0,0.0,1.0,0.0,
1360932,colchiceine,1.0,0.0,1.0,0.0,
1101554,colchicine,1384.0,1384.0,0.0,18068.0,1.16295
1518148,colesevelam,919.0,919.0,0.0,7224.0,1.38302
1501617,colestipol,608.0,608.0,0.0,2465.0,1.6084299999999998
901845,colistin,443.0,443.0,0.0,1667.0,2.48311
19069049,collagen,183.0,183.0,0.0,346.0,3.87378
19096783,collagen hemostat,2.0,0.0,2.0,0.0,
19112632,"collagen, hydrolyzed",12.0,12.0,0.0,12.0,35.25766
980311,collagenase,258.0,258.0,0.0,554.0,3.091875
40172153,collagenase Clostridium histolyticum,147.0,147.0,0.0,540.0,4.90571
986261,colloidal oatmeal,12.0,8.0,4.0,8.0,17.91878
19056300,compound benzoin tincture (USP),1.0,1.0,0.0,1.0,1066.91618
1465729,concizumab,3.0,0.0,3.0,0.0,
45775558,condoliase,4.0,0.0,4.0,0.0,
42900231,coniferyl alcohol,1.0,0.0,1.0,0.0,
19010927,conivaptan,28.0,28.0,0.0,32.0,6.396885
19071128,copper,482.0,482.0,0.0,12708.0,0.6164000000000001
19012224,copper chloride,1.0,1.0,0.0,1.0,
19004810,copper gluconate,18.0,18.0,0.0,18.0,40.3842
19057346,copper sulfate,28.0,28.0,0.0,35.0,12.25395
42898949,coriander oil,6.0,6.0,0.0,7.0,15.71189
43527194,corn grain extract,1.0,0.0,1.0,0.0,
40230159,corn starch,2.0,2.0,0.0,2.0,441.94223
1541079,corticotropin,415.0,415.0,0.0,1284.0,2.25653
1507705,cortisone,1353.0,1353.0,0.0,14088.0,1.46502
19061907,cortivazol,92.0,92.0,0.0,131.0,10.85071
19008009,cosyntropin,165.0,165.0,0.0,332.0,4.66127
19008106,coumarin,125.0,125.0,0.0,172.0,4.70765
42904275,cranberry juice,46.0,46.0,0.0,58.0,6.18627
1315027,cranberry preparation,515.0,515.0,2.0,2160.0,1.76454
19050237,crataegus extract,18.0,16.0,2.0,17.0,396.59822
19071967,creatine,97.0,97.0,0.0,156.0,3.98778
19071968,creatinine,78.0,78.0,0.0,88.0,6.166395
19008366,creosote,1.0,1.0,0.0,1.0,
19087223,cresol,6.0,6.0,0.0,6.0,55.773444999999995
1465100,crinecerfont,1.0,0.0,1.0,0.0,
40242675,crizotinib,501.0,501.0,0.0,4220.0,1.06594
37497669,crocin,71.0,0.0,71.0,0.0,
43013047,crofelemer,4.0,4.0,0.0,5.0,23.431330000000003
19008867,cromoglycate,60.0,6.0,54.0,6.0,13.51405
1152631,cromolyn,668.0,668.0,0.0,2749.0,1.80277
42898837,crospovidone,1.0,0.0,1.0,0.0,
969276,crotamiton,219.0,219.0,0.0,454.0,3.10868
1734840,cucurbitacin B,10.0,0.0,10.0,0.0,
1361068,cuminaldehyde,3.0,0.0,3.0,0.0,
43532258,cupric cation,26.0,0.0,26.0,0.0,
19073031,cupric chloride,5.0,0.0,5.0,0.0,
43527178,cuprous chloride,1.0,0.0,1.0,0.0,
19051035,cuprous oxide,316.0,316.0,0.0,784.0,2.39284
19072030,curcumin,149.0,149.0,0.0,275.0,4.22411
42903538,curdlan,5.0,0.0,5.0,0.0,
19051234,cyamemazine,726.0,726.0,0.0,4251.0,2.359415
19135931,cyanocobalamin Co57,504.0,504.0,0.0,1954.0,1.779965
1309323,cyclandelate,15.0,15.0,0.0,15.0,33.94465
909358,cyclizine,579.0,579.0,0.0,3460.0,1.77263
37002995,cycloastragenol,6.0,0.0,6.0,0.0,
778711,cyclobenzaprine,2104.0,2104.0,0.0,68448.0,1.1446299999999998
43531835,cyclodextrins,30.0,0.0,30.0,0.0,
19072083,cyclofenil,3.0,3.0,0.0,4.0,1265.16062
42900259,cyclomethicone,2.0,1.0,1.0,1.0,283.02772
19080427,cyclopentamine,4.0,4.0,0.0,4.0,1810.254545
1537113,cyclopentanone,2.0,0.0,2.0,0.0,
19010015,cyclopenthiazide,13.0,13.0,0.0,13.0,13.17004
910232,cyclopentolate,338.0,338.0,0.0,989.0,2.5554050000000004
1310317,cyclophosphamide,2390.0,2390.0,0.0,96039.0,1.189655
1710446,cycloserine,162.0,162.0,0.0,401.0,3.300905
19010482,cyclosporine,2493.0,2493.0,0.0,75605.0,1.35262
19082886,cyclothiazide,4.0,4.0,0.0,4.0,137.73649
1110727,cyproheptadine,780.0,780.0,0.0,3788.0,1.5539299999999998
19010792,cyproterone,390.0,390.0,0.0,1116.0,2.34653
43531836,cystamine,17.0,0.0,17.0,0.0,
910888,cysteamine,168.0,168.0,0.0,339.0,5.796245000000001
19010955,cysteine,102.0,102.0,0.0,183.0,5.6836649999999995
19011082,cystine,39.0,39.0,0.0,44.0,10.46304
1311078,cytarabine,1497.0,1497.0,0.0,35013.0,1.36849
586491,cytomegalovirus immune globulin,94.0,94.0,0.0,184.0,9.942145
43525871,cytosine,250.0,250.0,0.0,603.0,5.494865
45775372,dabigatran,413.0,413.0,0.0,2155.0,1.6071
40228152,dabigatran etexilate,1494.0,1494.0,0.0,52255.0,0.77414
43532299,dabrafenib,284.0,284.0,0.0,1355.0,1.86186
1311409,dacarbazine,604.0,604.0,0.0,3227.0,2.18069
46221696,daclatasvir,124.0,124.0,0.0,253.0,4.39968
19036892,daclizumab,642.0,642.0,0.0,3055.0,2.8323799999999997
1311443,dactinomycin,438.0,438.0,0.0,1955.0,2.792365
45774861,dalbavancin,19.0,19.0,0.0,23.0,8.09133
40170680,dalfampridine,1027.0,1027.0,0.0,19524.0,0.79423
1789517,dalfopristin,111.0,111.0,0.0,179.0,5.98861
43560324,dalotuzumab,9.0,9.0,0.0,9.0,28.26716
1301065,dalteparin,1183.0,1183.0,0.0,9663.0,1.57536
35200416,damoctocog alfa pegol,2.0,0.0,2.0,0.0,
19026343,danaparoid,360.0,360.0,0.0,1456.0,3.798475
1511449,danazol,554.0,554.0,0.0,2216.0,1.909455
42904231,danofloxacin,13.0,3.0,10.0,3.0,52.85115
711714,dantrolene,486.0,486.0,0.0,1807.0,2.06329
44785829,dapagliflozin,309.0,309.0,0.0,1334.0,2.2166
19086622,dapiprazole,76.0,76.0,0.0,79.0,12.37698
1301608,daprodustat,5.0,0.0,5.0,0.0,
1711759,dapsone,1026.0,1026.0,0.0,6225.0,1.641435
1786617,daptomycin,808.0,808.0,0.0,6059.0,1.27231
1304643,darbepoetin alfa,1764.0,1764.0,0.0,29223.0,1.2367
916230,darifenacin,812.0,812.0,0.0,6148.0,1.3717899999999998
1756831,darunavir,984.0,984.0,0.0,8191.0,1.67021
1718616,darutoside,1.0,0.0,1.0,0.0,
45892558,dasabuvir,57.0,57.0,0.0,77.0,6.84204
1358436,dasatinib,927.0,927.0,0.0,11031.0,1.03578
36026813,dasiglucagon,4.0,0.0,4.0,0.0,
1311799,daunorubicin,1510.0,1510.0,0.0,19795.0,1.46231
1592686,deacetylbisacodyl,1.0,0.0,1.0,0.0,
1311826,deanol,19.0,19.0,0.0,22.0,12.02454
19011951,debrisoquin,2.0,2.0,0.0,4.0,313.39683
43532313,decan-4-olide,2.0,0.0,2.0,0.0,
19086827,decanoic acid,2.0,2.0,0.0,2.0,208.270465
19024728,decitabine,540.0,540.0,0.0,3452.0,1.64487
42900281,decyl glucoside,1.0,0.0,1.0,0.0,
37353190,defactinib,3.0,0.0,3.0,0.0,
1786055,deferasirox,1364.0,1364.0,0.0,23885.0,0.911985
19011091,deferiprone,192.0,192.0,0.0,447.0,3.28429
1711947,deferoxamine,593.0,593.0,0.0,2414.0,2.15289
42898933,defibrotide,119.0,119.0,0.0,290.0,7.22308
19086888,deflazacort,714.0,714.0,0.0,3179.0,2.00267
19058410,degarelix,418.0,418.0,0.0,1900.0,1.640925
43014051,dehydroacetate,2.0,0.0,2.0,0.0,
19052817,dehydrocholate,5.0,2.0,3.0,3.0,182.70843
19011985,dehydroemetine,14.0,13.0,1.0,13.0,18.89615
19052686,dehydrosanol,6.0,4.0,2.0,4.0,192.74201
1747157,delavirdine,129.0,129.0,0.0,350.0,4.14855
37353882,delgocitinib,4.0,0.0,4.0,0.0,
19004718,demecarium,25.0,25.0,0.0,25.0,17.87077
1714527,demeclocycline,253.0,253.0,0.0,505.0,3.29977
42903569,denatonium benzoate,6.0,2.0,4.0,2.0,175.591725
19049759,denatured ethanol,1.0,1.0,0.0,1.0,186.10078
19051642,denileukin diftitox,169.0,169.0,0.0,457.0,3.91261
40222444,denosumab,1483.0,1483.0,0.0,40869.0,0.90059
19052896,deoxycholate,456.0,456.0,0.0,1457.0,2.09028
746087,deoxycytidine,10.0,0.0,10.0,0.0,
19016063,dequalinium,46.0,46.0,0.0,50.0,27.300015
19036391,deracoxib,5.0,5.0,0.0,5.0,1026.61839
1387219,deserpidine,36.0,36.0,0.0,42.0,22.15784
19002770,desflurane,354.0,354.0,0.0,1182.0,2.24088
716968,desipramine,574.0,574.0,0.0,2030.0,1.8015
19011712,desirudin,17.0,17.0,0.0,17.0,13.29291
19017074,deslanoside,53.0,53.0,0.0,72.0,8.85903
1103006,desloratadine,1392.0,1392.0,0.0,14239.0,1.38448
42900318,deslorelin,2.0,2.0,0.0,2.0,1110.74966
1517070,desmopressin,849.0,849.0,0.0,4904.0,1.55049
1588000,desogestrel,370.0,370.0,0.0,1128.0,2.569095
917205,desonide,593.0,593.0,0.0,2150.0,2.05864
917336,desoximetasone,420.0,420.0,0.0,966.0,2.64229
19017895,desoxycorticosterone,3.0,3.0,0.0,3.0,66.88207
717607,desvenlafaxine,1088.0,1088.0,0.0,23348.0,0.701835
19088035,detomidine,6.0,6.0,0.0,6.0,218.33018
1518254,dexamethasone,2714.0,2714.0,0.0,160419.0,1.063455
1188052,dexbrompheniramine,454.0,454.0,0.0,1254.0,2.07632
1188114,dexchlorpheniramine,837.0,837.0,0.0,5860.0,1.73543
19082894,dexetimide,29.0,25.0,4.0,48.0,29.91668
719057,dexfenfluramine,137.0,137.0,0.0,231.0,7.50944
19056874,dexketoprofen,243.0,243.0,0.0,485.0,4.16444
19039926,dexlansoprazole,956.0,956.0,0.0,8872.0,1.43344
19061088,dexmedetomidine,376.0,376.0,0.0,1203.0,2.365175
731533,dexmethylphenidate,447.0,447.0,0.0,1850.0,1.96922
988294,dexpanthenol,415.0,415.0,0.0,1048.0,2.7268
1353011,dexrazoxane,284.0,284.0,0.0,717.0,2.7292699999999996
1352890,dextran,139.0,139.0,0.0,230.0,5.6423
19099359,dextran 110,62.0,62.0,0.0,81.0,4.612395
19019122,dextran 40,46.0,46.0,0.0,55.0,12.073235
1319156,dextran 70,251.0,251.0,0.0,448.0,3.81413
19088340,dextranomer,7.0,7.0,0.0,7.0,73.22951
719311,dextroamphetamine,1355.0,1355.0,0.0,17330.0,1.24382
1119510,dextromethorphan,1004.0,1004.0,0.0,7730.0,1.219565
19021940,dextromoramide,14.0,14.0,0.0,29.0,17.097125
19022003,dextrothyroxine,8.0,8.0,0.0,8.0,30.173995
19088393,dezocine,8.0,8.0,0.0,18.0,62.209555
43531843,diacetyl benzoyl lathyrol,59.0,59.0,0.0,71.0,8.12766
19022596,diatrizoate,281.0,281.0,0.0,721.0,2.82995
45775324,diatrizoic acid,11.0,10.0,1.0,10.0,44.538495
723013,diazepam,2511.0,2511.0,0.0,107348.0,0.9511
42900239,diazolidinylurea,1.0,0.0,1.0,0.0,
1523280,diazoxide,188.0,188.0,0.0,453.0,3.064715
19076714,dibasic potassium phosphate,224.0,224.0,0.0,342.0,4.40942
19023508,dibekacin,7.0,0.0,7.0,0.0,
19023846,dibenzepin,8.0,8.0,0.0,8.0,1028.14859
19089408,dibrompropamidine,3.0,3.0,0.0,3.0,60.02544
923840,dibucaine,118.0,118.0,0.0,168.0,4.4458649999999995
19045601,dibunate,1.0,1.0,0.0,1.0,
1361444,dibutyltin,2.0,0.0,2.0,0.0,
1189490,dichloralphenazone,799.0,799.0,0.0,3815.0,1.93868
19024246,dichloroacetate,83.0,21.0,63.0,35.0,8.38505
19054875,dichlorobenzyl alcohol,2.0,2.0,0.0,2.0,145.582445
924296,dichlorphenamide,2.0,2.0,0.0,2.0,1703.57833
43014039,diclazuril,9.0,0.0,9.0,0.0,
1124300,diclofenac,2392.0,2392.0,0.0,76231.0,1.19471
43526405,dicloran,6.0,6.0,0.0,6.0,57.905370000000005
1724666,dicloxacillin,544.0,544.0,0.0,1486.0,2.55738
1734608,dictamnine,2.0,0.0,2.0,0.0,
1325124,dicumarol,39.0,39.0,0.0,42.0,19.10334
924724,dicyclomine,1372.0,1372.0,0.0,19235.0,1.3200150000000002
1724869,didanosine,1060.0,1060.0,0.0,10135.0,1.66041
40226492,didecyldimethylammonium chloride,2.0,0.0,2.0,0.0,
1146045,didodecyldimethylammonium bromide,1.0,0.0,1.0,0.0,
925102,dienestrol,7.0,7.0,0.0,9.0,40.054
19054876,dienogest,68.0,68.0,0.0,99.0,9.99735
37003242,diethyl azelate,1.0,0.0,1.0,0.0,
43533048,diethyl sulfate,2.0,0.0,2.0,0.0,
19029278,diethylamine salicylate,13.0,13.0,0.0,15.0,16.46442
19025698,diethylcarbamazine,96.0,96.0,0.0,257.0,7.335744999999999
43532333,diethyldithiocarbamate,38.0,0.0,38.0,0.0,
43533066,diethylene glycol,3.0,3.0,0.0,18.0,459.23078
42900243,diethylene glycol monoethyl ether,6.0,6.0,0.0,6.0,64.454195
45774693,diethylene glycol monomethyl ether,2.0,0.0,2.0,0.0,
725822,diethylpropion,120.0,120.0,0.0,212.0,3.32223
1525866,diethylstilbestrol,130.0,130.0,0.0,197.0,4.38522
19079469,diethyltoluamide,2.0,2.0,0.0,2.0,140523.32992000002
989567,difenoxin,21.0,21.0,0.0,26.0,10.94433
960988,diflorasone,281.0,281.0,0.0,496.0,3.50464
46287397,diflubenzuron,3.0,0.0,3.0,0.0,
19026096,diflucortolone,281.0,281.0,0.0,607.0,3.72711
1126128,diflunisal,454.0,454.0,0.0,1222.0,2.2204
19089579,difluprednate,410.0,410.0,0.0,1148.0,2.511055
19026180,digitoxin,663.0,663.0,0.0,3438.0,1.7131
1326303,digoxin,2334.0,2334.0,0.0,110328.0,0.85507
19045317,digoxin antibodies Fab fragments,372.0,372.0,0.0,1202.0,2.244445
19089602,dihematoporphyrin ether,155.0,155.0,0.0,335.0,9.73868
19055875,dihexyverine,2.0,2.0,0.0,2.0,88.51012
19026448,dihydralazine,180.0,180.0,0.0,397.0,4.265905
1511345,dihydrocapsaicin,2.0,0.0,2.0,0.0,
1189596,dihydrocodeine,678.0,678.0,0.0,3349.0,1.636355
19026526,dihydroergocristine,157.0,157.0,0.0,283.0,4.96046
19026564,dihydroergocryptine,76.0,76.0,0.0,91.0,6.400075
1126557,dihydroergotamine,585.0,585.0,0.0,1713.0,2.09049
19026637,dihydroergotoxine,37.0,29.0,8.0,35.0,10.98308
19027015,dihydrotachysterol,38.0,38.0,0.0,51.0,4.56393
927194,dihydroxyacetone,16.0,16.0,0.0,20.0,7.729889999999999
19089733,dihydroxyaluminum aminoacetate,2.0,2.0,0.0,2.0,306.056735
989727,dihydroxyaluminum sodium carbonate,499.0,499.0,0.0,3577.0,1.92655
43012260,diisopropanolamine,1.0,0.0,1.0,0.0,
35604667,diisopropylamine dichloroacetate,7.0,0.0,7.0,0.0,
19001305,diloxanide,15.0,15.0,0.0,19.0,129.68401
1328165,diltiazem,2258.0,2258.0,0.0,86204.0,1.020105
928744,dimenhydrinate,792.0,792.0,0.0,3824.0,1.537665
1728903,dimercaprol,2.0,2.0,0.0,2.0,2521.5000899999995
739710,dimercaptosuccinic acid,6.0,0.0,6.0,0.0,
916662,dimethicone,512.0,512.0,0.0,1588.0,2.22813
19028947,dimethindene,370.0,370.0,0.0,1049.0,3.0161949999999997
19011098,dimethoxanate,5.0,5.0,0.0,5.0,15.87848
43526424,dimethyl fumarate,1002.0,1002.0,0.0,53383.0,0.52549
37002698,dimethyl succinate,1.0,0.0,1.0,0.0,
928980,dimethyl sulfoxide,97.0,97.0,0.0,139.0,5.69937
45892930,dimetridazole,3.0,1.0,2.0,1.0,
43012245,dimyristoylphosphatidylcholine,1.0,0.0,1.0,0.0,
19029421,dinoprost,44.0,44.0,0.0,56.0,7.259835
1329415,dinoprostone,264.0,264.0,0.0,803.0,4.33829
42904201,dioctyl maleate,1.0,0.0,1.0,0.0,
42903830,diosmetin,22.0,0.0,22.0,0.0,
19029488,diosmin,437.0,437.0,0.0,1201.0,2.27474
1129625,diphenhydramine,2420.0,2420.0,0.0,92737.0,1.00995
19089992,diphenidol,205.0,205.0,0.0,495.0,3.16206
930916,diphenoxylate,1371.0,1371.0,0.0,16205.0,1.30412
37002558,diphenyl ether,15.0,0.0,15.0,0.0,
19090000,diphenylpyraline,12.0,12.0,0.0,15.0,104.44357
19031041,diphtheria antitoxin,1.0,1.0,0.0,1.0,483.256
529303,"diphtheria toxoid vaccine, inactivated",3.0,0.0,3.0,0.0,
19090016,dipipanone,3.0,3.0,0.0,3.0,562.84663
990009,dipivefrin,81.0,81.0,0.0,109.0,7.68293
1331270,dipyridamole,1346.0,1346.0,0.0,15177.0,1.31428
43012208,dipyrithione,1.0,0.0,1.0,0.0,
19031397,dipyrone,1088.0,1088.0,0.0,7371.0,1.66346
1790024,dirithromycin,118.0,118.0,0.0,145.0,6.790335000000001
43014062,disilver oxide,2.0,0.0,2.0,0.0,
19080433,disofenin,2.0,0.0,2.0,0.0,
1335606,disopyramide,488.0,488.0,0.0,1792.0,1.862995
19035856,distigmine,268.0,268.0,0.0,663.0,2.96847
735850,disulfiram,458.0,458.0,0.0,1749.0,2.08082
19091101,dobesilic acid,112.0,112.0,0.0,154.0,6.37023
1337720,dobutamine,821.0,821.0,0.0,6201.0,1.39866
1315942,docetaxel,1779.0,1779.0,0.0,47794.0,1.22445
19016670,docosahexaenoate,139.0,139.0,0.0,377.0,3.69012
980955,docosanol,240.0,240.0,0.0,3248.0,0.401875
941258,docusate,2328.0,2328.0,0.0,74528.0,1.221095
43012263,dodecyl sulfate,4.0,3.0,1.0,3.0,121.30898
1362979,dofetilide,690.0,690.0,0.0,5149.0,1.131595
903459,dolasetron,923.0,923.0,0.0,5756.0,1.96051
19055901,dolomite,29.0,25.0,4.0,32.0,8.04249
43560385,dolutegravir,214.0,214.0,0.0,694.0,3.141095
789779,domestic cow dander extract,1.0,0.0,1.0,0.0,
19091239,domiphen,25.0,25.0,0.0,29.0,15.58708
19037833,domperidone,1552.0,1552.0,0.0,21296.0,1.3746649999999998
1734796,donanemab,2.0,0.0,2.0,0.0,
715997,donepezil,1412.0,1412.0,0.0,26021.0,1.010435
37354276,donidalorsen,1.0,0.0,1.0,0.0,
1337860,dopamine,1085.0,1085.0,0.0,10264.0,1.44611
19056154,dopexamine,22.0,22.0,0.0,29.0,51.93115
19017646,doramectin,8.0,0.0,8.0,0.0,
1713905,doripenem,435.0,435.0,0.0,1934.0,2.46384
1125443,dornase alfa,433.0,433.0,0.0,2285.0,1.84091
981709,dorzolamide,1051.0,1051.0,0.0,8047.0,1.31368
36249974,dotatate,11.0,0.0,11.0,0.0,
19037989,dothiepin,466.0,466.0,0.0,2168.0,1.81039
19091486,doxacurium,9.0,9.0,0.0,9.0,38.55617
738152,doxapram,49.0,49.0,0.0,62.0,27.90255
1363053,doxazosin,1658.0,1658.0,0.0,29495.0,1.160995
738156,doxepin,1277.0,1277.0,0.0,13720.0,1.30354
1512446,doxercalciferol,497.0,497.0,0.0,2319.0,1.65275
1338512,doxorubicin,2044.0,2044.0,0.0,61020.0,1.23449
1738521,doxycycline,1875.0,1875.0,0.0,36141.0,1.30202
738818,doxylamine,495.0,495.0,0.0,1633.0,1.64752
19056571,dromostanolone,5.0,5.0,0.0,5.0,66.3672
1037005,dronabinol,911.0,911.0,0.0,6000.0,1.44484
40163615,dronedarone,779.0,779.0,0.0,8576.0,0.98638
739323,droperidol,607.0,607.0,0.0,2360.0,2.10583
1512674,drospirenone,149.0,149.0,0.0,257.0,4.37449
19056611,drotaverin,3.0,3.0,0.0,4.0,164.4533
1731597,drotrecogin alfa,343.0,343.0,0.0,1894.0,2.57619
19056645,droxicam,10.0,0.0,10.0,0.0,
44814542,droxidopa,297.0,297.0,0.0,803.0,3.18105
45774435,dulaglutide,17.0,17.0,0.0,21.0,18.49571
715259,duloxetine,2448.0,2448.0,0.0,125662.0,0.894135
19113001,durapatite,68.0,68.0,0.0,83.0,10.15299
989482,dutasteride,1231.0,1231.0,0.0,14458.0,1.11224
992308,dyclonine,51.0,51.0,0.0,57.0,7.49156
19040060,dydrogesterone,240.0,240.0,0.0,410.0,6.19465
1140088,dyphylline,98.0,98.0,0.0,133.0,6.388165000000001
19092433,ebastine,450.0,450.0,0.0,1230.0,2.370825
40168938,ecallantide,186.0,186.0,0.0,720.0,2.347435
940864,econazole,540.0,540.0,0.0,1792.0,2.1143099999999997
958368,ecothiopate,37.0,37.0,0.0,74.0,14.77999
19080458,eculizumab,1227.0,1227.0,0.0,20751.0,0.88454
43013616,edetate calcium,8.0,8.0,0.0,8.0,26.145775
1741008,edetic acid,19.0,19.0,0.0,20.0,13.372
45892847,edoxaban,4.0,4.0,0.0,4.0,65.812505
740924,edrophonium,28.0,28.0,0.0,30.0,36.449895
936429,efalizumab,644.0,644.0,0.0,3819.0,2.115385
1738135,efavirenz,1385.0,1385.0,0.0,16680.0,1.59985
747348,efbemalenograstim alfa,1.0,0.0,1.0,0.0,
45775080,efinaconazole,17.0,17.0,0.0,21.0,39.79057
741607,eflapegrastim,1.0,0.0,1.0,0.0,
978236,eflornithine,269.0,269.0,0.0,538.0,3.12306
19057394,efloxate,1.0,0.0,1.0,0.0,
45776421,efmoroctocog alfa,11.0,11.0,0.0,16.0,21.86427
42903925,egg extract,1.0,0.0,1.0,0.0,
19013789,egg yolk phospholipids,1.0,1.0,0.0,1.0,570.57532
35606341,egtazic acid,11.0,0.0,11.0,0.0,
19087063,eicosapentaenoate,168.0,167.0,1.0,364.0,3.48767
,electroconvulsive therapy,,,,,
1189697,eletriptan,829.0,829.0,0.0,5519.0,1.46615
45775782,eliglustat,9.0,9.0,0.0,13.0,23.56117
40230797,ellagic acid,118.0,0.0,118.0,0.0,
43525837,elm extract,1.0,0.0,1.0,0.0,
44814525,elosulfase alfa,52.0,52.0,0.0,162.0,4.7647949999999994
19012346,eltrombopag,682.0,682.0,0.0,4672.0,1.23258
42874212,elvitegravir,28.0,28.0,0.0,35.0,10.139205
903893,emedastine,56.0,56.0,0.0,69.0,12.299565
19041852,emepronium,16.0,16.0,0.0,17.0,15.606395
40170557,emodepside,3.0,0.0,3.0,0.0,
45774751,empagliflozin,69.0,69.0,0.0,166.0,5.72405
1703069,emtricitabine,964.0,964.0,0.0,5838.0,2.1957899999999997
42899025,emu oil,26.0,19.0,8.0,23.0,11.26223
1341927,enalapril,2312.0,2312.0,0.0,71720.0,1.10511
1342001,enalaprilat,100.0,100.0,0.0,139.0,5.60663
19051513,encainide,10.0,10.0,0.0,11.0,10.315635
743196,enflurane,46.0,46.0,0.0,101.0,14.21349
1717002,enfuvirtide,716.0,716.0,0.0,3992.0,2.10413
44507774,enilconazole,1.0,0.0,1.0,0.0,
42609292,enmetazobactam,2.0,0.0,2.0,0.0,
790012,enobosarm,1.0,0.0,1.0,0.0,
1743222,enoxacin,64.0,64.0,0.0,73.0,11.38509
1301025,enoxaparin,2227.0,2227.0,0.0,62986.0,1.1846
19063454,enoximone,20.0,20.0,0.0,24.0,47.225845
40170592,enrofloxacin,1.0,1.0,0.0,1.0,23279.73599
1734730,ensifentrine,1.0,0.0,1.0,0.0,
782211,entacapone,668.0,668.0,0.0,4540.0,1.399655
1711246,entecavir,625.0,625.0,0.0,3584.0,1.641775
42900250,enzalutamide,564.0,564.0,0.0,5755.0,0.74414
1143374,ephedrine,604.0,604.0,0.0,2279.0,2.199485
746034,epicatechin,46.0,0.0,46.0,0.0,
43532347,epidermal growth factor,21.0,21.0,0.0,21.0,9.80699
19058494,epigallocatechin gallate,269.0,4.0,266.0,4.0,4514.12498
943634,epinastine,558.0,558.0,0.0,2227.0,1.97343
1343916,epinephrine,1405.0,1405.0,0.0,18529.0,1.09267
1344354,epirubicin,1069.0,1069.0,0.0,12239.0,1.47428
1309799,eplerenone,763.0,763.0,0.0,4476.0,1.56174
1301125,epoetin alfa,1956.0,1956.0,0.0,44325.0,1.15381
19001311,epoetin beta,758.0,758.0,0.0,3765.0,2.214685
19058527,epomediol,4.0,0.0,4.0,0.0,
1354118,epoprostenol,842.0,842.0,0.0,12210.0,0.930835
1759168,epoxiconazole,1.0,0.0,1.0,0.0,
19095266,eprazinone,194.0,194.0,0.0,404.0,3.685885
40224770,eprinomectin,5.0,0.0,5.0,0.0,
1346686,eprosartan,509.0,509.0,0.0,1529.0,1.83548
1322199,eptifibatide,547.0,547.0,0.0,3153.0,1.52102
46234318,"equol, (+)",1.0,0.0,1.0,0.0,
40220840,"equol, (-)-",1.0,0.0,1.0,0.0,
19058933,erdosteine,101.0,101.0,0.0,156.0,6.72264
19045045,ergocalciferol,1420.0,1420.0,0.0,16017.0,1.30148
745268,"ergoloid mesylates, USP",186.0,186.0,0.0,382.0,4.053845
1345205,ergonovine,79.0,79.0,0.0,110.0,12.53019
19061051,ergot preparation,4.0,0.0,4.0,0.0,
1145379,ergotamine,464.0,464.0,0.0,1238.0,2.835895
42903833,ergothioneine,22.0,0.0,22.0,0.0,
40230712,eribulin,362.0,362.0,0.0,1639.0,1.95034
1325363,erlotinib,1377.0,1377.0,0.0,27952.0,0.80025
1717963,ertapenem,683.0,683.0,0.0,3291.0,1.68349
793293,ertugliflozin,,,,,
1746940,erythromycin,1605.0,1605.0,0.0,17374.0,1.447
19103082,erythrosine,9.0,9.0,0.0,9.0,72.78538
1201070,esafoxolaner,1.0,0.0,1.0,0.0,
19048012,escin,34.0,34.0,0.0,37.0,38.602975
715939,escitalopram,2537.0,2537.0,0.0,108824.0,1.02737
42903834,esculin,4.0,4.0,0.0,5.0,639.487365
44507780,eslicarbazepine,40.0,40.0,0.0,71.0,11.31535
19063575,esmolol,356.0,356.0,0.0,1083.0,2.16218
904453,esomeprazole,2857.0,2857.0,0.0,225868.0,0.889105
748010,estazolam,708.0,708.0,0.0,2975.0,1.802195
1548195,estradiol,2015.0,2015.0,0.0,56622.0,1.09705
1349025,estramustine,487.0,487.0,0.0,1976.0,2.4235
19049038,estriol,353.0,353.0,0.0,875.0,2.55376
1598493,estrogenic substances,47.0,38.0,9.0,40.0,11.35308
19049228,estrogens,754.0,754.0,0.0,3718.0,1.600695
1549080,"estrogens, conjugated (USP)",2207.0,2207.0,0.0,87985.0,1.01163
1551673,"estrogens, esterified (USP)",841.0,841.0,0.0,5594.0,1.41457
1549254,estrone,30.0,30.0,0.0,37.0,5.6098099999999995
1525278,estropipate,671.0,671.0,0.0,3358.0,1.64887
757352,eszopiclone,1379.0,1379.0,0.0,26887.0,0.88865
1151789,etanercept,2865.0,2865.0,0.0,383370.0,0.63165
19103483,ethacridine,3.0,3.0,0.0,3.0,1280.29944
987406,ethacrynate,235.0,235.0,0.0,482.0,3.07981
1749301,ethambutol,990.0,990.0,0.0,8166.0,1.826985
19049350,ethamsylate,145.0,145.0,0.0,310.0,5.47138
955372,ethanol,697.0,697.0,0.0,7181.0,0.81154
19059477,ethanolamine,57.0,57.0,0.0,75.0,10.6817
19095285,ethanolamine oleate,5.0,5.0,0.0,9.0,1285.58972
19095288,ethaverine,1.0,1.0,0.0,1.0,153.14377
749727,ethchlorvynol,27.0,27.0,0.0,37.0,29.92067
19059506,ethenzamide,14.0,14.0,0.0,14.0,33.314565
1549786,ethinyl estradiol,2134.0,2134.0,0.0,143456.0,0.61405
19050016,ethiodized oil,122.0,122.0,0.0,237.0,7.40121
1750074,ethionamide,156.0,156.0,0.0,401.0,5.722515
19050090,ethisterone,5.0,5.0,0.0,5.0,35.2341
750119,ethosuximide,309.0,309.0,0.0,1039.0,2.68106
750146,ethotoin,50.0,50.0,0.0,56.0,11.558125
42904209,ethybenztropine,1.0,0.0,1.0,0.0,
42903839,ethyl butyrate,2.0,0.0,2.0,0.0,
42900260,ethyl cellulose,1.0,0.0,1.0,0.0,
950316,ethyl chloride,59.0,59.0,0.0,69.0,5.64987
19059622,ethyl cysteine,8.0,4.0,4.0,4.0,20.34554
43012272,ethyl ether,95.0,0.0,95.0,0.0,
43526150,ethyl ferulate,1.0,0.0,1.0,0.0,
43532289,ethyl lactate,2.0,0.0,2.0,0.0,
19095467,ethyl loflazepate,544.0,542.0,3.0,1993.0,2.065635
42900262,ethyl palmitate,1.0,0.0,1.0,0.0,
45775260,ethyl pyruvate,59.0,0.0,59.0,0.0,
45775560,ethyl salicylate,3.0,3.0,0.0,3.0,63.72101
46287456,ethyl sulfate,1.0,0.0,1.0,0.0,
42903847,ethylene glycol,82.0,82.0,0.0,179.0,5.705965
43014106,ethylene oxide,10.0,10.0,0.0,10.0,113.86383
19104616,ethylenediamine,4.0,4.0,0.0,4.0,25.455185
43014108,ethylenediaminetetraacetate,6.0,0.0,6.0,0.0,
19050387,ethylestrenol,1.0,1.0,0.0,2.0,4317.93516
19050414,ethylmorphine,29.0,29.0,0.0,34.0,10.20338
1595461,ethynodiol,20.0,20.0,0.0,21.0,41.677335
19050484,etidocaine,5.0,5.0,0.0,5.0,56.42359
1552929,etidronate,611.0,611.0,0.0,1892.0,2.6869
19059441,etifoxine,215.0,215.0,0.0,372.0,3.32391
19050419,etilefrine,138.0,138.0,0.0,188.0,5.0569
43527177,etilevodopa,1.0,0.0,1.0,0.0,
1195492,etodolac,1317.0,1317.0,0.0,12708.0,1.44293
19095546,etofamide,1.0,0.0,1.0,0.0,
19095561,etofenamate,37.0,37.0,0.0,45.0,18.48041
19060156,etofibrate,4.0,4.0,0.0,4.0,25.56247
19095564,etofylline,21.0,21.0,0.0,22.0,30.5187
19050488,etomidate,511.0,511.0,0.0,2322.0,1.84569
1519936,etonogestrel,837.0,837.0,0.0,12940.0,0.64474
1350504,etoposide,1464.0,1464.0,0.0,33852.0,1.29745
19011355,etoricoxib,865.0,865.0,0.0,4161.0,1.80428
1758536,etravirine,615.0,615.0,0.0,3438.0,1.893
19050554,etretinate,169.0,169.0,0.0,354.0,5.72975
19050346,eucalyptol,76.0,76.0,0.0,103.0,6.252095
19050560,eugenol,33.0,33.0,0.0,33.0,23.42068
19045290,evening primrose oil,389.0,389.0,0.0,1115.0,2.27535
19011440,everolimus,1465.0,1465.0,0.0,25365.0,1.18906
37496611,evodiamine,32.0,0.0,32.0,0.0,
1398399,exemestane,1286.0,1286.0,0.0,15199.0,1.41571
1583722,exenatide,1541.0,1541.0,0.0,85416.0,0.42904
1526475,ezetimibe,1822.0,1822.0,0.0,50128.0,1.02437
40239995,ezogabine,226.0,226.0,0.0,875.0,3.17225
1351935,factor IX,267.0,267.0,0.0,1304.0,0.79299
44785020,factor VII,69.0,69.0,0.0,117.0,7.81373
1352213,factor VIII,420.0,420.0,0.0,2540.0,0.8633649999999999
1352141,factor VIIa,363.0,363.0,0.0,1505.0,3.21161
19106100,factor XIII,61.0,61.0,0.0,78.0,31.14493
1703603,famciclovir,899.0,899.0,0.0,4678.0,1.61525
953076,famotidine,2381.0,2381.0,0.0,75404.0,1.18507
43012246,farnesol,8.0,0.0,8.0,0.0,
44816322,"fatty acids, omega-6",74.0,74.0,0.0,108.0,5.723675
19061109,febarbamate,2.0,0.0,2.0,0.0,
19017742,febuxostat,739.0,739.0,0.0,4422.0,1.44607
795661,felbamate,251.0,251.0,0.0,809.0,2.50502
19100761,felbinac,367.0,367.0,0.0,998.0,2.96883
1353776,felodipine,1346.0,1346.0,0.0,15003.0,1.25343
19095703,fenbufen,10.0,10.0,0.0,10.0,36.985285000000005
19053866,fendiline,9.0,3.0,6.0,3.0,20.0415
753860,fenfluramine,120.0,120.0,0.0,166.0,5.336785
19095709,fenipentol,3.0,2.0,1.0,2.0,59.73176
43013629,fennel extract,1.0,0.0,1.0,0.0,
42899012,fennel oil,2.0,2.0,0.0,2.0,510.93628
19011162,fennel seed preparation,2.0,0.0,2.0,0.0,
1551803,fenofibrate,1933.0,1933.0,0.0,53701.0,1.016
19095721,fenoldopam,39.0,39.0,0.0,134.0,4.12237
1153928,fenoprofen,132.0,132.0,0.0,182.0,4.955245
19053979,fenoterol,568.0,568.0,0.0,2497.0,1.87431
19061370,fenoverine,3.0,1.0,2.0,1.0,
19095724,fenoxazoline,25.0,25.0,0.0,29.0,14.98734
19095727,fenproporex,12.0,12.0,0.0,14.0,58.89574
19107829,fenspiride,156.0,156.0,0.0,310.0,3.5241499999999997
1154029,fentanyl,2489.0,2489.0,0.0,125668.0,0.82879
19095729,fenticonazole,27.0,27.0,0.0,32.0,11.99463
19037415,fenugreek seed preparation,4.0,0.0,4.0,0.0,
19135796,feprazone,15.0,8.0,7.0,8.0,19.17374
19095744,ferric ammonium citrate,7.0,7.0,0.0,11.0,163.53516
43560392,ferric carboxymaltose,278.0,278.0,0.0,894.0,2.503165
19095761,ferric chloride,7.0,7.0,0.0,8.0,29.908
45776202,ferric citrate,12.0,12.0,0.0,12.0,31.972245
43533015,ferric hydroxide,110.0,110.0,0.0,175.0,6.31723
42900525,ferric oxide,12.0,12.0,0.0,12.0,181.322905
46221255,ferric pyrophosphate,89.0,89.0,0.0,142.0,14.90527
19095786,ferric subsulfate solution,6.0,6.0,0.0,6.0,56.843345
19095802,ferric sulfate,34.0,33.0,1.0,35.0,16.90039
1146605,ferrocyanide,2.0,0.0,2.0,0.0,
42899524,ferrosoferric oxide,1.0,0.0,1.0,0.0,
19054670,ferrous ascorbate,18.0,17.0,1.0,30.0,43.15698
1391575,ferrous aspartate,9.0,9.0,0.0,9.0,109.5319
1391470,ferrous asparto glycinate,49.0,49.0,0.0,64.0,4.99029
40239116,ferrous bisglycinate,91.0,90.0,1.0,140.0,5.287305
44506781,ferrous carbonate,18.0,17.0,2.0,19.0,15.46492
19061731,ferrous chloride,3.0,3.0,0.0,3.0,9.85476
45776883,ferrous disulfide,8.0,0.0,8.0,0.0,
1595799,ferrous fumarate,907.0,907.0,0.0,5391.0,1.5912
1396012,ferrous gluconate,863.0,863.0,0.0,4501.0,1.62789
19000753,ferrous glycine sulfate,148.0,148.0,0.0,195.0,6.59404
43012276,ferrous oxide,2.0,2.0,0.0,2.0,346.712815
19009557,ferrous phosphate,10.0,10.0,0.0,22.0,108.75329
19096133,ferrous succinate,30.0,30.0,0.0,39.0,14.328795
1396131,ferrous sulfate,2122.0,2122.0,0.0,43631.0,1.247815
43014099,ferulate,3.0,0.0,3.0,0.0,
19015703,ferumoxides,19.0,19.0,0.0,29.0,16.34867
19024772,ferumoxsil,19.0,19.0,0.0,20.0,22.04519
40163731,ferumoxytol,283.0,283.0,0.0,1770.0,1.95703
19027958,fesoterodine,667.0,667.0,0.0,6056.0,1.10533
1153428,fexofenadine,2082.0,2082.0,0.0,55860.0,1.1467
911891,fiber,557.0,557.0,0.0,2495.0,1.68387
19054702,fibrinogen,201.0,201.0,0.0,414.0,5.43386
19044986,fibrinogen concentrate (human),36.0,36.0,0.0,48.0,29.314065
19035100,fibrinolysis inhibitor,85.0,71.0,14.0,111.0,10.93465
45775016,fibroblast growth factor-1,6.0,0.0,6.0,0.0,
1734324,fidanacogene elaparvovec,1.0,0.0,1.0,0.0,
40239985,fidaxomicin,177.0,177.0,0.0,509.0,1.80964
1304850,filgrastim,1688.0,1688.0,0.0,34853.0,1.2113649999999998
45892722,finafloxacin,3.0,3.0,0.0,3.0,256.06097
996416,finasteride,1681.0,1681.0,0.0,30720.0,1.071125
40226579,fingolimod,1518.0,1518.0,0.0,35700.0,0.900155
43560379,fipronil,1.0,1.0,0.0,1.0,2315.88762
746822,fisetin,47.0,0.0,47.0,0.0,
19110701,fish oils,163.0,163.0,0.0,282.0,3.15348
1465860,fitusiran,5.0,0.0,5.0,0.0,
42903868,flavin-adenine dinucleotide,2.0,2.0,0.0,2.0,79.08644000000001
19078876,flavocoxid,253.0,253.0,0.0,505.0,4.32831
44818494,flavone,5.0,0.0,5.0,0.0,
954853,flavoxate,352.0,352.0,0.0,844.0,2.46784
1315342,flaxseed extract,13.0,7.0,6.0,7.0,193.20758
1354860,flecainide,1124.0,1124.0,0.0,9215.0,1.320065
19050750,fleroxacin,30.0,30.0,0.0,34.0,8.36655
19054931,floctafenine,10.0,2.0,8.0,2.0,212.4022
19063763,flopropione,79.0,70.0,10.0,105.0,7.01207
1537118,floralozone,2.0,0.0,2.0,0.0,
19054936,floxacillin,348.0,348.0,0.0,1183.0,2.39185
1355509,floxuridine,56.0,56.0,0.0,85.0,9.579384999999998
19096506,flubendazole,7.0,7.0,0.0,8.0,100.67838
1754994,fluconazole,2523.0,2523.0,0.0,82035.0,1.23868
1755112,flucytosine,254.0,254.0,0.0,654.0,3.80234
1395557,fludarabine,1238.0,1238.0,0.0,21530.0,1.38842
1555120,fludrocortisone,1027.0,1027.0,0.0,6950.0,1.47922
19123699,flufenamate,1.0,1.0,0.0,1.0,
19110711,flufenamic acid,27.0,27.0,0.0,29.0,8.16656
19113013,fluindione,1071.0,1071.0,0.0,13473.0,1.33291
19055153,flumazenil,336.0,336.0,0.0,825.0,2.952355
19064329,flumequine,1.0,1.0,0.0,1.0,3185.28783
19055156,flumethasone,4.0,4.0,0.0,4.0,11.51622
19059705,flumethiazide,4.0,4.0,0.0,4.0,122.20687
19055183,flunarizine,241.0,241.0,0.0,588.0,2.58485
1196514,flunisolide,907.0,907.0,0.0,5165.0,1.64484
19055224,flunitrazepam,967.0,967.0,0.0,7842.0,1.42747
996541,fluocinolone,565.0,565.0,0.0,1484.0,2.58945
955252,fluocinonide,850.0,850.0,0.0,3741.0,1.8836
19064432,fluocortin butyl ester,2.0,0.0,2.0,0.0,
19055344,fluocortolone,39.0,39.0,0.0,44.0,28.44952
42903626,fluorapatite,4.0,0.0,4.0,0.0,
996625,fluorescein,258.0,258.0,0.0,826.0,3.956205
19018663,fluoride ion,2.0,2.0,0.0,2.0,123642.844865
43012202,fluorodeoxyglucose F18,6.0,6.0,0.0,6.0,17.48661
955583,fluorometholone,455.0,455.0,0.0,1358.0,2.51179
955632,fluorouracil,1841.0,1841.0,0.0,50857.0,1.10113
755695,fluoxetine,2589.0,2589.0,0.0,110512.0,1.04124
1555887,fluoxymesterone,145.0,145.0,0.0,222.0,4.81325
19055982,flupenthixol,326.0,326.0,0.0,1241.0,2.04406
756018,fluphenazine,570.0,570.0,0.0,2813.0,1.60359
19064698,flupirtine,313.0,291.0,33.0,638.0,2.47987
19056447,fluprednidene,8.0,8.0,0.0,9.0,50.629495
19111234,fluprednisolone,2.0,2.0,0.0,4.0,512.81515
45774640,fluralaner,8.0,0.0,8.0,0.0,
956266,flurandrenolide,164.0,164.0,0.0,256.0,3.668495
756349,flurazepam,813.0,813.0,0.0,4556.0,1.53201
1156378,flurbiprofen,734.0,734.0,0.0,2448.0,2.15066
19056465,fluspirilene,49.0,49.0,0.0,52.0,13.20177
1356461,flutamide,517.0,517.0,0.0,1666.0,2.26559
1149380,fluticasone,2581.0,2581.0,0.0,129146.0,0.99266
19123624,flutrimazole,9.0,9.0,0.0,14.0,40.01719
1549686,fluvastatin,1358.0,1358.0,0.0,13377.0,1.33576
751412,fluvoxamine,1056.0,1056.0,0.0,7734.0,1.384045
1387426,folate,902.0,749.0,225.0,2809.0,2.11028
19111620,folic acid,3087.0,3087.0,0.0,176638.0,1.1675
1588712,follicle stimulating hormone,3.0,3.0,0.0,4.0,264.1554
1542948,follitropin alfa,310.0,310.0,0.0,1179.0,3.699785
1597235,follitropin beta,249.0,249.0,0.0,800.0,4.53051
19022479,fomepizole,24.0,24.0,0.0,29.0,18.552365
19033664,fominoben,42.0,40.0,2.0,50.0,5.691495
19065032,fomocain,2.0,0.0,2.0,0.0,
19113015,fonazine,6.0,0.0,6.0,0.0,
1315865,fondaparinux,1016.0,1016.0,0.0,10708.0,1.174235
1756524,formaldehyde,39.0,39.0,0.0,43.0,13.01074
19080440,formalin,33.0,16.0,18.0,17.0,855.6406400000001
43012211,formate,5.0,0.0,5.0,0.0,
19020079,formestane,2.0,2.0,0.0,2.0,144.3505
956630,formic acid,4.0,4.0,0.0,6.0,102.617765
1196677,formoterol,1910.0,1910.0,0.0,63616.0,0.83303
747282,forsythiaside,12.0,0.0,12.0,0.0,
1736829,fosamprenavir,636.0,636.0,0.0,3023.0,2.48478
1724700,foscarnet,444.0,444.0,0.0,2000.0,3.627875
19065450,fosfestrol,48.0,48.0,0.0,74.0,10.03508
956653,fosfomycin,311.0,311.0,0.0,895.0,2.81114
1363749,fosinopril,1290.0,1290.0,0.0,12607.0,1.2844
713192,fosphenytoin,396.0,396.0,0.0,1464.0,2.16371
19044273,fospropofol,5.0,5.0,0.0,5.0,31.50337
19056694,framycetin,29.0,29.0,0.0,58.0,11.28698
42898999,frankincense extract,1.0,0.0,1.0,0.0,
42898995,frankincense oil,11.0,9.0,2.0,10.0,22.17137
1189458,frovatriptan,376.0,376.0,0.0,1167.0,2.3898599999999997
956691,fructose,30.0,30.0,0.0,34.0,15.24046
779662,frunevetmab,2.0,0.0,2.0,0.0,
747237,fruquintinib,1.0,0.0,1.0,0.0,
42903880,fu ling,2.0,1.0,1.0,1.0,
1304044,fulvestrant,1150.0,1150.0,0.0,10890.0,1.690225
42903799,fulvic acid,8.0,3.0,5.0,3.0,72.55689
19126510,fumarate,248.0,248.0,0.0,418.0,2.886025
1756822,furazolidone,52.0,52.0,0.0,63.0,9.029535
956874,furosemide,3074.0,3074.0,0.0,329936.0,0.87979
19097405,fusafungin,47.0,47.0,0.0,64.0,15.68114
19010400,fusidate,545.0,544.0,2.0,2418.0,1.93862
1301964,fuzapladib,3.0,0.0,3.0,0.0,
797399,gabapentin,2798.0,2798.0,0.0,208356.0,0.93369
19007652,gadobenate,42.0,42.0,0.0,130.0,11.982209999999998
19048493,gadobutrol,238.0,238.0,0.0,2425.0,2.13815
19103699,gadodiamide,623.0,623.0,0.0,5899.0,0.97723
42899255,gadolinium,433.0,433.0,0.0,2627.0,1.49956
45775566,gadopentetate,12.0,12.0,0.0,14.0,18.65732
19097468,gadopentetate dimeglumine,803.0,803.0,0.0,15688.0,0.79995
43526404,gadoterate meglumine,226.0,226.0,0.0,609.0,4.006855
19097463,gadoteridol,343.0,343.0,0.0,3257.0,1.36243
19089496,gadoversetamide,594.0,594.0,0.0,4574.0,1.322835
19031583,gadoxetate,76.0,76.0,0.0,282.0,5.922295
43532362,galactoarabinan,1.0,0.0,1.0,0.0,
19112526,galactose,2.0,2.0,0.0,2.0,522.785975
757627,galantamine,777.0,777.0,0.0,5693.0,1.42978
19057690,gallamine,18.0,18.0,0.0,20.0,27.0265
42899259,gallium,4.0,4.0,0.0,4.0,3709.853665
19057715,gallopamil,1.0,1.0,0.0,1.0,
19078649,galsulfase,288.0,288.0,0.0,1242.0,3.511725
40240027,gamithromycin,3.0,0.0,3.0,0.0,
19070929,gamma linoleic acid,5.0,2.0,3.0,2.0,50.865534999999994
19123846,gamma-aminobutyrate,32.0,32.0,0.0,35.0,20.33022
43012713,gamma-cyclodextrin,2.0,0.0,2.0,0.0,
19086939,gamma-linolenate,30.0,28.0,2.0,32.0,21.26681
19065867,gamma-oryzanol,3.0,3.0,0.0,3.0,1265.05526
780003,ganaxolone,14.0,0.0,14.0,0.0,
1757803,ganciclovir,1010.0,1010.0,0.0,7950.0,2.20177
1536743,ganirelix,144.0,144.0,0.0,461.0,3.30753
37353460,garadacimab,2.0,0.0,2.0,0.0,
702262,gardenoside,6.0,0.0,6.0,0.0,
1317597,garlic powder,14.0,11.0,3.0,11.0,20.10623
1401437,garlic preparation,74.0,74.0,0.0,104.0,5.828555
19112537,gastric mucins,1.0,0.0,1.0,0.0,
1789276,gatifloxacin,1096.0,1096.0,0.0,8754.0,1.4814699999999998
1319193,gefitinib,825.0,825.0,0.0,6935.0,1.42604
19058092,gelatin,201.0,201.0,0.0,398.0,3.48029
1314924,gemcitabine,1632.0,1632.0,0.0,37582.0,1.15923
19011126,gemeprost,9.0,9.0,0.0,12.0,10.61811
1558242,gemfibrozil,1446.0,1446.0,0.0,21208.0,1.18107
1716721,gemifloxacin,336.0,336.0,0.0,1680.0,1.52147
19098566,gemtuzumab,89.0,89.0,0.0,169.0,7.94369
42799711,gemtuzumab ozogamicin,542.0,542.0,0.0,4519.0,1.67375
19097682,genistein,180.0,17.0,167.0,17.0,16.65631
45892419,gentamicin,1368.0,1368.0,0.0,11282.0,1.541635
959362,gentian violet,41.0,41.0,0.0,50.0,22.40303
42608871,gepirone,10.0,0.0,10.0,0.0,
1465823,gepotidacin,4.0,0.0,4.0,0.0,
43525843,geranium extract,5.0,4.0,1.0,4.0,281.519705
40221310,geranyl acetate,1.0,0.0,1.0,0.0,
43012210,geranylgeranylacetone,926.0,903.0,32.0,6025.0,1.80819
19059405,germanium,2.0,2.0,0.0,2.0,376.657185
42900499,germanium dioxide,9.0,0.0,9.0,0.0,
19097684,gestodene,107.0,107.0,0.0,138.0,8.4114
1307213,ginger extract,2.0,2.0,0.0,2.0,149.933055
1314928,ginger root,125.0,117.0,11.0,205.0,3.91796
19017671,ginseng preparation,22.0,22.0,0.0,23.0,19.735570000000003
19098644,ginseng root,5.0,0.0,5.0,0.0,
19029574,ginsenoside,30.0,0.0,30.0,0.0,
46221502,glabridin,24.0,0.0,24.0,0.0,
751889,glatiramer,1279.0,1279.0,0.0,20911.0,1.10973
43014081,glaucine,12.0,7.0,6.0,7.0,139.63767
1718238,gleptoferron,1.0,0.0,1.0,0.0,
19001409,glibornuride,15.0,15.0,0.0,21.0,35.78158
19059796,gliclazide,1393.0,1393.0,0.0,18829.0,1.19816
19056219,glicofosfopeptical,2.0,2.0,0.0,2.0,2286.3478050000003
1597756,glimepiride,1921.0,1921.0,0.0,54659.0,0.91315
46276250,gliotoxin,5.0,0.0,5.0,0.0,
1560171,glipizide,1889.0,1889.0,0.0,59374.0,0.91048
19097821,gliquidone,124.0,124.0,0.0,173.0,6.125249999999999
1560278,glucagon,610.0,610.0,0.0,2155.0,1.99159
19098123,glucametacin,14.0,12.0,2.0,12.0,21.552465
42903551,glucamine,1.0,0.0,1.0,0.0,
42709319,glucarpidase,20.0,20.0,0.0,47.0,20.686325
19113022,gluceptate,2.0,2.0,0.0,2.0,162.81085
19011061,glucomannan,35.0,13.0,22.0,15.0,23.25774
19126511,gluconate,136.0,127.0,11.0,202.0,3.5451
998392,gluconolactone,13.0,13.0,0.0,13.0,157.89602
1360332,glucosamine,1504.0,1504.0,0.0,22229.0,1.35692
1560524,glucose,1053.0,1053.0,0.0,8277.0,1.53102
43532365,glucose oxidase,58.0,58.0,0.0,75.0,6.9570799999999995
43560384,glucosyl hesperidin,6.0,0.0,6.0,0.0,
44818463,glucuronolactone,1.0,1.0,0.0,2.0,
911486,glutamate,73.0,73.0,0.0,107.0,4.85397
19060985,glutamine,417.0,417.0,0.0,1107.0,2.36609
1761033,glutaral,58.0,58.0,0.0,67.0,12.979175
794111,glutarate,1.0,0.0,1.0,0.0,
19061083,glutathione,245.0,245.0,0.0,590.0,2.8581
19066610,glutathione disulfide,28.0,28.0,0.0,81.0,154.32906
19061124,glutethimide,3.0,3.0,0.0,3.0,15.18343
1559684,glyburide,1989.0,1989.0,0.0,56298.0,0.93606
961145,glycerin,775.0,775.0,0.0,3351.0,1.88315
42899249,glyceryl laurate,1.0,0.0,1.0,0.0,
43526717,glyceryl phosphate,8.0,8.0,0.0,8.0,17.84142
1594234,glycidyl methacrylate,1.0,0.0,1.0,0.0,
962398,glycine,139.0,139.0,0.0,215.0,5.23443
19032816,glycine zinc chelate,24.0,24.0,0.0,26.0,13.75017
43532356,glycogen,1.0,1.0,0.0,1.0,
19068028,glycol salicylate,12.0,12.0,0.0,19.0,101.97118
911638,glycolate,31.0,31.0,0.0,38.0,7.66782
45775733,glycolide,1.0,0.0,1.0,0.0,
45775571,glycopyrronium,162.0,162.0,0.0,310.0,4.6986799999999995
43012247,glycylglycine,1.0,0.0,1.0,0.0,
19068419,glycyrrhizic acid,129.0,129.0,0.0,234.0,5.80131
42898316,"glycyrrhizin, ammoniated",2.0,0.0,2.0,0.0,
42904288,glycyrrhizinate,78.0,77.0,1.0,104.0,5.85442
19113004,glyoxal,4.0,4.0,0.0,4.0,100.521375
42899196,gold,402.0,402.0,0.0,947.0,2.7326300000000003
19113023,gold keratinate,2.0,0.0,2.0,0.0,
19048202,golden seal extract,5.0,5.0,0.0,5.0,31.56054
19041065,golimumab,1037.0,1037.0,0.0,8671.0,1.7879
19089810,gonadorelin,147.0,147.0,0.0,233.0,7.82906
1366310,goserelin,1122.0,1122.0,0.0,8115.0,1.53496
1315684,gotu kola extract,1.0,0.0,1.0,0.0,
963742,gramicidin,14.0,14.0,0.0,23.0,59.84117499999999
1000772,granisetron,1380.0,1380.0,0.0,20568.0,1.31629
19065814,grape extract,25.0,16.0,9.0,16.0,23.490735
19056805,grape seed,186.0,178.0,9.0,317.0,3.46991
1392182,grape seed extract,390.0,351.0,57.0,881.0,2.40199
42900528,grape seed oil,82.0,82.0,0.0,103.0,8.553935
19070951,grape seed proanthocyanidins,19.0,0.0,19.0,0.0,
19011124,grapefruit extract,3.0,2.0,1.0,2.0,46.4153
43533099,grapefruit juice,113.0,113.0,0.0,185.0,4.66633
42900529,grapefruit oil,24.0,24.0,0.0,24.0,10.031145
19066602,grapefruit seed extract,25.0,21.0,4.0,24.0,12.00365
1592815,grapiprant,1.0,0.0,1.0,0.0,
19056739,greater celandine,5.0,0.0,5.0,0.0,
43525847,greater galangal extract,2.0,0.0,2.0,0.0,
19124972,green tea extract,119.0,91.0,31.0,146.0,3.64121
1304239,green tea leaf extract,2.0,0.0,2.0,0.0,
1747032,grepafloxacin,54.0,54.0,0.0,59.0,12.14636
1763779,griseofulvin,228.0,228.0,0.0,458.0,3.09638
43525904,guaiac,2.0,0.0,2.0,0.0,
19063951,guaiacol,40.0,40.0,0.0,41.0,17.00124
1189220,guaiacolsulfonate,176.0,176.0,0.0,315.0,4.99979
1200939,guaiacolsulfonic acid,6.0,6.0,0.0,10.0,246.00241
19068893,guaiazulene,17.0,17.0,0.0,33.0,29.70381
19056037,guaietolin,3.0,3.0,0.0,3.0,211.32727
1163944,guaifenesin,1845.0,1845.0,0.0,36010.0,1.27394
1366237,guanabenz,58.0,58.0,0.0,87.0,5.87734
1400959,guanadrel,2.0,2.0,0.0,2.0,24146.35363
1366279,guanethidine,33.0,33.0,0.0,34.0,22.16684
1344965,guanfacine,614.0,614.0,0.0,3083.0,1.281615
766337,guanidine,14.0,14.0,0.0,16.0,68.3878
43525870,guanine,13.0,13.0,0.0,13.0,28.11256
1000979,guar gum,72.0,72.0,0.0,111.0,4.90378
43532422,guava extract,2.0,0.0,2.0,0.0,
19070952,guggul lipids,4.0,0.0,4.0,0.0,
801396,halazepam,35.0,35.0,0.0,46.0,17.41268
966468,halcinonide,94.0,94.0,0.0,137.0,5.390305
19061374,halibut liver oil,23.0,23.0,0.0,23.0,48.81937
949759,halobetasol,300.0,300.0,0.0,639.0,2.8044200000000004
1766340,halofantrine,30.0,30.0,0.0,47.0,15.65922
19068896,halometasone,3.0,3.0,0.0,3.0,274.80968
766529,haloperidol,1780.0,1780.0,0.0,37671.0,1.00124
19101422,haloprogin,1.0,1.0,0.0,1.0,
19066747,halothane,111.0,111.0,0.0,192.0,10.42065
1559818,harpagoside,13.0,0.0,13.0,0.0,
19070954,hawthorn berry,37.0,35.0,2.0,41.0,13.30128
19070955,hawthorn berry extract,2.0,2.0,0.0,2.0,22.83285
1324250,hawthorn preparation,4.0,0.0,4.0,0.0,
1510364,hederagenin,14.0,0.0,14.0,0.0,
19054991,helicidine,137.0,137.0,0.0,210.0,7.13545
19067073,helium,5.0,5.0,0.0,5.0,149.63241
40182120,heme iron polypeptide,15.0,15.0,0.0,18.0,12.56563
19101426,hemicellulase,2.0,2.0,0.0,2.0,2050.99153
19067303,hemin,89.0,89.0,0.0,141.0,4.14067
1367571,heparin,2142.0,2142.0,0.0,68431.0,0.99443
19113045,heparinoids,413.0,413.0,0.0,1459.0,2.75149
529660,hepatitis A vaccine (inactivated) strain HM175,140.0,140.0,0.0,353.0,3.8577
501343,hepatitis B immune globulin,28.0,28.0,0.0,41.0,3.864875
528323,hepatitis B surface antigen vaccine,151.0,126.0,26.0,188.0,6.07355
43532406,hepatitis B virus,10.0,10.0,0.0,12.0,3439.5160800000003
19068433,heptaminol,273.0,273.0,0.0,653.0,3.62603
40183759,heptanoic acid,3.0,3.0,0.0,3.0,12241.12006
19022417,heroin,392.0,392.0,0.0,1812.0,1.16044
42903748,hesperetin,40.0,0.0,40.0,0.0,
19068688,hesperidin,157.0,157.0,0.0,230.0,5.06792
19077117,hetastarch,210.0,210.0,0.0,450.0,3.976485
1768734,hexachlorophene,120.0,120.0,0.0,147.0,4.16728
789903,hexadecane,1.0,0.0,1.0,0.0,
44785873,hexametaphosphate,2.0,0.0,2.0,0.0,
792733,hexamethyldisilazane,1.0,0.0,1.0,0.0,
19001599,hexamidine,78.0,78.0,0.0,89.0,13.32299
19068839,hexetidine,91.0,91.0,0.0,197.0,5.83725
19068964,hexobarbital,4.0,4.0,0.0,6.0,93.976815
19113060,hexobendine,2.0,2.0,0.0,2.0,994.42321
19068969,hexoprenaline,6.0,6.0,0.0,11.0,324.36530500000003
969004,hexylresorcinol,6.0,6.0,0.0,6.0,376.42294
43532411,high-density polyethylene,6.0,0.0,6.0,0.0,
1594733,hippurate,7.0,0.0,7.0,0.0,
45775313,hirudin,24.0,24.0,0.0,30.0,26.893725
19069019,histamine,129.0,129.0,0.0,194.0,4.26424
19069149,histidine,6.0,6.0,0.0,6.0,47.125085
1366773,histrelin,188.0,188.0,0.0,382.0,2.67078
40161809,hog skin extract,1.0,0.0,1.0,0.0,
1101703,homatropine,176.0,176.0,0.0,306.0,4.376939999999999
514834,honey bee venom,1.0,1.0,0.0,1.0,169.15845
19071840,honey preparation,7.0,0.0,7.0,0.0,
1537440,honokiol,87.0,0.0,87.0,0.0,
1315140,horse chestnut preparation,48.0,47.0,1.0,59.0,8.16465
19099049,horse chestnut seed,1.0,0.0,1.0,0.0,
19090505,human calcitonin,2.0,2.0,0.0,2.0,232.609655
46221662,human colostrum,1.0,0.0,1.0,0.0,
42899124,human cord blood hematopoietic progenitor cell,13.0,13.0,0.0,15.0,94.56989
45776001,human skin preparation,68.0,68.0,0.0,201.0,16.745334999999997
19122168,human vaccinia immune globulin,178.0,178.0,0.0,515.0,3.251435
529216,human-bovine reassortant rotavirus strain P1A[8] vaccine,7.0,7.0,0.0,8.0,93.63157
37498121,humulene,6.0,0.0,6.0,0.0,
37498203,huperzine A,13.0,0.0,13.0,0.0,
787787,hyaluronate,698.0,653.0,63.0,2564.0,2.03551
19073699,hyaluronidase,107.0,107.0,0.0,327.0,6.20099
1373928,hydralazine,1446.0,1446.0,0.0,19745.0,1.1846450000000002
974140,hydrochloric acid,88.0,88.0,0.0,121.0,4.828515
974166,hydrochlorothiazide,2661.0,2661.0,0.0,159376.0,1.04283
1174888,hydrocodone,2746.0,2746.0,0.0,182150.0,1.0068450000000002
975125,hydrocortisone,2189.0,2189.0,0.0,48061.0,1.30366
1376289,hydroflumethiazide,26.0,26.0,0.0,29.0,18.64586
19076389,hydrogen,2.0,2.0,0.0,2.0,971.234275
43012724,hydrogen cyanide,1.0,1.0,0.0,2.0,
1776430,hydrogen peroxide,291.0,291.0,0.0,529.0,3.09783
43013072,hydrogen sulfite,3.0,0.0,3.0,0.0,
42899126,hydrogenated coconut oil,1.0,0.0,1.0,0.0,
42899093,hydrogenated vegetable oil,1.0,0.0,1.0,0.0,
1126658,hydromorphone,2005.0,2005.0,0.0,49783.0,1.17121
19069075,hydroquinidine,27.0,27.0,0.0,27.0,45.91003
37003458,hydroquinine,1.0,0.0,1.0,0.0,
976778,hydroquinone,692.0,692.0,0.0,3105.0,1.654725
19002230,hydrotalcite,38.0,38.0,0.0,44.0,15.814420000000002
1377023,hydroxocobalamin,552.0,552.0,0.0,2272.0,1.895365
1777087,hydroxychloroquine,2073.0,2073.0,0.0,54353.0,1.18196
42903493,hydroxycitric acid,69.0,65.0,6.0,103.0,6.79389
19077111,hydroxyestrones,3.0,0.0,3.0,0.0,
19069076,hydroxyethyl cellulose,4.0,4.0,0.0,4.0,87.73608
43012293,hydroxyethyl starch 130-0.4,178.0,178.0,0.0,394.0,4.406185
36249762,hydroxypinacolone retinoate,1.0,0.0,1.0,0.0,
1718952,hydroxypropyl cellulose (type H),4.0,0.0,4.0,0.0,
40167156,hydroxypropyl chitosan,3.0,0.0,3.0,0.0,
37003456,hydroxypropyl methacrylate,1.0,0.0,1.0,0.0,
43012331,hydroxypropyl methylcellulose 2910,65.0,65.0,0.0,70.0,10.69705
43012352,hydroxypropylbetadex (0.58-0.68 MS),12.0,0.0,12.0,0.0,
19002257,hydroxypropylcellulose,34.0,34.0,0.0,39.0,12.90213
42903724,hydroxytyrosol,44.0,1.0,43.0,1.0,
1377141,hydroxyurea,1142.0,1142.0,0.0,10165.0,1.38939
777221,hydroxyzine,2153.0,2153.0,0.0,48580.0,1.15357
19069080,hylan,9.0,9.0,0.0,9.0,18.31646
705219,hylan G-F 20,316.0,308.0,10.0,727.0,2.96173
19077421,hymecromone,4.0,4.0,0.0,4.0,692.345865
923672,hyoscyamine,1214.0,1214.0,0.0,12084.0,1.42921
45775583,hypericin,59.0,59.0,0.0,73.0,10.666
44784806,hypochlorite,57.0,57.0,0.0,65.0,7.07679
779295,hypotaurine,2.0,0.0,2.0,0.0,
902251,hypromellose,574.0,574.0,0.0,2332.0,1.69255
43012333,hypromellose 2208,16.0,16.0,0.0,18.0,15.61687
43560557,hypromellose 2910 (10000 MPA.S),92.0,92.0,0.0,118.0,6.917755
1512480,ibandronate,1619.0,1619.0,0.0,39959.0,1.16721
19113028,ibopamine,2.0,2.0,0.0,2.0,85067.830205
1537246,ibrexafungerp,4.0,0.0,4.0,0.0,
19068830,ibritumomab tiuxetan,429.0,429.0,0.0,2016.0,2.64332
44507848,ibrutinib,455.0,455.0,0.0,1945.0,2.0082
1177480,ibuprofen,2929.0,2929.0,0.0,189516.0,1.02815
19050087,ibutilide,34.0,34.0,0.0,65.0,16.92557
35604420,icariin,76.0,0.0,76.0,0.0,
40242044,icatibant,175.0,175.0,0.0,678.0,1.95226
977949,ichthammol,15.0,15.0,0.0,15.0,43.34503
19011437,icodextrin,161.0,161.0,0.0,421.0,3.54654
42874246,icosapent ethyl,391.0,391.0,0.0,1206.0,2.67571
19078097,idarubicin,687.0,687.0,0.0,4946.0,2.29994
19067036,idebenone,52.0,52.0,0.0,57.0,14.143155
45776944,idelalisib,130.0,130.0,0.0,306.0,4.571365
19078156,idoxuridine,31.0,31.0,0.0,38.0,7.02094
19018746,idrocilamide,8.0,8.0,0.0,8.0,30.78122
19091430,idursulfase,298.0,298.0,0.0,1184.0,2.2874
19069103,ifenprodil,301.0,301.0,0.0,846.0,2.91164
19078187,ifosfamide,860.0,860.0,0.0,9340.0,1.61672
43014176,ilomastat,3.0,0.0,3.0,0.0,
19017241,iloperidone,254.0,254.0,0.0,1046.0,2.84232
1344992,iloprost,730.0,730.0,0.0,8033.0,1.064585
1304107,imatinib,1919.0,1919.0,0.0,38840.0,1.11888
779582,imepitoin,2.0,0.0,2.0,0.0,
1734581,imetelstat,2.0,0.0,2.0,0.0,
19122327,imidapril,472.0,472.0,0.0,1628.0,2.5205450000000003
1348407,imiglucerase,736.0,736.0,0.0,3719.0,1.91636
1778262,imipenem,621.0,621.0,0.0,2419.0,2.37336
778268,imipramine,1095.0,1095.0,0.0,8328.0,1.36907
981691,imiquimod,614.0,614.0,0.0,2648.0,2.062965
43531966,immunoglobulin A,695.0,695.0,0.0,2889.0,2.73637
19117912,immunoglobulin G,1157.0,1157.0,0.0,15492.0,1.13671
1718678,imperialine,10.0,0.0,10.0,0.0,
19017805,inamrinone,11.0,11.0,0.0,37.0,7.88468
40240664,indacaterol,590.0,590.0,0.0,3540.0,1.739655
978555,indapamide,1277.0,1277.0,0.0,14459.0,1.20277
42900470,indeloxazine,6.0,2.0,4.0,2.0,1424.31341
43532336,indigo,115.0,115.0,1.0,129.0,5.89286
1711523,indinavir,587.0,587.0,0.0,2610.0,2.67124
43012200,indium,51.0,51.0,0.0,78.0,8.64248
19069107,indobufen,31.0,31.0,0.0,37.0,11.33168
19078612,indocyanine green,32.0,32.0,0.0,39.0,13.3675
42900471,indole,1.0,1.0,0.0,1.0,6716.8946
779328,indole-3-carbinol,22.0,0.0,22.0,0.0,
1178663,indomethacin,1544.0,1544.0,0.0,15927.0,1.3912650000000002
19078808,indoramin,92.0,92.0,0.0,147.0,5.632695
937368,infliximab,2575.0,2575.0,0.0,107295.0,1.28778
42903441,influenza A virus,86.0,86.0,0.0,195.0,6.746275000000001
42709320,ingenol mebutate,172.0,172.0,0.0,1924.0,1.140245
44784845,inosine,45.0,45.0,0.0,52.0,13.80949
19083285,inosine pranobex,69.0,69.0,0.0,89.0,12.59222
19079480,inosinic acid,1.0,0.0,1.0,0.0,
1379525,inositol,130.0,130.0,0.0,190.0,3.44937
1567198,"insulin aspart, human",1853.0,1853.0,0.0,39100.0,1.0056
1516976,insulin detemir,1309.0,1309.0,0.0,16726.0,1.02826
1502905,insulin glargine,2294.0,2294.0,0.0,104810.0,0.7858350000000001
1544838,"insulin glulisine, human",699.0,699.0,0.0,4962.0,1.15652
1588986,"insulin human, rDNA origin",242.0,242.0,0.0,738.0,1.801635
46221581,insulin isophane,1768.0,1768.0,0.0,36789.0,0.99209
1550023,insulin lispro,1989.0,1989.0,0.0,54732.0,0.88141
42899447,"insulin, pork",76.0,76.0,0.0,105.0,5.14534
19090187,"insulin, protamine zinc, pork",6.0,6.0,0.0,8.0,176.78845
19013951,"insulin, regular, beef",30.0,30.0,0.0,32.0,14.26309
1590165,"insulin, regular, beef-pork",14.0,14.0,0.0,15.0,38.913695
1596977,"insulin, regular, human",1641.0,1641.0,0.0,24160.0,1.13556
1586346,"insulin, regular, pork",62.0,62.0,0.0,92.0,7.99705
1379969,interferon alfa-2a,632.0,632.0,0.0,2663.0,1.98371
1380068,interferon alfa-2b,1043.0,1043.0,0.0,6449.0,1.7276
19044394,interferon alfa-n1,108.0,108.0,0.0,187.0,7.133785
1385645,interferon alfa-n3,28.0,28.0,0.0,28.0,13.855865
1781314,interferon alfacon-1,508.0,508.0,0.0,2388.0,1.620605
722424,interferon beta-1a,2603.0,2603.0,0.0,212634.0,0.78702
713196,interferon beta-1b,1501.0,1501.0,0.0,30714.0,1.06302
42903737,interferon gamma-1a,16.0,16.0,0.0,16.0,13.142405
1380191,interferon gamma-1b,398.0,398.0,0.0,1243.0,2.432855
19109079,interferon-beta,3.0,3.0,0.0,3.0,379.09282
42900474,interleukin-11,1.0,1.0,0.0,1.0,
42899448,interleukin-12,33.0,0.0,33.0,0.0,
42899449,interleukin-3,6.0,2.0,4.0,2.0,423.85068
43012761,interleukin-6,1.0,1.0,0.0,1.0,7155.81411
1380472,intrinsic factor,16.0,16.0,0.0,16.0,12.343395
980478,inulin,118.0,118.0,0.0,159.0,4.756550000000001
19003107,invert sugar,4.0,4.0,0.0,5.0,226.338665
19053540,iobitridol,100.0,100.0,0.0,188.0,7.0755
19080542,iodamide,3.0,3.0,0.0,3.0,32.51189
1103137,iodinated glycerol,8.0,8.0,0.0,8.0,111.29018
1780601,iodine,619.0,619.0,0.0,1841.0,1.91756
19125582,iodine povacrylex,25.0,25.0,0.0,76.0,7.08209
19003201,iodixanol,409.0,409.0,0.0,2485.0,1.92178
40172365,iodoform,21.0,21.0,0.0,26.0,22.08316
19122138,iodophors,9.0,2.0,7.0,2.0,2428.082325
928006,iodoquinol,83.0,83.0,0.0,132.0,11.9901
19067248,iodoxamid,1.0,0.0,1.0,0.0,
19080985,iohexol,606.0,606.0,0.0,4912.0,1.59411
19081224,iopamidol,553.0,553.0,0.0,3356.0,1.54662
19081256,iopanoic acid,1.0,1.0,0.0,1.0,24.23973
19003206,iopromide,482.0,482.0,0.0,8516.0,1.319555
701494,iota-carrageenan,8.0,0.0,8.0,0.0,
19122158,iothalamate,98.0,98.0,0.0,176.0,7.15798
45775579,iothalamic acid,3.0,3.0,0.0,300.0,10.74922
19067271,iotrolan,14.0,14.0,0.0,14.0,88.862605
19069131,ioversol,400.0,400.0,0.0,4369.0,1.35022
19081316,ioxaglate,135.0,135.0,0.0,331.0,4.59992
19003249,ioxilan,74.0,74.0,0.0,107.0,8.168655000000001
1781321,ipecac,9.0,9.0,0.0,12.0,66.72778
40238188,ipilimumab,608.0,608.0,0.0,5598.0,1.30533
1112921,ipratropium,1830.0,1830.0,0.0,39587.0,1.11743
19113032,iprazochrome,15.0,12.0,3.0,12.0,64.852165
19067274,ipriflavone,77.0,68.0,12.0,90.0,6.805685
19122259,iproniazid,30.0,30.0,0.0,34.0,17.16167
1347384,irbesartan,1875.0,1875.0,0.0,41676.0,1.10343
42899520,iridium,11.0,11.0,0.0,11.0,119.10548
1367268,irinotecan,1279.0,1279.0,0.0,22790.0,1.14859
1360067,iron,2046.0,2046.0,0.0,43092.0,1.201995
19055073,iron bile salts,6.0,6.0,0.0,8.0,70.17094
1400498,iron carbonyl,106.0,106.0,0.0,145.0,4.558115000000001
19112898,iron fumarate,1.0,1.0,0.0,1.0,215.30219
1377898,iron polysaccharide,107.0,107.0,0.0,145.0,5.81671
19003345,iron sorbitex,2.0,2.0,0.0,2.0,154.628885
1395773,iron sucrose,768.0,768.0,0.0,5051.0,1.421015
1381661,iron-dextran complex,251.0,251.0,0.0,950.0,2.52033
19003412,iso-sulfan blue,26.0,26.0,0.0,42.0,20.78676
43012277,isobutyl alcohol,1.0,0.0,1.0,0.0,
46234101,isobutyramide,3.0,0.0,3.0,0.0,
781705,isocarboxazid,53.0,53.0,0.0,76.0,7.76067
19003491,isoconazole,26.0,26.0,0.0,30.0,29.121495000000003
1181809,isoetharine,52.0,52.0,0.0,62.0,15.07208
782043,isoflurane,452.0,452.0,0.0,2559.0,2.50472
19082306,isoleucine,15.0,15.0,0.0,15.0,127.67477
1103518,isometheptene,82.0,82.0,0.0,111.0,6.038785000000001
1782521,isoniazid,1421.0,1421.0,0.0,15035.0,1.55966
43013090,isoprene,3.0,3.0,0.0,3.0,33.5062
19058613,isopropamide,5.0,5.0,0.0,5.0,21.67459
19028106,isopropyl alcohol,152.0,152.0,0.0,212.0,3.962225
19003568,isopropyl myristate,26.0,26.0,0.0,34.0,13.5898
915829,isopropyl unoprostone,22.0,22.0,0.0,23.0,44.548145
1183554,isoproterenol,197.0,197.0,0.0,412.0,3.55356
42903732,isopulegol,3.0,0.0,3.0,0.0,
1537442,isorhynchophylline,11.0,0.0,11.0,0.0,
1383815,isosorbide,1787.0,1787.0,0.0,46659.0,0.99692
1383925,isosorbide dinitrate,1363.0,1363.0,0.0,17252.0,1.17937
19091288,isospaglumic acid,6.0,4.0,2.0,4.0,319.140185
19003593,isothipendyl,1.0,1.0,0.0,1.0,15.75559
984232,isotretinoin,1759.0,1759.0,0.0,49950.0,0.90374
1384360,isoxsuprine,118.0,118.0,0.0,152.0,7.17696
19132967,ispaghula extract,1.0,0.0,1.0,0.0,
19137031,ispaghula husk,362.0,362.0,0.0,1223.0,2.452695
1326012,isradipine,631.0,631.0,0.0,2391.0,1.84239
1703653,itraconazole,1190.0,1190.0,0.0,11961.0,1.501425
46234437,ivabradine,406.0,406.0,0.0,1598.0,1.957395
42709323,ivacaftor,251.0,251.0,0.0,1043.0,2.50883
1784444,ivermectin,428.0,428.0,0.0,4283.0,1.22827
19025348,ixabepilone,432.0,432.0,0.0,2603.0,1.4766
42900480,jasmine oil,5.0,5.0,0.0,5.0,23.13715
1537120,jasmone,1.0,0.0,1.0,0.0,
19123240,josamycin,145.0,145.0,0.0,254.0,4.97684
42900482,juniper berry oil,1.0,1.0,0.0,1.0,633.98186
1784749,kanamycin,262.0,262.0,0.0,589.0,3.34843
984801,kaolin,40.0,40.0,0.0,60.0,10.731445
19084915,karaya gum,135.0,135.0,0.0,327.0,3.70904
1398693,kava root,4.0,3.0,1.0,3.0,91.46678
19069191,kebuzone,10.0,8.0,2.0,8.0,83.813875
19069161,keracyanin,1.0,0.0,1.0,0.0,
42900483,kerosene,8.0,8.0,0.0,14.0,25.481075
785649,ketamine,673.0,673.0,0.0,3934.0,1.89029
19085688,ketanserin,14.0,14.0,0.0,14.0,42.925485
19003946,ketazolam,28.0,28.0,0.0,35.0,50.488565
985708,ketoconazole,1245.0,1245.0,0.0,9484.0,1.57305
1185922,ketoprofen,1415.0,1415.0,0.0,13013.0,1.4772
1136980,ketorolac,1482.0,1482.0,0.0,17645.0,1.522375
986117,ketotifen,567.0,567.0,0.0,2193.0,1.79939
19123346,khellin,3.0,3.0,0.0,3.0,55.48817
925209,kinetin,3.0,0.0,3.0,0.0,
19123342,kininogenase,2.0,2.0,0.0,2.0,35.104685
42904259,kiwi fruit extract,2.0,0.0,2.0,0.0,
43532433,kojic acid,6.0,0.0,6.0,0.0,
43533062,konjac mannan,10.0,10.0,0.0,10.0,34.04896
40168296,krill oil,309.0,309.0,0.0,859.0,2.70998
1386957,labetalol,1406.0,1406.0,0.0,13550.0,1.35473
19004539,lacidipine,316.0,316.0,0.0,797.0,2.52332
19087394,lacosamide,832.0,832.0,0.0,7595.0,1.26526
950183,lactase,378.0,371.0,8.0,1038.0,2.14088
19011035,lactate,711.0,711.0,0.0,2603.0,1.92159
19071236,lactitol,305.0,305.0,0.0,789.0,3.01876
35606075,lacto-N-neotetraose,1.0,0.0,1.0,0.0,
43532434,lactobionate,6.0,6.0,0.0,6.0,1004.19317
43531995,lactoferrin,13.0,13.0,0.0,14.0,94.94315
19087208,lactose,213.0,213.0,0.0,372.0,2.95691
987245,lactulose,1751.0,1751.0,0.0,31501.0,1.22982
1704183,lamivudine,1746.0,1746.0,0.0,27369.0,1.564365
705103,lamotrigine,2280.0,2280.0,0.0,90747.0,0.9686
19003522,lanatoside C,19.0,19.0,0.0,21.0,35.82992
1466064,landiolol,24.0,0.0,24.0,0.0,
19087317,lanolin,126.0,126.0,0.0,208.0,3.93288
42899439,lanolin oil,1.0,1.0,0.0,1.0,914.49957
1503501,lanreotide,425.0,425.0,0.0,1570.0,1.8337
929887,lansoprazole,2736.0,2736.0,0.0,143578.0,1.0920200000000002
990028,lanthanum carbonate,698.0,698.0,0.0,3803.0,1.55136
1359548,lapatinib,1062.0,1062.0,0.0,18074.0,0.82092
1543229,laronidase,364.0,364.0,0.0,1447.0,2.940875
43012743,lasalocid,12.0,0.0,12.0,0.0,
954688,latanoprost,1527.0,1527.0,0.0,24693.0,1.06082
42903913,latex,33.0,33.0,0.0,35.0,24.48649
43012758,lauramine oxide,1.0,0.0,1.0,0.0,
46221519,laurocapram,1.0,0.0,1.0,0.0,
42899499,lavender extract,2.0,0.0,2.0,0.0,
19071651,lavender oil,13.0,13.0,0.0,13.0,72.36126
1735080,lazertinib,1.0,0.0,1.0,0.0,
19123879,lead,15.0,15.0,0.0,16.0,14.24321
42899501,lead iodide,1.0,0.0,1.0,0.0,
1301377,lecanemab,2.0,0.0,2.0,0.0,
19042345,lecithin,495.0,495.0,0.0,1774.0,2.1252
45775020,ledipasvir,86.0,86.0,0.0,169.0,5.319934999999999
1101898,leflunomide,1881.0,1881.0,0.0,38386.0,1.29423
42900496,lemon balm oil,3.0,3.0,0.0,3.0,660.06951
42900497,lemon oil,16.0,16.0,0.0,17.0,26.763415
19026972,lenalidomide,2355.0,2355.0,0.0,117119.0,0.84148
1302040,leniolisib,2.0,0.0,2.0,0.0,
19009705,lenograstim,616.0,616.0,0.0,4444.0,2.081785
19090204,"lente insulin, beef",15.0,15.0,0.0,46.0,18.26179
1513849,"lente insulin, human",434.0,433.0,1.0,1432.0,1.84515
1562586,"lente insulin, pork",81.0,81.0,0.0,113.0,7.75875
46221433,lenvatinib,20.0,20.0,0.0,23.0,16.784905000000002
19092139,lepirudin,203.0,203.0,0.0,479.0,5.24217
44507686,leptin,7.0,7.0,0.0,7.0,93.5572
19015802,lercanidipine,1080.0,1080.0,0.0,8591.0,1.58766
37354975,lerodalcibep,1.0,0.0,1.0,0.0,
19071861,letosteine,2.0,1.0,1.0,1.0,13978.56889
1315946,letrozole,1623.0,1623.0,0.0,24575.0,1.42413
19088571,leucine,33.0,33.0,0.0,54.0,15.39187
1388796,leucovorin,1676.0,1676.0,0.0,35490.0,1.16861
1351541,leuprolide,1716.0,1716.0,0.0,34016.0,1.0355949999999998
1146216,levacetylleucine,6.0,0.0,6.0,0.0,
1192218,levalbuterol,1351.0,1351.0,0.0,17882.0,1.17263
19124297,levallorphan,3.0,3.0,0.0,3.0,99.16211
1389464,levamisole,87.0,87.0,0.0,155.0,7.52576
711584,levetiracetam,2073.0,2073.0,0.0,50946.0,1.050445
932815,levobunolol,317.0,317.0,0.0,748.0,2.19091
19098741,levobupivacaine,160.0,160.0,0.0,351.0,6.322355
907553,levocabastine,249.0,249.0,0.0,491.0,3.9534
1553610,levocarnitine,488.0,488.0,0.0,1479.0,1.990915
1136422,levocetirizine,1071.0,1071.0,0.0,7732.0,1.47803
789578,levodopa,1259.0,1259.0,0.0,16653.0,1.0726
1742253,levofloxacin,2418.0,2418.0,0.0,101551.0,1.108215
40168303,levoleucovorin,264.0,264.0,0.0,832.0,3.63651
45775208,levomefolate,4.0,0.0,4.0,0.0,
19056157,levomenthol,13.0,13.0,0.0,28.0,23.72548
19056706,levomethadone,26.0,26.0,0.0,27.0,50.798705
19092108,levomethadyl,2.0,2.0,0.0,4.0,982.186215
43560354,levomilnacipran,100.0,100.0,0.0,216.0,3.434945
19015395,levonordefrin,20.0,20.0,0.0,22.0,38.89689
1589505,levonorgestrel,1597.0,1597.0,0.0,118013.0,0.392775
19124329,levopropoxyphene,3.0,3.0,0.0,3.0,155.1744
1186385,levorotatory alkaloids of belladonna,180.0,180.0,0.0,226.0,6.6613299999999995
1189766,levorphanol,68.0,68.0,0.0,102.0,3.362495
40173184,levosimendan,49.0,49.0,0.0,73.0,27.74851
1501700,levothyroxine,3255.0,3255.0,0.0,369406.0,0.96771
1353048,licorice,177.0,177.0,0.0,322.0,4.19812
19055215,licorice root extract,7.0,0.0,7.0,0.0,
19071862,lidamidine,6.0,2.0,4.0,2.0,66.316925
989878,lidocaine,2087.0,2087.0,0.0,46530.0,1.25274
42609308,ligustrazine,117.0,0.0,117.0,0.0,
42900505,linaclotide,741.0,741.0,0.0,6012.0,1.20828
40239216,linagliptin,1298.0,1298.0,0.0,14784.0,1.445805
35603472,linalyl acetate,7.0,0.0,7.0,0.0,
1790692,lincomycin,229.0,229.0,0.0,448.0,2.94678
916751,lindane,142.0,142.0,0.0,303.0,3.2205199999999996
746648,linerixibat,3.0,0.0,3.0,0.0,
1736887,linezolid,1207.0,1207.0,0.0,13250.0,1.39663
19011795,linoleate,91.0,85.0,7.0,119.0,8.13353
19100751,"linoleic acids, conjugated",23.0,0.0,23.0,0.0,
19122135,linolenate,19.0,17.0,2.0,17.0,14.67841
19090767,linseed oil,981.0,981.0,0.0,7671.0,1.45355
1505346,liothyronine,923.0,923.0,0.0,6659.0,1.44009
19069223,liotrix,42.0,42.0,0.0,51.0,6.082224999999999
990760,lipase,1099.0,1099.0,0.0,9651.0,1.24917
44506753,lipegfilgrastim,22.0,22.0,0.0,33.0,22.287635
43531976,liquid petroleum,18.0,18.0,0.0,19.0,15.87205
40170911,liraglutide,954.0,954.0,0.0,19794.0,0.709645
709567,lisdexamfetamine,765.0,765.0,0.0,8426.0,0.94863
1308216,lisinopril,2886.0,2886.0,0.0,256988.0,0.922435
19091472,lisuride,26.0,26.0,0.0,28.0,16.404575
19124477,lithium,1238.0,1238.0,0.0,15694.0,1.080985
19113039,lithium acetate,110.0,110.0,0.0,151.0,6.75823
19127669,lithium aspartate,22.0,22.0,0.0,24.0,16.1832
42900524,lithium bromide,5.0,5.0,0.0,5.0,25.83539
751246,lithium carbonate,1533.0,1533.0,0.0,27530.0,1.05946
45775340,lithium cation,5.0,0.0,5.0,0.0,
42899307,lithium chloride,21.0,21.0,0.0,26.0,29.33888
767410,lithium citrate,220.0,220.0,0.0,515.0,3.0706
19113040,lithium gluconate,1.0,1.0,0.0,1.0,117.08293
45775526,lithium hydroxide,1.0,1.0,0.0,1.0,83.1777
19071904,lithium succinate,14.0,14.0,0.0,14.0,34.62505
19071905,lithium sulfate,229.0,229.0,0.0,582.0,3.22721
19091701,liver extract,38.0,38.0,0.0,43.0,8.00735
44506754,lixisenatide,29.0,29.0,0.0,48.0,18.7924
19091824,lobeline,15.0,15.0,0.0,16.0,99.00995
43532448,locust bean gum extract,1.0,0.0,1.0,0.0,
967496,lodoxamide,62.0,62.0,0.0,69.0,8.831705
19091830,lofepramine,205.0,205.0,0.0,842.0,2.57855
19007803,lofexidine,16.0,16.0,0.0,19.0,139.832515
1707800,lomefloxacin,108.0,108.0,0.0,173.0,8.435735
43013119,lomitapide,172.0,172.0,0.0,845.0,1.70555
1391846,lomustine,255.0,255.0,0.0,833.0,2.6087
19071933,lonazolac,1.0,0.0,1.0,0.0,
43013134,long pepper extract,2.0,0.0,2.0,0.0,
991876,loperamide,1859.0,1859.0,0.0,35909.0,1.16459
1738170,lopinavir,495.0,495.0,0.0,1736.0,3.38763
1708100,loracarbef,153.0,153.0,0.0,210.0,5.98602
1107830,loratadine,2157.0,2157.0,0.0,59939.0,1.05727
791967,lorazepam,2772.0,2772.0,0.0,164873.0,1.01205
42873635,lorcaserin,170.0,170.0,0.0,1359.0,1.58061
19007977,lormetazepam,822.0,822.0,0.0,4262.0,1.821585
19049709,lornoxicam,378.0,378.0,0.0,946.0,2.6444099999999997
1367500,losartan,2277.0,2277.0,0.0,83129.0,1.06267
992127,loteprednol,30.0,30.0,0.0,33.0,71.57489
967562,loteprednol etabonate,596.0,596.0,0.0,2509.0,1.70662
963850,lotilaner,5.0,0.0,5.0,0.0,
37003474,loureirin B,2.0,0.0,2.0,0.0,
42899445,lovage oil,2.0,2.0,0.0,2.0,823.75639
1592085,lovastatin,1597.0,1597.0,0.0,30945.0,1.15342
792263,loxapine,557.0,557.0,0.0,2512.0,2.20667
19071936,loxoprofen,1341.0,1341.0,0.0,18295.0,1.42526
987366,lubiprostone,892.0,892.0,0.0,6564.0,1.4164150000000002
42800204,lucinactant,5.0,5.0,0.0,6.0,286.18659
40169014,lufenuron,21.0,21.0,0.0,21.0,13.24969
44507693,luliconazole,30.0,30.0,0.0,33.0,22.237795
19048037,lumefantrine,97.0,97.0,0.0,167.0,7.70118
40230761,lurasidone,409.0,409.0,0.0,1904.0,1.80826
1310353,lutein,587.0,587.0,0.0,2599.0,1.69891
1398753,lutein esters,1.0,0.0,1.0,0.0,
1589795,luteinizing hormone,162.0,162.0,0.0,283.0,8.90569
44816340,lutetium,32.0,32.0,0.0,38.0,26.47264
1543112,lutropin alfa,18.0,18.0,0.0,46.0,86.90356
1308185,lycopene,259.0,259.0,0.0,528.0,3.03866
19092353,lymecycline,171.0,171.0,0.0,381.0,3.20799
19136207,"lymphocyte immune globulin, anti-thymocyte globulin",409.0,409.0,0.0,1540.0,3.89717
19092358,lynestrenol,137.0,137.0,0.0,210.0,5.02047
19092377,lysine,705.0,705.0,0.0,2950.0,1.64166
36249476,lysophosphatidic acid,41.0,0.0,41.0,0.0,
43532424,lysozyme,154.0,154.0,0.0,336.0,4.99119
43560189,m-phenylenediamine,1.0,0.0,1.0,0.0,
1592536,macelignan,1.0,0.0,1.0,0.0,
44507580,macitentan,415.0,415.0,0.0,2633.0,1.23551
45774607,madecassic acid,3.0,0.0,3.0,0.0,
992716,mafenide,13.0,13.0,0.0,15.0,18.9555
908360,magaldrate,230.0,230.0,0.0,448.0,3.527025
19124906,magnesium,1811.0,1811.0,0.0,32281.0,1.23329
19013986,magnesium acetate,14.0,14.0,0.0,14.0,21.9611
19060896,magnesium amino acid chelate,40.0,40.0,0.0,46.0,8.784885
42899412,magnesium ascorbate,9.0,9.0,0.0,10.0,55.33314
19019131,magnesium aspartate,463.0,463.0,0.0,1403.0,2.24368
908464,magnesium carbonate,273.0,273.0,0.0,517.0,3.14167
43012385,magnesium carbonate hydroxide,13.0,13.0,0.0,13.0,22.47505
43532017,magnesium cation,9.0,0.0,9.0,0.0,
19092849,magnesium chloride,1296.0,1296.0,0.0,37655.0,0.716375
967861,magnesium citrate,697.0,697.0,0.0,2474.0,2.01995
19067971,magnesium gluconate,426.0,426.0,0.0,1045.0,2.172885
19056038,magnesium glutamate,30.0,29.0,1.0,29.0,9.97142
19059006,magnesium glycinate,64.0,64.0,0.0,83.0,8.42052
992956,magnesium hydroxide,1589.0,1589.0,0.0,21925.0,1.34361
19051926,magnesium lactate,99.0,99.0,0.0,144.0,4.67505
19004283,magnesium malate,37.0,37.0,0.0,41.0,15.34287
19016889,magnesium orotate,18.0,18.0,0.0,18.0,20.89801
993631,magnesium oxide,1898.0,1898.0,0.0,38515.0,1.18877
19071991,magnesium phosphate,25.0,25.0,0.0,28.0,8.04284
1168079,magnesium salicylate,233.0,233.0,0.0,458.0,3.00238
42899326,magnesium silicate,35.0,35.0,0.0,43.0,24.25972
19093848,magnesium sulfate,1328.0,1328.0,0.0,12395.0,1.37398
19091804,magnesium sulfate heptahydrate,19.0,19.0,0.0,20.0,14.31448
908730,magnesium trisilicate,60.0,60.0,0.0,81.0,9.49787
19058291,"magnesium, chelated",32.0,32.0,0.0,39.0,6.4301200000000005
1537443,magnolol,62.0,0.0,62.0,0.0,
42900475,maitake extract,1.0,0.0,1.0,0.0,
19126516,malate,65.0,35.0,32.0,50.0,5.99726
993979,malathion,617.0,617.0,0.0,2389.0,1.76486
43532032,maleate,20.0,0.0,20.0,0.0,
19008864,malic acid,96.0,96.0,0.0,129.0,4.095825
43012279,maltodextrin,29.0,27.0,3.0,31.0,17.3591
43012237,maltol,12.0,0.0,12.0,0.0,
42899344,maltose,228.0,228.0,0.0,564.0,3.84456
42899345,maltose syrup,2.0,2.0,0.0,2.0,179.969905
746035,maltotetraose,2.0,0.0,2.0,0.0,
1394027,manganese,135.0,135.0,0.0,222.0,3.39748
45775346,manganese cation (2+),2.0,0.0,2.0,0.0,
19008893,manganese chloride,36.0,36.0,0.0,65.0,13.403295
19071181,manganese citrate,1.0,1.0,0.0,1.0,161.79029
19071993,manganese dioxide,1.0,0.0,1.0,0.0,
19068261,manganese gluconate,8.0,8.0,0.0,8.0,37.872255
35604817,manganese monoxide,2.0,0.0,2.0,0.0,
42903608,manganese phosphate,2.0,0.0,2.0,0.0,
19008897,manganese sulfate,23.0,23.0,0.0,27.0,9.11325
43012238,mangiferin,50.0,0.0,50.0,0.0,
1592310,mango bark extract,2.0,0.0,2.0,0.0,
43532033,mango extract,1.0,0.0,1.0,0.0,
35604107,mango leaf extract,1.0,0.0,1.0,0.0,
741904,mangostin,24.0,0.0,24.0,0.0,
19071995,manidipine,351.0,351.0,0.0,894.0,2.90235
994058,mannitol,652.0,652.0,0.0,5256.0,1.17245
42904141,manuka oil,1.0,1.0,0.0,1.0,1309.59501
794147,maprotiline,435.0,435.0,0.0,1469.0,2.31682
1787101,maraviroc,452.0,452.0,0.0,1570.0,2.49393
792828,margaric acid,4.0,0.0,4.0,0.0,
40167522,maropitant,6.0,6.0,0.0,6.0,66.021565
1735606,marstacimab,3.0,0.0,3.0,0.0,
988447,masoprocol,15.0,15.0,0.0,16.0,62.36107
1560045,matrine,54.0,0.0,54.0,0.0,
1734480,mavorixafor,1.0,0.0,1.0,0.0,
794229,mazindol,71.0,71.0,0.0,98.0,7.84975
532272,"measles virus vaccine live, Enders' attenuated Edmonston strain",67.0,67.0,0.0,74.0,18.47584
1794280,mebendazole,356.0,356.0,0.0,758.0,3.209555
19008994,mebeverine,491.0,491.0,0.0,2191.0,1.94237
1394333,mecamylamine,5.0,5.0,0.0,6.0,45.51407
1502877,mecasermin,223.0,223.0,0.0,568.0,4.65136
1586449,mecasermin rinfabate,16.0,16.0,0.0,27.0,11.694115
1394337,mechlorethamine,132.0,132.0,0.0,256.0,5.450975
994341,meclizine,1470.0,1470.0,0.0,20701.0,1.334795
19009022,meclocycline,58.0,58.0,0.0,61.0,14.926745
1180182,meclofenamate,137.0,137.0,0.0,192.0,4.30905
19125097,meclofenamic acid,1.0,1.0,0.0,1.0,2217.84719
19052682,meclofenoxate,36.0,25.0,11.0,30.0,11.34004
19009025,mecobalamin,1045.0,1045.0,0.0,7582.0,1.51917
19071999,mecysteine,10.0,10.0,0.0,11.0,25.34826
19125106,medazepam,83.0,83.0,0.0,110.0,7.98213
19072021,medifoxamine,2.0,0.0,2.0,0.0,
19094483,medigoxin,27.0,27.0,0.0,32.0,24.22431
42899398,medium chain triglycerides,2.0,2.0,0.0,2.0,792.072355
19000207,medrogestone,12.0,12.0,0.0,14.0,47.95506
43014123,medronate,13.0,13.0,0.0,13.0,41.63882
1500211,medroxyprogesterone,1675.0,1675.0,0.0,32590.0,0.87002
909021,medrysone,15.0,15.0,0.0,15.0,10.9471
1197736,mefenamate,583.0,583.0,0.0,2600.0,1.86451
19000498,mefloquine,582.0,582.0,0.0,5456.0,1.439565
19000556,mefruside,40.0,40.0,0.0,55.0,14.384445
1300978,megestrol,1375.0,1375.0,0.0,17899.0,1.38117
19125279,meglumine,49.0,49.0,0.0,59.0,10.8684
19082764,meglumine antimoniate,30.0,30.0,0.0,47.0,14.22157
19009054,meglumine ioxithalamate,10.0,10.0,0.0,10.0,35.6895
46221518,melamine,2.0,2.0,0.0,2.0,258.94532000000004
1301152,melatonin,1166.0,1166.0,0.0,11009.0,1.2785000000000002
19110751,melitracen,21.0,21.0,0.0,29.0,24.16143
1150345,meloxicam,1939.0,1939.0,0.0,48438.0,1.1769
1301267,melphalan,1576.0,1576.0,0.0,26572.0,1.4984700000000002
701322,memantine,1191.0,1191.0,0.0,18176.0,0.98903
19009057,menadiol,16.0,16.0,0.0,19.0,57.247095
19072027,menatetrenone,299.0,299.0,0.0,652.0,3.66204
37003416,menhaden oil,6.0,0.0,6.0,0.0,
45775636,meningococcal group B vaccine,24.0,24.0,0.0,44.0,11.80657
901656,menthol,507.0,507.0,0.0,2368.0,1.62997
904704,mepenzolate,110.0,110.0,0.0,157.0,4.45785
1102527,meperidine,1548.0,1548.0,0.0,15461.0,1.631895
19002662,mephenesin,26.0,26.0,0.0,31.0,8.82762
19002664,mephentermine,3.0,3.0,0.0,3.0,2223.70017
702661,mephenytoin,27.0,27.0,0.0,46.0,15.23859
702685,mephobarbital,77.0,77.0,0.0,127.0,5.61417
19072028,mepindolol,13.0,12.0,1.0,12.0,16.722550000000002
19102106,mepirodipine,5.0,5.0,0.0,5.0,116.73596
702774,mepivacaine,386.0,386.0,0.0,987.0,2.87623
19009116,meprednisone,250.0,250.0,0.0,469.0,4.998530000000001
702865,meprobamate,686.0,686.0,0.0,3565.0,1.66892
19003010,meptazinol,50.0,50.0,0.0,76.0,9.27352
920113,mequinol,18.0,18.0,0.0,21.0,33.769985
19009145,mequitazine,253.0,253.0,0.0,591.0,3.41747
1703026,merbromin,12.0,12.0,0.0,15.0,122.11916
1436650,mercaptopurine,1315.0,1315.0,0.0,14143.0,1.64311
42900485,mercuric cyanide,3.0,3.0,0.0,3.0,155.18034
42900486,mercuric sulfate,1.0,1.0,0.0,1.0,1479.75491
19125390,mercury,14.0,14.0,0.0,15.0,16.456310000000002
1709170,meropenem,1227.0,1227.0,0.0,15919.0,1.57592
19003070,mersalyl,5.0,5.0,0.0,5.0,418.1248
968426,mesalamine,1899.0,1899.0,0.0,43118.0,1.105795
1354698,mesna,824.0,824.0,0.0,6983.0,1.6710850000000002
703083,mesoridazine,84.0,84.0,0.0,120.0,5.33593
19003140,mesterolone,21.0,21.0,0.0,30.0,20.19109
1503184,mestranol,35.0,35.0,0.0,41.0,18.27637
1123995,metaproterenol,1079.0,1079.0,0.0,6589.0,1.42065
19003303,metaraminol,106.0,106.0,0.0,178.0,5.268940000000001
1592179,metavanadate,1.0,0.0,1.0,0.0,
780369,metaxalone,1310.0,1310.0,0.0,15418.0,1.38481
19004626,metergoline,25.0,0.0,25.0,0.0,
1503297,metformin,2871.0,2871.0,0.0,263777.0,0.80968
19024227,methacholine,110.0,110.0,0.0,183.0,7.99124
19003644,methacycline,14.0,14.0,0.0,14.0,11.79005
1103640,methadone,1803.0,1803.0,0.0,35258.0,1.00445
19003959,methadyl acetate,17.0,9.0,9.0,12.0,27.76467
704053,methamphetamine,470.0,470.0,0.0,2183.0,1.70393
19072054,methampicillin,3.0,0.0,3.0,0.0,
19004095,methandriol,1.0,1.0,0.0,1.0,570.57532
19004098,methandrostenolone,56.0,56.0,0.0,80.0,13.78052
42899323,methanol,68.0,68.0,0.0,99.0,14.279195
19004153,methantheline,10.0,10.0,0.0,10.0,14.62927
19004158,methapyrilene,1.0,1.0,0.0,1.0,
19004160,methaqualone,53.0,53.0,0.0,64.0,11.74648
19004254,metharbital,4.0,4.0,0.0,4.0,101.81291
904250,methazolamide,161.0,161.0,0.0,256.0,3.65825
19009250,methdilazine,9.0,9.0,0.0,9.0,61.54704
904356,methenamine,365.0,365.0,0.0,1074.0,2.26413
19004621,methenolone,81.0,81.0,0.0,116.0,7.83673
1504620,methimazole,942.0,942.0,0.0,5474.0,1.58277
19004724,methionine,147.0,147.0,0.0,240.0,3.7397
704943,methocarbamol,1283.0,1283.0,0.0,14902.0,1.33388
19005015,methohexital,103.0,103.0,0.0,150.0,5.02167
19055531,methoserpidine,1.0,0.0,1.0,0.0,
1305058,methotrexate,3037.0,3037.0,0.0,230655.0,1.14801
19005147,methotrimeprazine,358.0,358.0,0.0,948.0,2.65135
19005208,methoxamine,37.0,37.0,0.0,50.0,20.66502
905223,methoxsalen,206.0,206.0,0.0,302.0,4.7730049999999995
19015768,methoxy polyethylene glycol-epoetin beta,511.0,511.0,0.0,2117.0,2.07477
19005257,methoxyflurane,17.0,17.0,0.0,17.0,83.13231
19009365,methoxyphenamine,14.0,14.0,0.0,16.0,21.47465
1158632,methscopolamine,164.0,164.0,0.0,328.0,3.749285
759401,methsuximide,72.0,72.0,0.0,119.0,9.001045000000001
905273,methyclothiazide,66.0,66.0,0.0,86.0,6.166395
19025194,methyl 5-aminolevulinate,53.0,53.0,0.0,77.0,11.16197
19072059,methyl anthranilate,1.0,0.0,1.0,0.0,
42903805,methyl benzoate,1.0,0.0,1.0,0.0,
43013106,methyl cinnamate,1.0,0.0,1.0,0.0,
43526849,methyl glucose dioleate,1.0,0.0,1.0,0.0,
44785451,methyl palmitate,2.0,0.0,2.0,0.0,
909440,methyl salicylate,179.0,179.0,0.0,304.0,2.95339
19009686,methylbenzethonium,5.0,0.0,5.0,0.0,
905371,methylcellulose,659.0,659.0,0.0,2748.0,1.73471
1305447,methyldopa,1032.0,1032.0,0.0,6044.0,1.689465
1305496,methyldopate,27.0,27.0,0.0,32.0,51.3452
905518,methylene blue,179.0,179.0,0.0,765.0,3.254
42900466,methylene chloride,3.0,3.0,0.0,3.0,64.26029
1305637,methylergonovine,365.0,365.0,0.0,1083.0,3.71284
43013716,methyleugenol,5.0,0.0,5.0,0.0,
19112915,methylfolic acid,67.0,67.0,0.0,89.0,5.95489
19009847,methylmethacrylate,60.0,60.0,0.0,60.0,12.14673
909841,methylnaltrexone,228.0,228.0,0.0,616.0,2.801945
19009874,methylnicotinate,1.0,1.0,0.0,1.0,1415.3036
19009877,methylparaben,10.0,10.0,0.0,10.0,55.16664
705944,methylphenidate,1744.0,1744.0,0.0,34778.0,0.83064
1506270,methylprednisolone,2621.0,2621.0,0.0,98823.0,1.34375
1389780,methylsulfonylmethane,404.0,404.0,0.0,1254.0,2.2944199999999997
1506602,methyltestosterone,151.0,151.0,0.0,209.0,4.75629
1106740,methysergide,219.0,219.0,0.0,402.0,3.73065
905531,metipranolol,77.0,77.0,0.0,94.0,7.91869
906780,metoclopramide,2408.0,2408.0,0.0,126109.0,0.74918
907013,metolazone,1231.0,1231.0,0.0,15983.0,1.1393
42900469,metomidate,5.0,0.0,5.0,0.0,
19072087,metopimazine,291.0,291.0,0.0,967.0,3.14755
1307046,metoprolol,3008.0,3008.0,0.0,282129.0,0.912825
44814585,metreleptin,15.0,15.0,0.0,16.0,22.86247
1707164,metronidazole,2223.0,2223.0,0.0,55885.0,1.32796
19007490,metyrapone,120.0,120.0,0.0,258.0,4.476625
1401581,metyrosine,8.0,8.0,0.0,8.0,40.373615
1307542,mexiletine,617.0,617.0,0.0,2782.0,1.63315
19007701,mezlocillin,41.0,41.0,0.0,50.0,17.50709
19007737,mianserin,664.0,664.0,0.0,3374.0,1.900755
1345141,mibefradil,48.0,48.0,0.0,51.0,9.98204
19018013,micafungin,733.0,733.0,0.0,6381.0,1.65568
907879,miconazole,916.0,916.0,0.0,5365.0,1.48432
40224234,microcrystalline cellulose,8.0,4.0,4.0,4.0,56.71723
19072089,micronomicin,8.0,1.0,7.0,1.0,180.07632
708298,midazolam,1663.0,1663.0,0.0,25821.0,1.17253
19072122,midecamycin,9.0,9.0,0.0,9.0,31.97094
1308368,midodrine,796.0,796.0,0.0,4665.0,1.367645
1508439,mifepristone,377.0,377.0,0.0,5742.0,0.99656
1510202,miglitol,494.0,494.0,0.0,1871.0,1.82876
19045272,miglustat,239.0,239.0,0.0,805.0,2.91738
19005452,milbemycin oxime,6.0,0.0,6.0,0.0,
1304277,milk thistle extract,25.0,25.0,0.0,29.0,6.33911
19066567,milk thistle fruit,76.0,76.0,0.0,93.0,6.169775
46276161,milk thistle leaf extract,1.0,0.0,1.0,0.0,
1304376,milk thistle seed,11.0,11.0,0.0,13.0,48.90091
19066433,milk thistle seed extract,7.0,7.0,0.0,13.0,33.82988
19080226,milnacipran,703.0,703.0,0.0,6779.0,1.22132
1368671,milrinone,580.0,580.0,0.0,3790.0,1.211765
44816310,miltefosine,39.0,39.0,0.0,71.0,10.10086
19072123,minaprine,13.0,0.0,13.0,0.0,
44816319,minaxolone,1.0,0.0,1.0,0.0,
908523,mineral oil,723.0,723.0,0.0,2875.0,1.76266
978577,"mineral oil, light",7.0,7.0,0.0,7.0,34.93209
1708880,minocycline,1426.0,1426.0,0.0,14202.0,1.41616
1309068,minoxidil,972.0,972.0,0.0,6523.0,1.349885
19009138,miocamycin,19.0,7.0,12.0,7.0,219.44375
43014182,mipomersen,73.0,73.0,0.0,195.0,2.80741
42873636,mirabegron,491.0,491.0,0.0,3962.0,1.11977
725131,mirtazapine,2028.0,2028.0,0.0,58165.0,0.983155
1150871,misoprostol,1469.0,1469.0,0.0,18137.0,1.19202
19056380,mite extract,2.0,0.0,2.0,0.0,
19125635,mitobronitol,1.0,1.0,0.0,1.0,
1389036,mitomycin,544.0,544.0,0.0,2446.0,2.81268
1309161,mitotane,224.0,224.0,0.0,581.0,2.952645
1309188,mitoxantrone,1044.0,1044.0,0.0,8343.0,1.672565
19010459,mivacurium,72.0,72.0,0.0,146.0,9.483095
19086100,mizolastine,87.0,87.0,0.0,143.0,4.64409
19010652,moclobemide,263.0,263.0,0.0,822.0,2.5843
710650,modafinil,1601.0,1601.0,0.0,23412.0,1.24887
1310756,moexipril,503.0,503.0,0.0,1797.0,1.67965
19072129,mofebutazone,2.0,0.0,2.0,0.0,
19011062,mofezolac,9.0,7.0,2.0,12.0,331.56789
42899646,molasses,10.0,10.0,0.0,10.0,14.204315
590768,mold extract,4.0,0.0,4.0,0.0,
19009676,molgramostim,21.0,21.0,0.0,24.0,33.7568
1201260,molidustat,6.0,0.0,6.0,0.0,
709699,molindone,82.0,82.0,0.0,140.0,5.50502
19009819,molsidomine,531.0,531.0,0.0,2007.0,2.38721
19009896,molybdenum,36.0,36.0,0.0,38.0,8.5192
746600,momelotinib,3.0,0.0,3.0,0.0,
905233,mometasone,1828.0,1828.0,0.0,37540.0,1.15665
43013731,monensin,2.0,2.0,0.0,2.0,4548.734555
929983,monobenzone,5.0,5.0,0.0,6.0,78.48295
19113055,monoethyl fumarate,1.0,0.0,1.0,0.0,
19068715,monofluorophosphate,410.0,406.0,7.0,1053.0,2.66212
43012280,monophosphoryl lipid A,24.0,0.0,24.0,0.0,
1154161,montelukast,2286.0,2286.0,0.0,94210.0,0.94915
43532056,montmorrillonite,14.0,0.0,14.0,0.0,
1344996,moricizine,79.0,79.0,0.0,86.0,9.03379
19072152,morniflumate,552.0,552.0,0.0,1977.0,1.932645
19010924,moroxydine,4.0,4.0,0.0,4.0,19.333205
1110410,morphine,2588.0,2588.0,0.0,121757.0,1.023475
45776146,morrhuate,2.0,0.0,2.0,0.0,
19011339,mosapride,724.0,724.0,0.0,4173.0,1.823805
19126622,moxalactam,17.0,17.0,0.0,18.0,33.82051
19113058,moxaverine,5.0,4.0,1.0,4.0,3151.3509799999997
40231415,moxidectin,1.0,1.0,0.0,1.0,52.87183
1716903,moxifloxacin,1786.0,1786.0,0.0,41620.0,1.129175
19007422,moxisylyte,6.0,6.0,0.0,6.0,39.12684
19011021,moxonidine,740.0,740.0,0.0,3718.0,1.87405
19011028,mucopolysaccharide polysulfate,1.0,1.0,0.0,2.0,48.99051
951511,mupirocin,1183.0,1183.0,0.0,8351.0,1.5416
19126896,muramidase,7.0,7.0,0.0,7.0,23.76505
19051865,muromonab-CD3,222.0,222.0,0.0,548.0,5.3751750000000005
793263,muscadine grape extract,1.0,0.0,1.0,0.0,
46221730,muscone,10.0,0.0,10.0,0.0,
43012161,mustard oil,6.0,6.0,0.0,6.0,37.13723
40161997,mustard pollen extract,1.0,0.0,1.0,0.0,
19068900,mycophenolate,671.0,627.0,75.0,2242.0,2.48611
19003999,mycophenolate mofetil,2298.0,2298.0,0.0,54508.0,1.52477
19012565,mycophenolic acid,1236.0,1236.0,0.0,9853.0,1.74132
1511354,myrcene,3.0,0.0,3.0,0.0,
43014117,myricetin,46.0,0.0,46.0,0.0,
42903687,myristate,1.0,0.0,1.0,0.0,
43012240,myristyl alcohol,1.0,0.0,1.0,0.0,
42900430,myrrh oil,9.0,8.0,1.0,8.0,30.105945
42900431,myrtle leaf oil,3.0,3.0,0.0,3.0,141.33583
19018433,myrtol,26.0,16.0,10.0,19.0,25.947065
42903762,n-dodecane,1.0,0.0,1.0,0.0,
913440,nabilone,239.0,239.0,0.0,595.0,2.45683
1113648,nabumetone,1284.0,1284.0,0.0,13472.0,1.3913799999999998
1313200,nadolol,1036.0,1036.0,0.0,8511.0,1.3140299999999998
19001014,nadroparin,509.0,509.0,0.0,1549.0,2.90039
1507558,nafarelin,87.0,87.0,0.0,143.0,6.93308
1713930,nafcillin,307.0,307.0,0.0,897.0,2.18523
19014035,nafronyl,305.0,305.0,0.0,805.0,3.19475
19080493,naftazone,42.0,42.0,0.0,48.0,11.92354
914053,naftifine,122.0,122.0,0.0,163.0,5.324575
1114122,nalbuphine,638.0,638.0,0.0,2161.0,2.3024899999999997
986864,nalidixate,53.0,53.0,0.0,60.0,9.3923
19014158,nalmefene,28.0,28.0,0.0,34.0,21.07464
1114220,naloxone,1047.0,1047.0,0.0,6319.0,1.60623
1714319,naltrexone,718.0,718.0,0.0,3808.0,1.55937
1514412,nandrolone,226.0,226.0,0.0,410.0,4.98515
914533,naphazoline,245.0,245.0,0.0,409.0,3.71489
1594753,naphtha,2.0,0.0,2.0,0.0,
42899647,naphthalene,5.0,5.0,0.0,5.0,2798.29271
35605296,naphthoquine,1.0,0.0,1.0,0.0,
1115008,naproxen,2305.0,2305.0,0.0,91810.0,1.01062
1118117,naratriptan,518.0,518.0,0.0,1951.0,1.96716
43014124,naringenin,96.0,0.0,96.0,0.0,
19080895,naringin,90.0,0.0,90.0,0.0,
735843,natalizumab,2108.0,2108.0,0.0,147392.0,0.622025
915392,natamycin,54.0,54.0,0.0,71.0,30.5743
1502826,nateglinide,903.0,903.0,0.0,6448.0,1.24129
40166616,nattokinase,86.0,81.0,7.0,108.0,5.544
1314577,nebivolol,1354.0,1354.0,0.0,18271.0,1.157395
1114620,nedocromil,201.0,201.0,0.0,351.0,3.51937
42609137,nedosiran,3.0,0.0,3.0,0.0,
714684,nefazodone,1001.0,1001.0,0.0,6725.0,1.54639
19015602,nefopam,602.0,602.0,0.0,3188.0,2.04795
19002912,nelarabine,232.0,232.0,0.0,812.0,3.875145
1715472,nelfinavir,853.0,853.0,0.0,5084.0,2.42323
1735144,nemolizumab,5.0,0.0,5.0,0.0,
42900437,neodymium oxide,1.0,0.0,1.0,0.0,
42903530,neohesperidin dihydrochalcone,2.0,0.0,2.0,0.0,
915981,neomycin,730.0,730.0,0.0,2703.0,1.68992
717136,neostigmine,575.0,575.0,0.0,2127.0,2.48247
909795,nepafenac,291.0,291.0,0.0,997.0,2.04009
37498626,nerol,2.0,0.0,2.0,0.0,
1145882,nerolidol,17.0,0.0,17.0,0.0,
43012825,nerve growth factor,1.0,0.0,1.0,0.0,
1338985,nesiritide,330.0,330.0,0.0,1089.0,1.866075
19017585,netilmicin,153.0,153.0,0.0,290.0,7.23561
45774966,netupitant,12.0,12.0,0.0,12.0,35.118065
43012394,neurotrophin 3,3.0,0.0,3.0,0.0,
43532469,neurotrophin 4,8.0,2.0,6.0,2.0,133.14976
1769389,nevirapine,1224.0,1224.0,0.0,12869.0,1.68047
1517824,niacin,1603.0,1603.0,0.0,72145.0,0.61766
19018419,niacinamide,332.0,332.0,0.0,744.0,2.39471
19127550,nialamide,2.0,2.0,0.0,2.0,7444.70655
19082402,niaprazine,9.0,9.0,0.0,9.0,104.96886
1318137,nicardipine,1038.0,1038.0,0.0,7259.0,1.975655
19018352,nicergoline,409.0,409.0,0.0,1305.0,2.17701
42900439,nickel,17.0,17.0,0.0,18.0,17.57955
19082458,nickel sulfate,5.0,5.0,0.0,5.0,44.05986
19018416,niclosamide,2.0,2.0,0.0,2.0,97.948325
19090809,nicoboxil,1.0,0.0,1.0,0.0,
19014977,nicorandil,981.0,981.0,0.0,8943.0,1.42507
718583,nicotine,1644.0,1644.0,0.0,44120.0,0.6252
42874050,nicotine bitartrate,3.0,3.0,0.0,3.0,135.42161
1318853,nifedipine,2139.0,2139.0,0.0,50313.0,1.19745
19019023,niflumic acid,108.0,88.0,22.0,154.0,4.79199
19019029,nifuratel,15.0,15.0,0.0,16.0,538.84043
19015144,nifuroxazide,126.0,126.0,0.0,225.0,5.18046
42900440,nifurpipone,1.0,0.0,1.0,0.0,
19127551,nifurtimox,38.0,38.0,0.0,55.0,12.82035
19019088,nikethamide,18.0,18.0,0.0,19.0,35.033015
1394023,nilotinib,1162.0,1162.0,0.0,14901.0,1.0963850000000002
1315286,nilutamide,266.0,266.0,0.0,536.0,3.61026
19113063,nilvadipine,293.0,293.0,0.0,658.0,3.37164
19069425,nimesulide,717.0,717.0,0.0,3247.0,2.00851
1319133,nimodipine,328.0,328.0,0.0,906.0,2.7241299999999997
19019176,nimorazole,6.0,6.0,0.0,6.0,91.95752
45775396,nintedanib,58.0,58.0,0.0,88.0,7.30756
1466198,nipocalimab,1.0,0.0,1.0,0.0,
747349,nirogacestat,1.0,0.0,1.0,0.0,
1319880,nisoldipine,607.0,607.0,0.0,2697.0,1.60582
1715315,nitazoxanide,170.0,170.0,0.0,297.0,3.19038
40168316,nitenpyram,2.0,0.0,2.0,0.0,
1586640,nitisinone,150.0,150.0,0.0,291.0,4.9750700000000005
19020021,nitrazepam,867.0,867.0,0.0,5524.0,1.61097
19020061,nitrendipine,444.0,444.0,0.0,1254.0,2.493015
42899650,nitric acid,4.0,4.0,0.0,4.0,83.885495
19020068,nitric oxide,222.0,222.0,0.0,561.0,6.3708849999999995
43532063,nitrocellulose,8.0,7.0,1.0,7.0,96.36563
920293,nitrofurantoin,1705.0,1705.0,0.0,23234.0,1.32382
920378,nitrofurazone,11.0,11.0,0.0,11.0,46.51804
19020477,nitrogen,152.0,152.0,0.0,297.0,5.355275
1361711,nitroglycerin,2134.0,2134.0,0.0,71999.0,1.012715
19020994,nitroprusside,406.0,406.0,0.0,1586.0,1.4063
19021129,nitrous oxide,420.0,420.0,0.0,1508.0,3.580725
19015464,nitroxoline,21.0,21.0,0.0,24.0,9.59742
45892628,nivolumab,94.0,94.0,0.0,229.0,6.80201
950696,nizatidine,970.0,970.0,0.0,5102.0,1.711605
19015533,nomegestrol,237.0,237.0,0.0,473.0,4.11973
792647,nonathymulin,23.0,0.0,23.0,0.0,
969444,nonoxynol-9,29.0,29.0,0.0,31.0,61.79318
45775001,nonylphenol,27.0,0.0,27.0,0.0,
19080959,nordazepam,215.0,215.0,0.0,634.0,2.59819
1518198,norelgestromin,12.0,12.0,0.0,14.0,95.097075
1321341,norepinephrine,865.0,865.0,0.0,7599.0,1.3845
19128219,norethandrolone,44.0,44.0,0.0,53.0,17.417495000000002
1521369,norethindrone,763.0,763.0,0.0,5744.0,1.32125
19015756,norfenefrine,6.0,6.0,0.0,6.0,78.198645
1721543,norfloxacin,687.0,687.0,0.0,3104.0,2.02526
42900442,norflurane,11.0,11.0,0.0,11.0,40.27132
1515774,norgestimate,129.0,129.0,0.0,221.0,5.7456
1521592,norgestrel,49.0,49.0,0.0,65.0,5.40061
19128258,norgestrienone,7.0,7.0,0.0,7.0,13.1008
721724,nortriptyline,1456.0,1456.0,0.0,19163.0,1.3262
19021930,noscapine,36.0,36.0,0.0,48.0,8.539204999999999
19022015,novobiocin,60.0,60.0,0.0,60.0,13.90647
746844,nuciferine,11.0,0.0,11.0,0.0,
42899620,nutmeg oil,1.0,1.0,0.0,1.0,52.50562
19014026,nux vomica extract,2.0,2.0,0.0,2.0,157.266555
19022494,nylidrin,2.0,2.0,0.0,2.0,964.32007
922570,nystatin,1788.0,1788.0,0.0,27392.0,1.44788
19022885,o-phthalaldehyde,1.0,0.0,1.0,0.0,
1560121,o-toluenesulfonamide,5.0,0.0,5.0,0.0,
19097042,oat bran,75.0,67.0,9.0,77.0,12.10224
19071838,oats preparation,2.0,0.0,2.0,0.0,
44507676,obinutuzumab,157.0,157.0,0.0,575.0,3.29575
44785507,oclacitinib,8.0,0.0,8.0,0.0,
42904298,ocriplasmin,67.0,67.0,0.0,543.0,52.85709
915391,octinoxate,5.0,5.0,0.0,5.0,192.25791
42899645,octopamine,5.0,5.0,0.0,5.0,8.02636
970277,octoxynol-9,1.0,0.0,1.0,0.0,
1522957,octreotide,1446.0,1446.0,0.0,21828.0,1.070095
19016099,octylonium,73.0,73.0,0.0,97.0,4.85208
40167582,ofatumumab,425.0,425.0,0.0,2172.0,2.15672
923081,ofloxacin,1166.0,1166.0,0.0,8884.0,1.685195
42899536,oil of garlic,801.0,801.0,0.0,4788.0,1.48447
42899537,oil of ginger,265.0,265.0,0.0,571.0,2.78219
42899538,oil of niaouli,15.0,15.0,0.0,15.0,50.57759
43013756,okra extract,1.0,0.0,1.0,0.0,
1466108,olaflur,1.0,0.0,1.0,0.0,
785788,olanzapine,2200.0,2200.0,0.0,77417.0,0.869785
45892579,olaparib,19.0,19.0,0.0,25.0,13.08561
19023254,oleandomycin,2.0,2.0,0.0,2.0,414.364195
19126536,oleate,22.0,12.0,10.0,13.0,28.035244999999996
1146264,oleuropein,47.0,0.0,47.0,0.0,
43014153,oleylamide,3.0,0.0,3.0,0.0,
19054693,olive leaf extract,48.0,29.0,19.0,33.0,13.45522
42900448,olive oil,146.0,146.0,0.0,328.0,3.3538
43014154,olivine,3.0,0.0,3.0,0.0,
40226742,olmesartan,1855.0,1855.0,0.0,45340.0,1.01717
45775116,olodaterol,13.0,13.0,0.0,19.0,29.9279
915855,olopatadine,1091.0,1091.0,0.0,7556.0,1.48274
916282,olsalazine,194.0,194.0,0.0,351.0,4.156765
45775576,omacetaxine,14.0,14.0,0.0,14.0,60.385655
19069046,omacetaxine mepesuccinate,58.0,58.0,0.0,116.0,6.53814
1110942,omalizumab,1201.0,1201.0,0.0,22649.0,1.05849
45892552,ombitasvir,9.0,9.0,0.0,11.0,29.94179
1560305,omega-3 acid ethyl esters (USP),1318.0,1318.0,0.0,19270.0,1.08138
46233915,omega-3 carboxylic acids,1.0,0.0,1.0,0.0,
19106973,omega-3 fatty acids,1236.0,1236.0,0.0,11759.0,1.31786
923645,omeprazole,3179.0,3179.0,0.0,325636.0,1.00429
741656,omidenepag,1.0,0.0,1.0,0.0,
19016974,omoconazole,1.0,1.0,0.0,1.0,1019.3392
1000560,ondansetron,2501.0,2501.0,0.0,101829.0,1.12
43013763,onion extract,7.0,0.0,7.0,0.0,
19129635,opipramol,395.0,395.0,0.0,1034.0,2.68553
923829,opium,365.0,365.0,0.0,959.0,2.07467
1318030,oprelvekin,226.0,226.0,0.0,414.0,3.98241
42904272,orange juice,5.0,5.0,0.0,5.0,53.93009
42900451,orange oil,216.0,216.0,0.0,478.0,2.996105
43013770,orange peel extract,1.0,0.0,1.0,0.0,
40174405,orange pekoe tea allergenic extract,1.0,0.0,1.0,0.0,
42903808,oregano leaf oil,51.0,51.0,0.0,62.0,9.99516
19126395,oregano oil,25.0,25.0,0.0,48.0,13.6692
19082874,orgotein,62.0,62.0,0.0,107.0,6.16296
42900454,origanum oil,1.0,1.0,0.0,1.0,
45776147,oritavancin,7.0,7.0,0.0,7.0,30.48892
741530,orlistat,1083.0,1083.0,0.0,25048.0,0.6434
19024197,ornidazole,162.0,162.0,0.0,285.0,5.5418400000000005
19024365,ornithine,99.0,99.0,0.0,163.0,6.0924
19013958,"ornithine, (L)-isomer",4.0,0.0,4.0,0.0,
19129638,orotic acid,28.0,28.0,0.0,45.0,11.865975
724394,orphenadrine,796.0,796.0,0.0,4343.0,1.681195
1799139,oseltamivir,1080.0,1080.0,0.0,10644.0,1.125995
45775353,oseltamivir carboxylate,2.0,0.0,2.0,0.0,
43525773,ospemifene,157.0,157.0,0.0,639.0,2.55235
45776162,osthol,55.0,0.0,55.0,0.0,
779819,oteseconazole,2.0,0.0,2.0,0.0,
42903893,ovalbumin,1.0,1.0,0.0,1.0,12815.16498
1724703,oxacillin,296.0,296.0,0.0,858.0,3.24271
44507733,oxalate,237.0,237.0,0.0,432.0,2.98496
1318011,oxaliplatin,1430.0,1430.0,0.0,37191.0,1.10658
46276138,oxaloacetate,4.0,0.0,4.0,0.0,
19024775,oxamniquine,10.0,10.0,0.0,13.0,74.837595
1524769,oxandrolone,253.0,253.0,0.0,538.0,2.71656
1592346,oxantel,2.0,0.0,2.0,0.0,
1118045,oxaprozin,729.0,729.0,0.0,3816.0,1.66387
19071314,oxatomide,206.0,206.0,0.0,458.0,3.08542
724816,oxazepam,1365.0,1365.0,0.0,15843.0,1.26502
718122,oxcarbazepine,1622.0,1622.0,0.0,25170.0,1.25263
19018164,oxeladin,20.0,20.0,0.0,25.0,10.315639999999998
19001308,oxerutins,31.0,31.0,0.0,59.0,19.04682
19082880,oxetorone,108.0,108.0,0.0,139.0,7.47259
918222,oxiconazole,134.0,134.0,0.0,179.0,6.032484999999999
19018261,oxilofrine,9.0,9.0,0.0,10.0,1330.97069
19082891,oxiracetam,39.0,31.0,9.0,39.0,15.83683
19018882,oxitropium,58.0,58.0,0.0,83.0,10.55547
19018885,oxolamine,26.0,26.0,0.0,26.0,20.3617
19129642,oxolinic acid,1.0,1.0,0.0,1.0,1497.50669
1592615,oxothiazolidinecarboxylic acid,1.0,0.0,1.0,0.0,
19024904,oxprenolol,60.0,60.0,0.0,82.0,12.36498
19049816,oxtriphylline,57.0,57.0,0.0,85.0,16.89142
918881,oxybenzone,4.0,4.0,0.0,4.0,160.890265
918906,oxybutynin,1717.0,1717.0,0.0,31464.0,1.0411
1719061,oxychlorosene,8.0,8.0,0.0,8.0,40.96735
1124957,oxycodone,2609.0,2609.0,0.0,159769.0,0.90082
19129643,oxyfedrine,14.0,6.0,8.0,6.0,61.02627
19025274,oxygen,1654.0,1654.0,0.0,30896.0,1.088075
925636,oxymetazoline,777.0,777.0,0.0,3839.0,1.49301
1525741,oxymetholone,152.0,152.0,0.0,259.0,4.6701999999999995
1125765,oxymorphone,707.0,707.0,0.0,5287.0,0.97846
1537444,oxypaeoniflora,1.0,0.0,1.0,0.0,
19025922,oxypertine,18.0,18.0,0.0,27.0,12.320335
19025925,oxyphenbutazone,18.0,18.0,0.0,19.0,20.182735
19025928,oxyphenonium,34.0,34.0,0.0,34.0,5.834375
906874,oxyquinoline,22.0,22.0,0.0,62.0,26.483325
925952,oxytetracycline,285.0,285.0,0.0,913.0,2.56966
1326115,oxytocin,1212.0,1212.0,0.0,8783.0,1.4979399999999998
793789,p-anisaldehyde,1.0,0.0,1.0,0.0,
19026274,p-hydroxyamphetamine,10.0,10.0,0.0,10.0,16.63043
1378382,paclitaxel,1858.0,1858.0,0.0,59033.0,1.0331
779180,pacritinib,4.0,0.0,4.0,0.0,
19082898,padimate-O,2.0,0.0,2.0,0.0,
45892075,palbociclib,17.0,17.0,0.0,19.0,9.3471
19038562,palifermin,198.0,198.0,0.0,656.0,4.229965
703244,paliperidone,891.0,891.0,0.0,14014.0,0.8107
537647,palivizumab,527.0,527.0,0.0,5361.0,2.38601
42903850,palmatine,23.0,0.0,23.0,0.0,
43014178,palmitate,43.0,26.0,18.0,27.0,8.324045
739712,palmitoleate,4.0,0.0,4.0,0.0,
911354,palonosetron,959.0,959.0,0.0,8627.0,1.5695
746488,palovarotene,3.0,0.0,3.0,0.0,
37354278,paltusotine,1.0,0.0,1.0,0.0,
1172206,pamabrom,17.0,17.0,0.0,17.0,15.91306
1511646,pamidronate,1890.0,1890.0,0.0,46693.0,1.45003
42609309,panaxynol,2.0,0.0,2.0,0.0,
19056189,pancreas extract,41.0,41.0,0.0,50.0,10.67812
926487,pancreatin,431.0,431.0,0.0,1245.0,2.0722
990340,pancrelipase,659.0,659.0,0.0,2601.0,1.871
19026674,pancuronium,301.0,301.0,0.0,2023.0,1.29043
19100985,panitumumab,624.0,624.0,0.0,5386.0,1.37872
46221435,panobinostat,137.0,137.0,0.0,380.0,4.46486
19019317,pantethine,447.0,440.0,10.0,1800.0,2.73972
40231459,panthenol,193.0,193.0,0.0,331.0,4.72394
948078,pantoprazole,2861.0,2861.0,0.0,182420.0,1.11064
19088079,pantothenate,97.0,92.0,6.0,115.0,6.67882
19026739,pantothenic acid,159.0,159.0,0.0,239.0,3.85844
926770,papain,176.0,176.0,0.0,328.0,3.398215
19129648,papaveretum,9.0,9.0,0.0,14.0,533.66437
1326901,papaverine,295.0,295.0,0.0,1050.0,1.68849
793242,papaya extract,5.0,0.0,5.0,0.0,
37003334,para-cresol,12.0,0.0,12.0,0.0,
19020071,parachlorophenol,3.0,0.0,3.0,0.0,
19129738,paraffin,287.0,287.0,0.0,612.0,2.68608
19027181,paraldehyde,41.0,41.0,0.0,104.0,34.93662
19021932,paramethadione,2.0,2.0,0.0,2.0,55.558455
19027186,paramethasone,18.0,18.0,0.0,23.0,57.645875
43532113,parathyroid hormone,26.0,26.0,0.0,26.0,31.171825
19003570,parecoxib,221.0,221.0,0.0,450.0,3.85099
922024,paregoric,136.0,136.0,0.0,210.0,4.64163
1517740,paricalcitol,940.0,940.0,0.0,8221.0,1.105055
19008276,parnaparin,10.0,2.0,8.0,4.0,667.357135
1727443,paromomycin,89.0,89.0,0.0,112.0,17.13379
722031,paroxetine,2671.0,2671.0,0.0,141490.0,0.8377
44507735,parsley oil,28.0,28.0,0.0,33.0,9.807865
43012417,pasireotide,212.0,212.0,0.0,759.0,2.557515
1306905,passion flower extract,2.0,2.0,0.0,2.0,265.928395
19027075,pau d'arco preparation,1.0,1.0,0.0,1.0,
40167554,pazopanib,816.0,816.0,0.0,9032.0,0.98409
19033278,peanut oil,30.0,30.0,0.0,32.0,14.29657
922191,pectin,81.0,81.0,0.0,112.0,4.17238
19027679,pefloxacin,43.0,43.0,0.0,45.0,14.31262
581480,pegademase bovine,101.0,101.0,0.0,148.0,14.16371
19063605,pegaptanib,223.0,223.0,0.0,631.0,3.61305
1326481,pegaspargase,542.0,542.0,0.0,4247.0,2.1438300000000003
1325608,pegfilgrastim,1279.0,1279.0,0.0,22009.0,1.0914
42709327,peginesatide,131.0,131.0,0.0,484.0,2.98981
1714165,peginterferon alfa-2a,1808.0,1808.0,0.0,85371.0,0.66592
1797155,peginterferon alfa-2b,1649.0,1649.0,0.0,47224.0,0.8623
45775146,peginterferon beta-1a,9.0,9.0,0.0,9.0,97.07989
40226208,pegloticase,117.0,117.0,0.0,396.0,1.5099
1503432,pegvisomant,319.0,319.0,0.0,1002.0,2.37937
45775965,pembrolizumab,163.0,163.0,0.0,491.0,2.7487
1304919,pemetrexed,1038.0,1038.0,0.0,14572.0,1.19747
938362,pemirolast,133.0,133.0,0.0,176.0,6.89406
727835,pemoline,190.0,190.0,0.0,313.0,4.43434
1327978,penbutolol,57.0,57.0,0.0,81.0,5.57025
981654,penciclovir,324.0,324.0,0.0,737.0,3.244065
1759171,penconazole,2.0,0.0,2.0,0.0,
19028044,penfluridol,27.0,27.0,0.0,30.0,28.01398
19028050,penicillamine,455.0,455.0,0.0,995.0,3.30046
1728416,penicillin G,758.0,758.0,0.0,2917.0,2.07947
1729720,penicillin V,1029.0,1029.0,0.0,5976.0,1.8801
792829,pentadecanoic acid,2.0,0.0,2.0,0.0,
19022446,pentaerythritol,219.0,219.0,1.0,552.0,2.61746
45775000,pentafluoropropane,1.0,0.0,1.0,0.0,
19030376,pentagastrin,7.0,7.0,0.0,7.0,15.07064
1730370,pentamidine,840.0,840.0,0.0,4869.0,2.26533
40161354,pentastarch,39.0,39.0,0.0,52.0,29.65673
1130585,pentazocine,795.0,795.0,0.0,3348.0,1.96161
19022570,pentifylline,1.0,0.0,1.0,0.0,
730729,pentobarbital,181.0,181.0,0.0,384.0,3.89664
924151,pentosan polysulfate,585.0,585.0,0.0,2620.0,1.70838
19031224,pentostatin,353.0,353.0,0.0,1413.0,3.26356
1331247,pentoxifylline,1021.0,1021.0,0.0,6511.0,1.53573
37499427,peoniflorin,102.0,0.0,102.0,0.0,
19086712,peppermint oil,189.0,189.0,0.0,372.0,3.53689
19031378,pepsin A,64.0,64.0,0.0,71.0,7.66065
746388,peptide-T,7.0,0.0,7.0,0.0,
40167569,peramivir,18.0,18.0,0.0,19.0,49.270390000000006
42904177,perampanel,156.0,156.0,0.0,438.0,3.31142
19131663,perazine,176.0,176.0,0.0,377.0,3.48581
19071160,perflutren,203.0,203.0,0.0,2779.0,2.12722
732309,pergolide,472.0,472.0,0.0,2099.0,2.419455
19032359,perhexiline,67.0,67.0,0.0,136.0,5.05804
19053565,periciazine,298.0,298.0,0.0,846.0,2.49826
43532477,perillaldehyde,5.0,0.0,5.0,0.0,
1373225,perindopril,1537.0,1537.0,0.0,23444.0,1.23074
45775544,perindoprilat,1.0,0.0,1.0,0.0,
1718498,perlite,6.0,0.0,6.0,0.0,
922868,permethrin,303.0,303.0,0.0,802.0,2.94404
733008,perphenazine,721.0,721.0,0.0,3554.0,1.64965
42903975,persimmon extract,1.0,0.0,1.0,0.0,
19033193,pertussis vaccine,19.0,14.0,5.0,14.0,17.429434999999998
42801287,pertuzumab,402.0,402.0,0.0,2021.0,1.877155
19033354,petrolatum,669.0,669.0,0.0,2317.0,1.87601
19060797,petroleum distillate,1.0,1.0,0.0,1.0,564.59621
742010,phellodendrine,3.0,0.0,3.0,0.0,
19023286,phenacemide,17.0,17.0,0.0,27.0,130.0487
19033710,phenacetin,45.0,45.0,0.0,49.0,16.7171
19132884,phenazocine,6.0,6.0,0.0,12.0,88.49418
933724,phenazopyridine,1064.0,1064.0,0.0,6822.0,1.743185
723344,phendimetrazine,151.0,151.0,0.0,266.0,4.62887
733896,phenelzine,459.0,459.0,0.0,2331.0,1.49426
19088795,phenethicillin,16.0,16.0,0.0,20.0,103.81263
42899635,phenethylamine,12.0,12.0,0.0,15.0,33.49726
19033909,phenformin,9.0,9.0,0.0,12.0,22.41101
1123534,phenindamine,2.0,2.0,0.0,2.0,156.144035
19033934,phenindione,19.0,19.0,0.0,44.0,11.24216
933952,pheniramine,287.0,287.0,0.0,1295.0,1.46383
19034281,phenmetrazine,3.0,3.0,0.0,3.0,218.87532
734275,phenobarbital,1482.0,1482.0,0.0,15751.0,1.332315
923540,phenol,261.0,261.0,0.0,568.0,3.62331
44816326,phenolate,18.0,17.0,1.0,22.0,19.20585
924309,phenolphthalein,279.0,279.0,0.0,722.0,2.76043
19132889,phenoperidine,2.0,2.0,0.0,2.0,6339.97304
1335301,phenoxybenzamine,120.0,120.0,0.0,240.0,4.860285
19058343,phenoxyethanol,2.0,2.0,0.0,2.0,4092.61611
19035344,phenprocoumon,1114.0,1114.0,0.0,8536.0,1.5808
19023842,phensuximide,11.0,11.0,0.0,11.0,16.96029
735340,phentermine,874.0,874.0,0.0,6067.0,1.496985
1335539,phentolamine,131.0,131.0,0.0,174.0,4.85469
937712,phenyl salicylate,191.0,191.0,0.0,365.0,4.04455
1735414,phenyl-n-tert-butylnitrone,25.0,0.0,25.0,0.0,
1511856,phenylacetate,44.0,44.0,0.0,74.0,15.220795
19035577,phenylalanine,78.0,78.0,0.0,118.0,6.5898
1135710,phenylbutazone,161.0,161.0,0.0,250.0,4.01406
1539954,phenylbutyrate,210.0,210.0,0.0,394.0,3.029635
1135766,phenylephrine,1006.0,1006.0,0.0,6917.0,1.324465
42903657,phenylethyl resorcinol,1.0,0.0,1.0,0.0,
19132892,phenylhydrazine,1.0,1.0,0.0,1.0,
43014129,phenylisothiocyanate,1.0,0.0,1.0,0.0,
19058371,phenylmercuric nitrate,9.0,9.0,0.0,9.0,20.33532
1139993,phenylpropanolamine,417.0,417.0,0.0,1345.0,2.51397
1123904,phenyltoloxamine,95.0,95.0,0.0,117.0,5.00602
740910,phenytoin,1953.0,1953.0,0.0,45958.0,0.9824
43013779,phloretin,29.0,2.0,27.0,2.0,92.25858
43012201,phlorhizin,35.0,0.0,35.0,0.0,
19041222,phloroglucinol,578.0,578.0,0.0,2713.0,2.600435
19024213,pholcodine,165.0,165.0,0.0,391.0,3.92363
19090831,pholedrine,2.0,2.0,0.0,2.0,116.03211
19112944,phosphate ion,7.0,7.0,0.0,11.0,27.65451
19059741,phosphatidylserine,49.0,49.0,0.0,76.0,6.50146
19042852,phospholipids,41.0,41.0,0.0,55.0,8.45512
943030,phosphoric acid,35.0,35.0,0.0,69.0,8.51858
19043395,phosphorus,289.0,289.0,0.0,630.0,2.50466
19024873,phthalylsulfathiazole,2.0,2.0,0.0,2.0,52.25612
19044337,physostigmine,26.0,26.0,0.0,35.0,12.589395
19133366,phytic acid,27.0,0.0,27.0,0.0,
1510528,phytol,17.0,0.0,17.0,0.0,
43012304,phytosphingosine,7.0,0.0,7.0,0.0,
19044812,phytosterols,9.0,9.0,0.0,10.0,55.55737
19092958,picolinic acid,7.0,7.0,0.0,7.0,303.9885
19102785,pidotimod,9.0,9.0,0.0,14.0,241.78968
964038,pigment blue 16,2.0,0.0,2.0,0.0,
19133329,piketoprofen,1.0,1.0,0.0,1.0,598.75439
945286,pilocarpine,830.0,830.0,0.0,4494.0,1.5976400000000002
42900457,pimagedine,98.0,0.0,98.0,0.0,
915935,pimecrolimus,858.0,858.0,0.0,3652.0,1.885905
19093165,pimethixene,1.0,1.0,0.0,1.0,
40239290,pimobendan,178.0,155.0,28.0,404.0,4.37333
745790,pimozide,298.0,298.0,0.0,804.0,2.4148050000000003
19093166,pinacidil,25.0,0.0,25.0,0.0,
19025198,pinaverium,318.0,318.0,0.0,766.0,2.6688
1345858,pindolol,411.0,411.0,0.0,1226.0,1.80766
1398516,pine bark extract,71.0,60.0,12.0,78.0,5.568555
44814613,pineapple extract,2.0,2.0,0.0,2.0,87.172845
1525215,pioglitazone,1874.0,1874.0,0.0,51635.0,0.8871549999999999
19093225,pipamperone,390.0,390.0,0.0,1387.0,2.83939
19025281,pipecuronium,19.0,19.0,0.0,25.0,36.70644
19010564,pipemidate,42.0,42.0,0.0,44.0,22.177885
19025284,pipenzolate,3.0,3.0,0.0,3.0,190.19176
19046036,piperacetazine,2.0,2.0,0.0,2.0,273.662605
1746114,piperacillin,1352.0,1352.0,0.0,13205.0,1.55532
19046291,piperazine,34.0,34.0,0.0,47.0,15.369725
19080375,piperidolate,40.0,40.0,0.0,59.0,15.950125
42900463,piperine,69.0,0.0,69.0,0.0,
19093362,piperocaine,4.0,4.0,0.0,5.0,210.450585
19025422,piperonal,3.0,0.0,3.0,0.0,
946340,piperonyl butoxide,10.0,10.0,0.0,10.0,34.03884
19046625,pipobroman,110.0,110.0,0.0,224.0,6.75254
19133992,pipothiazine,35.0,35.0,0.0,42.0,16.29464
19093364,pipoxolan,2.0,0.0,2.0,0.0,
19093365,piprozoline,1.0,0.0,1.0,0.0,
19046654,piracetam,496.0,496.0,0.0,1556.0,2.249565
19093366,pirarubicin,263.0,263.0,0.0,732.0,4.71927
1125449,pirbuterol,652.0,652.0,0.0,2944.0,1.737005
19089269,pirenoxine,234.0,234.0,0.0,474.0,4.32294
19046724,pirenzepine,219.0,219.0,0.0,519.0,3.64879
19025498,piretanide,235.0,235.0,0.0,488.0,3.10385
45775206,pirfenidone,111.0,111.0,0.0,310.0,3.14743
19134000,piribedil,279.0,279.0,0.0,806.0,3.1623
19134009,pirinitramide,4.0,4.0,0.0,4.0,138.88495
19025614,piroctone olamine,2.0,0.0,2.0,0.0,
1146810,piroxicam,1197.0,1197.0,0.0,8925.0,1.61309
40165636,pitavastatin,676.0,676.0,0.0,3663.0,1.56712
19047071,pivampicillin,46.0,46.0,0.0,53.0,11.4572
19047076,pizotyline,186.0,186.0,0.0,483.0,2.86518
19047135,placebo,1146.0,1146.0,0.0,9395.0,1.941105
1398573,plant stanol ester,1.0,1.0,0.0,1.0,
19025693,plasma protein fraction,67.0,67.0,0.0,78.0,10.38025
954696,plasmin,28.0,28.0,0.0,35.0,16.114945
1537072,plasminogen,27.0,0.0,27.0,0.0,
42900468,platinum,78.0,78.0,0.0,107.0,7.971550000000001
19017581,plerixafor,255.0,255.0,0.0,893.0,2.84049
586413,pneumococcal polysaccharides (23),30.0,30.0,0.0,40.0,7.874755
947705,podofilox,125.0,125.0,0.0,190.0,3.92338
947651,podophyllin,13.0,13.0,0.0,14.0,78.9993
1361281,polaprezinc,16.0,0.0,16.0,0.0,
1508241,policosanol,77.0,77.0,0.0,120.0,4.32026
19075109,policresulen,7.0,7.0,0.0,9.0,50.16204
40175900,polidocanol,149.0,149.0,0.0,231.0,6.80649
43525903,polihexanide,5.0,5.0,0.0,7.0,78.6567
523367,"poliovirus vaccine inactivated, type 3 (Saukett)",32.0,32.0,0.0,37.0,42.037915
19024665,poloxamer,21.0,16.0,5.0,17.0,19.10842
43014233,poloxamer 184,1.0,0.0,1.0,0.0,
19024636,poloxamer 188,1.0,1.0,0.0,1.0,451.27043
46233907,poloxamer 234,58.0,58.0,0.0,80.0,9.251135
43012917,poloxamer 338,2.0,0.0,2.0,0.0,
19024663,poloxamer 407,10.0,0.0,10.0,0.0,
42900416,poly(vinylpyrrolidone-co-vinyl-acetate),1.0,0.0,1.0,0.0,
43013178,polydatin,70.0,1.0,69.0,1.0,9590.10307
19094980,polyestradiol,6.0,6.0,0.0,6.0,44.789025
43013775,polyethylene glycol 1000,1.0,1.0,0.0,1.0,24.23973
43012918,polyethylene glycol 1450,2.0,2.0,0.0,2.0,17189.28886
43013761,polyethylene glycol 200,1.0,0.0,1.0,0.0,
948487,polyethylene glycol 300,2.0,2.0,0.0,2.0,552.666475
986417,polyethylene glycol 3350,1877.0,1877.0,0.0,38904.0,1.06625
948490,polyethylene glycol 400,441.0,441.0,0.0,1544.0,1.92714
42899937,polyethylene glycol 4000,649.0,649.0,0.0,3493.0,2.22581
42904233,polyethylene glycol 4500,1.0,1.0,0.0,1.0,
42899571,polyethylene glycol 600,1.0,0.0,1.0,0.0,
42903862,polyethylene glycol 6000,4.0,0.0,4.0,0.0,
46221746,polyethylene glycol 9000,956.0,956.0,0.0,5785.0,1.6283
948515,polyethylene glycols,171.0,171.0,0.0,286.0,3.51161
19135778,polyethylenes,14.0,0.0,14.0,0.0,
19048561,polygeline,27.0,27.0,0.0,33.0,19.40891
42900418,polylactic acid-polyglycolic acid copolymer,27.0,0.0,27.0,0.0,
948582,polymyxin B,557.0,557.0,0.0,1670.0,2.28935
19026609,polynoxylin,9.0,9.0,0.0,9.0,10.11766
1300751,polysaccharide iron complex,648.0,648.0,0.0,2379.0,1.994755
40220969,polysaccharide-K,9.0,0.0,9.0,0.0,
40173337,polysorbate 20,17.0,11.0,6.0,11.0,20.54279
43014236,polysorbate 60,2.0,1.0,1.0,1.0,
43532084,polysorbate 65,7.0,7.0,0.0,7.0,35.27201
948760,polysorbate 80,18.0,18.0,0.0,18.0,32.42133
43013769,polysorbate 85,2.0,0.0,2.0,0.0,
45775570,polystyrene sulfonate,44.0,44.0,0.0,47.0,6.331910000000001
40234351,polysulfated glycosaminoglycan,3.0,0.0,3.0,0.0,
948787,polythiazide,4.0,4.0,0.0,4.0,35.75836
948856,polyvinyl alcohol,290.0,290.0,0.0,642.0,2.56508
43014237,pomalidomide,521.0,521.0,0.0,5992.0,1.04136
1315003,pomegranate extract,23.0,13.0,10.0,13.0,32.54945
42709326,pomegranate fruit extract,4.0,0.0,4.0,0.0,
42904274,pomegranate juice,7.0,7.0,0.0,7.0,84.5283
42899579,pomegranate seed oil,16.0,10.0,6.0,15.0,24.364600000000003
1759195,pomiferin,3.0,0.0,3.0,0.0,
43013182,ponatinib,565.0,565.0,0.0,3347.0,1.53933
40171105,ponazuril,4.0,0.0,4.0,0.0,
19091377,poractant alfa,97.0,97.0,0.0,234.0,15.71411
42899869,pork collagen preparation,1.0,0.0,1.0,0.0,
1704139,posaconazole,600.0,600.0,0.0,3287.0,2.204085
43014256,potash,8.0,0.0,8.0,0.0,
19049024,potassium,1975.0,1975.0,0.0,54080.0,1.12877
19076414,potassium acetate,709.0,709.0,0.0,3003.0,1.57151
19011904,potassium aminobenzoate,6.0,6.0,0.0,6.0,681.003785
45775210,potassium ascorbate,40.0,40.0,0.0,58.0,17.932045000000002
19049059,potassium aspartate,371.0,370.0,1.0,900.0,3.68191
19027080,potassium bicarbonate,260.0,260.0,0.0,528.0,2.3214699999999997
19086788,potassium bitartrate,3.0,3.0,0.0,4.0,38.63086
19095079,potassium bromide,55.0,55.0,0.0,76.0,12.78955
19095091,potassium carbonate,71.0,71.0,0.0,76.0,13.56596
19122131,potassium chlorate,93.0,93.0,0.0,127.0,5.9235
19049105,potassium chloride,2537.0,2537.0,0.0,131802.0,1.02307
976545,potassium citrate,786.0,786.0,0.0,3362.0,1.698785
19135786,potassium dichromate,14.0,14.0,0.0,14.0,7.28753
19059547,potassium gluconate,512.0,512.0,0.0,1560.0,1.96648
19027308,potassium hydroxide,8.0,8.0,0.0,8.0,43.95343
19095275,potassium iodate,12.0,12.0,0.0,12.0,59.993660000000006
19049909,potassium iodide,273.0,273.0,0.0,533.0,2.67072
42903961,potassium ion,120.0,91.0,34.0,152.0,4.38283
19014213,potassium lactate,7.0,5.0,2.0,5.0,429.47037
43012242,potassium metabisulfite,2.0,0.0,2.0,0.0,
927322,potassium nitrate,14.0,14.0,0.0,21.0,7.418385
19050040,potassium orotate,10.0,2.0,9.0,2.0,1517.723185
45892826,potassium oxide,6.0,6.0,0.0,6.0,28.296125
19027339,potassium perchlorate,122.0,122.0,0.0,216.0,5.994415
19135788,potassium permanganate,53.0,53.0,0.0,79.0,23.50262
19027362,potassium phosphate,325.0,325.0,0.0,750.0,2.97093
42899580,potassium sodium tartrate,34.0,34.0,0.0,39.0,7.333685
19135789,potassium sorbate,7.0,4.0,3.0,4.0,49.955995
19027475,potassium sulfate,26.0,23.0,3.0,27.0,15.8493
19056704,potassium sulfide,1.0,0.0,1.0,0.0,
19076785,potassium tartrate,5.0,5.0,0.0,5.0,31.75697
19098530,"potassium,chelated",2.0,2.0,0.0,2.0,943.041065
43532478,potato starch,3.0,0.0,3.0,0.0,
950056,povidone,108.0,108.0,0.0,155.0,5.605535
1750087,povidone-iodine,835.0,835.0,0.0,3751.0,1.96632
746477,pozelimab,3.0,0.0,3.0,0.0,
19135791,practolol,13.0,13.0,0.0,18.0,70.8848
19135792,prajmaline,8.0,0.0,8.0,0.0,
40166461,pralatrexate,159.0,159.0,0.0,424.0,3.88124
1727468,pralidoxime,34.0,34.0,0.0,41.0,19.246115000000003
44814381,pralmorelin,2.0,0.0,2.0,0.0,
720810,pramipexole,1467.0,1467.0,0.0,26204.0,1.01415
19036942,pramiverine,5.0,5.0,0.0,7.0,158.42753
1517998,pramlintide,500.0,500.0,0.0,4169.0,0.98565
927478,pramoxine,506.0,506.0,0.0,1453.0,2.251545
1312007,prasterone,313.0,313.0,0.0,752.0,2.19194
40163718,prasugrel,720.0,720.0,0.0,5207.0,1.21987
1551860,pravastatin,2133.0,2133.0,0.0,61797.0,1.08658
19050461,prazepam,674.0,674.0,0.0,2790.0,2.0394050000000004
1750461,praziquantel,107.0,107.0,0.0,188.0,7.73866
1350489,prazosin,865.0,865.0,0.0,4395.0,1.56873
19018405,prednazoline,15.0,15.0,0.0,18.0,12.02146
928110,prednicarbate,128.0,128.0,0.0,191.0,4.331185
19135793,prednimustine,8.0,7.0,1.0,7.0,84.33771
1550557,prednisolone,2820.0,2820.0,0.0,109070.0,1.5828
1551099,prednisone,3319.0,3319.0,0.0,300855.0,1.17827
19011127,prednylidene,20.0,7.0,13.0,7.0,173.05241
734354,pregabalin,2432.0,2432.0,0.0,150957.0,0.79484
40236567,"pregna-4,17-diene-3,16-dione",17.0,0.0,17.0,0.0,
19011031,pregnenolone,90.0,90.0,0.0,117.0,5.66444
19051285,prenylamine,3.0,3.0,0.0,3.0,17.34477
19028148,prenylamine lactate,1.0,0.0,1.0,0.0,
19028945,pridinol,45.0,45.0,0.0,51.0,7.2281
951279,prilocaine,310.0,310.0,0.0,705.0,3.33915
1751310,primaquine,181.0,181.0,0.0,404.0,4.15919
751347,primidone,1018.0,1018.0,0.0,7744.0,1.3616199999999998
739886,primycin,2.0,0.0,2.0,0.0,
19125201,pristinamycin,404.0,404.0,0.0,1659.0,2.513765
1151422,probenecid,530.0,530.0,0.0,1572.0,1.924955
19051463,probucol,154.0,154.0,0.0,243.0,4.429705
1351461,procainamide,365.0,365.0,0.0,1065.0,2.49475
751698,procaine,265.0,265.0,0.0,508.0,2.46527
1351779,procarbazine,415.0,415.0,0.0,2125.0,2.62418
19028950,procaterol,281.0,281.0,0.0,720.0,2.65625
752061,prochlorperazine,2003.0,2003.0,0.0,50554.0,1.22653
1301839,procyanidin A2,1.0,0.0,1.0,0.0,
19091624,procyanidolic oligomer,5.0,2.0,3.0,2.0,511.26648
752276,procyclidine,554.0,554.0,0.0,3590.0,1.748805
19050123,profenamine,29.0,29.0,0.0,29.0,10.34353
19052317,proflavine,5.0,5.0,0.0,5.0,67.02372
19095776,progabide,7.0,0.0,7.0,0.0,
1552310,progesterone,1267.0,1267.0,0.0,11518.0,1.49242
19029327,proglumetacin,16.0,16.0,0.0,18.0,52.035045
19052734,proglumide,22.0,15.0,7.0,15.0,99.40385
1792429,proguanil,501.0,501.0,0.0,2705.0,2.07219
43532150,prolactin,14.0,14.0,0.0,14.0,45.341345
19052736,proline,6.0,6.0,0.0,7.0,61.007115
19029018,prolintane,7.0,7.0,0.0,7.0,142.12117
19052903,promazine,348.0,348.0,0.0,1241.0,2.706885
19052987,promegestone,36.0,36.0,0.0,45.0,50.56695
19029079,promestriene,73.0,73.0,0.0,103.0,7.05054
1153013,promethazine,2335.0,2335.0,0.0,72663.0,1.16525
1353256,propafenone,813.0,813.0,0.0,5764.0,1.2731
19029108,propamidine,15.0,15.0,0.0,19.0,88.22071
43012220,propane,14.0,14.0,0.0,14.0,26.80966
19135802,propanidid,8.0,0.0,8.0,0.0,
953391,propantheline,206.0,206.0,0.0,382.0,3.94742
929504,proparacaine,252.0,252.0,0.0,806.0,2.63035
19096031,propentofylline,18.0,3.0,17.0,3.0,115.25103
19096054,propicillin,9.0,6.0,3.0,6.0,27.207875
19129400,propinox,7.0,4.0,3.0,4.0,123.86794
42899913,propiolactone,4.0,0.0,4.0,0.0,
19053610,propiomazine,273.0,273.0,0.0,807.0,2.41045
43013169,propionamide,7.0,0.0,7.0,0.0,
19011097,propionate,403.0,403.0,0.0,1247.0,2.13589
19029135,propionic acid,2.0,2.0,0.0,4.0,4510.377995
19077093,propiverine,429.0,429.0,0.0,1362.0,2.57226
753626,propofol,1476.0,1476.0,0.0,21766.0,1.15151
19135804,propolis,60.0,60.0,0.0,74.0,11.78269
42899585,propolis wax,1.0,0.0,1.0,0.0,
1153664,propoxyphene,1917.0,1917.0,0.0,42290.0,1.08607
1353766,propranolol,2018.0,2018.0,0.0,46796.0,1.10448
42903736,propylene,9.0,9.0,0.0,12.0,92.65669
929128,propylene glycol,207.0,207.0,0.0,434.0,3.30305
43013170,propylene glycol methyl ether,1.0,0.0,1.0,0.0,
954036,propylhexedrine,9.0,9.0,0.0,10.0,55.78125
1554072,propylthiouracil,587.0,587.0,0.0,2348.0,2.18661
19029322,propyphenazone,31.0,31.0,0.0,32.0,14.183
747079,proquazone,13.0,0.0,13.0,0.0,
19135808,proscillaridin,8.0,3.0,5.0,3.0,40.21247
19054242,protamine sulfate (USP),408.0,408.0,0.0,4958.0,0.57787
931973,protease,5.0,5.0,0.0,5.0,59.91505
42801108,protein C,27.0,27.0,0.0,37.0,22.64143
44785045,protein S,8.0,8.0,0.0,12.0,59.496415
19135812,prothionamide,53.0,53.0,0.0,82.0,12.73053
19115044,prothipendyl,265.0,265.0,0.0,838.0,2.74578
44507865,prothrombin,12.0,12.0,0.0,13.0,108.114
43012193,protocatechualdehyde,12.0,0.0,12.0,0.0,
754270,protriptyline,195.0,195.0,0.0,327.0,3.72444
19114603,providone-Iodine,51.0,51.0,0.0,60.0,13.65731
19018290,proxigermanium,10.0,0.0,10.0,0.0,
19029547,proxyphylline,5.0,0.0,5.0,0.0,
19094011,prune preparation,12.0,0.0,12.0,0.0,
1154332,pseudoephedrine,1649.0,1649.0,0.0,22075.0,1.30907
,psychotherapy,,,,,
957797,psyllium,1226.0,1226.0,0.0,10976.0,1.43202
37002720,pulegone,2.0,0.0,2.0,0.0,
43532461,pullulan,2.0,0.0,2.0,0.0,
43012368,pummelo extract,1.0,0.0,1.0,0.0,
19011163,pumpkin seed extract,7.0,5.0,2.0,5.0,24.77825
19112533,pumpkin seed oil,11.0,9.0,2.0,9.0,45.49529
19058274,purified protein derivative of tuberculin,326.0,326.0,0.0,1981.0,1.75758
43532462,purslane extract,6.0,0.0,6.0,0.0,
1759270,pyrantel,136.0,136.0,0.0,244.0,4.16844
1759455,pyrazinamide,792.0,792.0,0.0,5416.0,1.924235
959665,pyrethrins,125.0,125.0,0.0,274.0,6.47876
42709314,pyrethrum extract,6.0,6.0,0.0,6.0,46.59477
19059744,pyridinolcarbamate,6.0,0.0,6.0,0.0,
759740,pyridostigmine,768.0,768.0,0.0,3314.0,1.7087
19059817,pyridoxal,556.0,556.0,0.0,2253.0,2.390775
19005046,pyridoxine,1151.0,1151.0,0.0,7079.0,1.67499
1159811,pyrilamine,90.0,90.0,0.0,138.0,5.509565
1760039,pyrimethamine,385.0,385.0,0.0,1420.0,3.1813
931035,pyrithione,4.0,0.0,4.0,0.0,
19060358,pyrithioxin,2.0,2.0,0.0,2.0,4638.08282
19018255,pyroglutamate,100.0,100.0,0.0,128.0,6.42206
1201053,pyrophyllite,6.0,0.0,6.0,0.0,
43526339,pyruvaldehyde,22.0,0.0,22.0,0.0,
19126916,pyruvate,3.0,3.0,0.0,3.0,351.56022
731188,quazepam,318.0,318.0,0.0,955.0,2.579355
19060393,quercetin,110.0,110.0,0.0,165.0,4.275335
766814,quetiapine,2418.0,2418.0,0.0,139413.0,0.726865
19060400,quinacrine,49.0,49.0,0.0,81.0,10.71827
19024140,quinagolide,62.0,62.0,0.0,77.0,13.64543
1331235,quinapril,1518.0,1518.0,0.0,22988.0,1.1801499999999998
45775375,quinaprilat,6.0,2.0,4.0,2.0,207.43999
43532158,quinate,25.0,24.0,1.0,31.0,8.43057
43014230,quince extract,1.0,0.0,1.0,0.0,
19060423,quinestrol,3.0,3.0,0.0,3.0,175.78009
19031360,quinfamide,4.0,4.0,0.0,4.0,2051.359785
1360421,quinidine,543.0,543.0,0.0,1939.0,1.65605
1760616,quinine,1296.0,1296.0,0.0,15022.0,1.306855
19098514,quinupramine,2.0,2.0,0.0,2.0,682.531315
1789515,quinupristin,9.0,9.0,0.0,13.0,12.05654
40167658,rabbit skin extract,9.0,9.0,0.0,9.0,42.32737
911735,rabeprazole,2050.0,2050.0,0.0,48045.0,1.202375
19135830,"rabies immune globulin, human",78.0,78.0,0.0,168.0,5.33677
544411,rabies virus vaccine flury-lep strain,32.0,32.0,0.0,42.0,10.961785
544505,"rabies virus vaccine wistar strain PM-1503-3M (human), inactivated",38.0,38.0,0.0,49.0,10.82746
19018403,racecadotril,289.0,289.0,0.0,830.0,3.69749
19060837,racemethionine,5.0,5.0,0.0,5.0,137.57934
1300153,racepinephrine,54.0,54.0,0.0,112.0,5.42485
42900420,ractopamine,7.0,0.0,7.0,0.0,
45775578,radium,4.0,4.0,0.0,4.0,26.72741
35201545,rainbow trout allergenic extract,1.0,0.0,1.0,0.0,
1513103,raloxifene,1539.0,1539.0,0.0,22895.0,1.4053
1712889,raltegravir,1094.0,1094.0,0.0,9582.0,1.59007
19038536,raltitrexed,80.0,80.0,0.0,145.0,5.29091
781182,ramelteon,807.0,807.0,0.0,5255.0,1.13838
1334456,ramipril,2439.0,2439.0,0.0,103318.0,1.06379
45775527,ramiprilat,4.0,0.0,4.0,0.0,
44818489,ramucirumab,91.0,91.0,0.0,182.0,4.39187
19080982,ranibizumab,1043.0,1043.0,0.0,13684.0,0.95453
961047,ranitidine,2594.0,2594.0,0.0,113417.0,1.061255
1337107,ranolazine,727.0,727.0,0.0,6160.0,1.13135
19100368,rapacuronium,1.0,1.0,0.0,2.0,1141.16133
715710,rasagiline,603.0,603.0,0.0,3660.0,1.4614
1304565,rasburicase,284.0,284.0,0.0,1123.0,3.263425
43013193,raxibacumab,1.0,1.0,0.0,1.0,
19135936,razoxane,2.0,2.0,0.0,3.0,8780.24151
19084693,reboxetine,271.0,271.0,0.0,746.0,2.41595
42903635,red pepper extract,1.0,0.0,1.0,0.0,
1389885,red yeast rice,366.0,352.0,16.0,1418.0,1.86474
19090761,regadenoson,261.0,261.0,0.0,2582.0,1.74266
42903460,regorafenib,472.0,472.0,0.0,3269.0,1.34013
42903546,reishi mushroom preparation,5.0,0.0,5.0,0.0,
37354280,remibrutinib,4.0,0.0,4.0,0.0,
19016749,remifentanil,505.0,505.0,0.0,2753.0,2.23354
19035226,remoxipride,7.0,7.0,0.0,7.0,20.93549
1516766,repaglinide,1164.0,1164.0,0.0,10656.0,1.23293
19035396,reproterol,30.0,30.0,0.0,40.0,13.057855
1362225,reserpine,205.0,205.0,0.0,354.0,4.41535
42609424,resmetirom,3.0,0.0,3.0,0.0,
935390,resorcinol,17.0,17.0,0.0,17.0,50.7472
19013765,respiratory syncytial virus immune globulin intravenous,6.0,6.0,0.0,7.0,18.575339999999997
40225716,resveratrol,231.0,231.0,0.0,470.0,3.30685
991003,retapamulin,221.0,221.0,0.0,813.0,2.0713
19024191,reteplase,267.0,267.0,0.0,991.0,2.67349
43013154,retinamide,5.0,0.0,5.0,0.0,
19129274,reviparin,8.0,8.0,0.0,10.0,59.6651
1201411,rezafungin,4.0,0.0,4.0,0.0,
1537446,rhynchophylline,16.0,0.0,16.0,0.0,
1762711,ribavirin,2176.0,2176.0,0.0,139817.0,0.6584399999999999
19062817,riboflavin,485.0,485.0,0.0,1209.0,2.09681
42903912,ribose,85.0,85.0,0.0,85.0,9.49365
42904167,rice bran,3.0,3.0,0.0,3.0,717.40918
42900436,rice bran oil,5.0,0.0,5.0,0.0,
42899851,rice germ oil,1.0,0.0,1.0,0.0,
42899800,rice oil,28.0,28.0,0.0,43.0,14.930695
1777417,rifabutin,454.0,454.0,0.0,1930.0,2.87233
1763204,rifampin,1308.0,1308.0,0.0,13894.0,1.48109
19136008,rifamycins,37.0,37.0,0.0,45.0,38.1445
19035953,rifapentine,50.0,50.0,0.0,116.0,4.239385
1735947,rifaximin,625.0,625.0,0.0,3033.0,1.47303
19115050,rilmenidine,674.0,674.0,0.0,3084.0,2.1904
19023450,rilonacept,60.0,60.0,0.0,119.0,10.13773
40238930,rilpivirine,198.0,198.0,0.0,581.0,3.63417
735951,riluzole,298.0,298.0,0.0,885.0,2.431835
37354026,rilzabrutinib,1.0,0.0,1.0,0.0,
1763339,rimantadine,245.0,245.0,0.0,370.0,4.0373
977421,rimexolone,125.0,125.0,0.0,299.0,4.53189
19063387,rimiterol,4.0,4.0,0.0,4.0,79.69536
44506752,riociguat,254.0,254.0,0.0,1567.0,1.781225
1516800,risedronate,2000.0,2000.0,0.0,46994.0,1.2795999999999998
19115051,risedronic acid,453.0,453.0,0.0,1177.0,2.63106
735979,risperidone,2166.0,2166.0,0.0,74153.0,0.8681300000000001
1563413,ritodrine,186.0,186.0,0.0,525.0,7.9979
1748921,ritonavir,1952.0,1952.0,0.0,37696.0,1.41202
1314273,rituximab,2115.0,2115.0,0.0,67982.0,1.15107
40241331,rivaroxaban,1343.0,1343.0,0.0,25958.0,0.83175
733523,rivastigmine,1175.0,1175.0,0.0,18802.0,0.98583
1154077,rizatriptan,1001.0,1001.0,0.0,8075.0,1.45604
42709328,robenacoxib,2.0,0.0,2.0,0.0,
19003953,rocuronium,736.0,736.0,0.0,4571.0,1.6632
1189754,rofecoxib,2322.0,2322.0,0.0,141881.0,0.82262
40236897,roflumilast,517.0,517.0,0.0,4137.0,1.2973
40168385,romidepsin,165.0,165.0,0.0,505.0,3.81923
40237343,romifidine,14.0,6.0,8.0,6.0,218.33018
19032407,romiplostim,932.0,932.0,0.0,9257.0,1.11538
44818483,ronidazole,6.0,0.0,6.0,0.0,
713823,ropinirole,1457.0,1457.0,0.0,25513.0,0.98211
1136487,ropivacaine,570.0,570.0,0.0,2825.0,2.5466
42899826,rose oil,39.0,39.0,0.0,46.0,10.77868
42903897,rosemary extract,3.0,0.0,3.0,0.0,
19135863,rosemary oil,13.0,13.0,0.0,13.0,7.86048
1547504,rosiglitazone,1725.0,1725.0,0.0,81570.0,0.39601
1510813,rosuvastatin,2348.0,2348.0,0.0,121446.0,0.900405
19032599,"rotavirus vaccine, live attenuated, G1P[8] human 89-12 strain",21.0,21.0,0.0,35.0,79.80785
19052553,"rotavirus vaccine, tetravalent, live, oral",8.0,8.0,0.0,8.0,149.645015
786426,rotigotine,566.0,566.0,0.0,2829.0,1.36655
42903869,roxarsone,1.0,0.0,1.0,0.0,
19011685,roxatidine,212.0,212.0,0.0,515.0,2.92668
19063874,roxithromycin,454.0,454.0,0.0,1505.0,2.93389
19036638,royal jelly,102.0,102.0,0.0,149.0,4.41676
523212,rubella virus vaccine live (Wistar RA 27-3 strain),4.0,4.0,0.0,4.0,6801.18102
42899841,rubidium,3.0,3.0,0.0,3.0,66.75666
19006586,rufinamide,189.0,189.0,0.0,578.0,3.36905
19099415,ruscogenin,7.0,7.0,0.0,7.0,21.44335
19063981,rutin,43.0,43.0,0.0,62.0,5.49877
40244464,ruxolitinib,668.0,668.0,0.0,5995.0,1.0741200000000002
19064042,saccharin,54.0,54.0,0.0,120.0,9.69157
951980,sacrosidase,14.0,14.0,0.0,15.0,14.213360000000002
42900567,safflower extract,1.0,0.0,1.0,0.0,
19064089,safflower oil,91.0,91.0,0.0,118.0,6.04135
44506764,safflower seed extract,1.0,0.0,1.0,0.0,
44784925,saffron extract,7.0,0.0,7.0,0.0,
742084,saffron oil,1.0,0.0,1.0,0.0,
42899733,sage oil,33.0,32.0,1.0,50.0,14.112755
37497771,sakuranetin,4.0,0.0,4.0,0.0,
19100313,salicin,32.0,32.0,0.0,33.0,14.38823
1164108,salicylamide,258.0,258.0,0.0,538.0,3.0879399999999997
964407,salicylic acid,520.0,520.0,0.0,2067.0,1.24948
1137529,salmeterol,2215.0,2215.0,0.0,99054.0,0.85566
1537655,salmon calcitonin,1209.0,1209.0,0.0,9873.0,1.60269
19050610,salmon oil,289.0,289.0,2.0,700.0,2.49986
1137460,salsalate,579.0,579.0,0.0,2150.0,1.9642
42899716,salsolinol,9.0,0.0,9.0,0.0,
1365720,samarium,27.0,27.0,0.0,34.0,13.4346
1537181,samidorphan,6.0,0.0,6.0,0.0,
19099123,sangre de grado,3.0,0.0,3.0,0.0,
44818507,sanguinarine,24.0,24.0,0.0,24.0,18.41581
37002782,sapanisertib,1.0,0.0,1.0,0.0,
19021959,sapropterin,286.0,286.0,0.0,1118.0,2.522925
1746244,saquinavir,725.0,725.0,0.0,3900.0,2.50851
19136031,saralasin,11.0,0.0,11.0,0.0,
1308432,sargramostim,569.0,569.0,0.0,2669.0,1.94136
35605283,sarolaner,2.0,0.0,2.0,0.0,
19056120,sarsaparilla preparation,2.0,0.0,2.0,0.0,
1391307,saw palmetto extract,598.0,598.0,0.0,2317.0,1.86961
19059155,saw palmetto fruit extract,2.0,0.0,2.0,0.0,
40166035,saxagliptin,690.0,690.0,0.0,5292.0,1.285035
965748,scopolamine,1073.0,1073.0,0.0,8565.0,1.27544
42899737,sea salt,10.0,5.0,5.0,5.0,90.98173
43014229,seaweed extract,4.0,1.0,3.0,1.0,55.19205
19037983,secnidazole,21.0,21.0,0.0,22.0,41.75326
766067,secobarbital,114.0,114.0,0.0,151.0,7.535909999999999
19066188,secretin,15.0,15.0,0.0,16.0,15.42481
19084212,"secretin human, synthetic",1.0,1.0,0.0,1.0,
45892883,secukinumab,44.0,44.0,0.0,45.0,13.334815
1735029,seladelpar,1.0,0.0,1.0,0.0,
40231617,selamectin,7.0,0.0,7.0,0.0,
1560142,selank,4.0,0.0,4.0,0.0,
766209,selegiline,640.0,640.0,0.0,3962.0,1.448275
19038024,selenious acid,14.0,14.0,0.0,14.0,58.60313
19066274,selenite,59.0,35.0,25.0,37.0,8.78407
966282,selenium,835.0,835.0,0.0,4073.0,1.76639
938061,selenium sulfide,304.0,304.0,0.0,684.0,2.350235
793143,semaglutide,,,,,
1560143,semax,5.0,0.0,5.0,0.0,
42903863,semduramicin,1.0,0.0,1.0,0.0,
19115055,sennoside B,82.0,82.0,0.0,123.0,4.749655000000001
938268,"sennosides, USP",1471.0,1471.0,0.0,17775.0,1.32504
19066774,serine,68.0,68.0,0.0,80.0,7.420565
42899779,serotonin,220.0,220.0,0.0,516.0,3.76142
19100379,serratiopeptidase,17.0,17.0,0.0,19.0,37.26123
939134,sertaconazole,51.0,51.0,0.0,70.0,8.31748
19050633,sertindole,62.0,62.0,0.0,89.0,11.57063
739138,sertraline,2825.0,2825.0,0.0,151151.0,0.99561
42899780,sesame oil,7.0,7.0,0.0,8.0,16.56986
1759185,sesamin,33.0,0.0,33.0,0.0,
43014200,sesquicarbonate,1.0,0.0,1.0,0.0,
952004,sevelamer,1322.0,1322.0,0.0,19480.0,1.043425
19039298,sevoflurane,668.0,668.0,0.0,5583.0,2.198915
1340875,shark cartilage extract,2.0,0.0,2.0,0.0,
961304,shark liver oil,43.0,43.0,0.0,53.0,8.13242
42899788,shea butter,32.0,28.0,4.0,32.0,22.960859999999997
35200917,shikimic acid,11.0,0.0,11.0,0.0,
40171301,short ragweed pollen extract,30.0,30.0,0.0,55.0,14.79404
739363,sibutramine,724.0,724.0,0.0,3337.0,1.80856
746996,silane,2.0,0.0,2.0,0.0,
45892119,silanol,3.0,0.0,3.0,0.0,
1316262,sildenafil,1905.0,1905.0,0.0,58034.0,0.81702
19066891,silicon,44.0,4.0,40.0,5.0,1739.47297
19066865,silicon dioxide,104.0,104.0,0.0,135.0,5.04282
19080523,"silicon dioxide, colloidal",18.0,18.0,0.0,18.0,46.27899
19066894,silicones,2.0,2.0,0.0,2.0,1297.064555
46233930,silk sericin,2.0,0.0,2.0,0.0,
19012925,silodosin,609.0,609.0,0.0,2980.0,1.57068
44818461,siltuximab,8.0,8.0,0.0,8.0,18.11724
19016725,silver acetate,2.0,2.0,0.0,2.0,160.561025
966913,silver nitrate,149.0,149.0,0.0,193.0,4.11883
46287388,silver phosphate,1.0,0.0,1.0,0.0,
966956,silver sulfadiazine,671.0,671.0,0.0,2619.0,1.84711
19024190,silybin,4.0,4.0,0.0,4.0,104.533215
42904211,silybum marianum seed oil,8.0,8.0,0.0,8.0,64.27894
19066992,silymarin,717.0,633.0,114.0,3012.0,1.57114
44785086,simeprevir,403.0,403.0,0.0,2564.0,1.28281
966991,simethicone,1012.0,1012.0,0.0,6458.0,1.52276
1539403,simvastatin,2911.0,2911.0,0.0,305062.0,0.91007
19067803,sincalide,51.0,51.0,0.0,102.0,4.48439
921956,sinecatechins,11.0,11.0,0.0,15.0,624.54405
40224095,sipuleucel-T,497.0,497.0,0.0,2985.0,1.4534699999999998
19034726,sirolimus,1281.0,1281.0,0.0,12682.0,1.63045
19136044,sisomicin,17.0,17.0,0.0,19.0,19.73078
1580747,sitagliptin,1785.0,1785.0,0.0,46954.0,0.95473
19136046,sitosterols,20.0,10.0,10.0,10.0,122.37151
19098722,slippery elm bark,4.0,4.0,0.0,4.0,74.378615
19039512,sobrerol,5.0,5.0,0.0,5.0,26.86014
19136048,sodium,260.0,260.0,0.0,571.0,2.37418
19077884,sodium acetate,79.0,79.0,0.0,163.0,6.08366
901318,sodium ascorbate,11.0,11.0,0.0,14.0,22.15756
939506,sodium bicarbonate,1365.0,1365.0,0.0,14611.0,1.32594
43012957,sodium bisulfate,1.0,0.0,1.0,0.0,
19039850,sodium bisulfite,16.0,10.0,6.0,11.0,23.42735
19059544,sodium bitartrate,2.0,2.0,0.0,2.0,1899.851925
42900071,sodium bromide,25.0,25.0,0.0,38.0,32.52613
939863,sodium carbonate,138.0,138.0,0.0,217.0,5.294639999999999
43012991,sodium cation,13.0,0.0,13.0,0.0,
43013156,sodium chlorate,15.0,15.0,0.0,15.0,26.45401
967823,sodium chloride,1680.0,1680.0,0.0,26068.0,1.26313
40180818,sodium chlorite,18.0,17.0,1.0,20.0,55.42153
37499299,sodium cholate,5.0,0.0,5.0,0.0,
977968,sodium citrate,496.0,496.0,0.0,1537.0,2.171715
1399177,sodium ferric gluconate complex,555.0,555.0,0.0,2896.0,2.03801
19069022,sodium fluoride,616.0,616.0,0.0,2328.0,1.93026
19078092,sodium gluconate,89.0,89.0,0.0,98.0,16.35014
19069760,sodium hydroxide,28.0,28.0,0.0,43.0,27.166385
43527224,sodium iodate,8.0,0.0,8.0,0.0,
19069873,sodium iodide,148.0,148.0,0.0,439.0,2.605915
19001131,sodium ironedetate,5.0,5.0,0.0,5.0,78.2917
19014215,sodium lauryl sulfoacetate,11.0,11.0,0.0,11.0,55.95862
19039874,sodium metabisulfite,5.0,5.0,0.0,5.0,1284.99074
35606082,sodium metasilicate,1.0,0.0,1.0,0.0,
19069904,sodium morrhuate,5.0,5.0,0.0,5.0,131.47433
19100394,sodium nitrate,5.0,5.0,0.0,5.0,37.5408
19039877,sodium perborate,12.0,12.0,0.0,12.0,38.2623
43013158,sodium percarbonate,1.0,0.0,1.0,0.0,
939871,sodium phosphate,635.0,635.0,0.0,3493.0,1.55339
991710,"sodium phosphate, dibasic",495.0,495.0,0.0,1785.0,1.77923
990499,"sodium phosphate, monobasic",286.0,286.0,0.0,642.0,2.89652
19078126,sodium polystyrene sulfonate,851.0,851.0,0.0,5331.0,1.79541
19078151,sodium propionate,1.0,1.0,0.0,1.0,929.42047
40171076,sodium selenate,545.0,545.0,0.0,2314.0,1.69131
19131064,sodium stibogluconate,34.0,34.0,0.0,48.0,7.83198
42900072,sodium succinate,229.0,229.0,0.0,387.0,4.35972
939976,sodium sulfate,158.0,158.0,0.0,334.0,3.78492
42800240,sodium sulfide,32.0,26.0,6.0,163.0,3.1352
19117078,sodium tartrate,2.0,2.0,0.0,2.0,336.399295
19070012,sodium tetradecyl sulfate,65.0,65.0,0.0,99.0,6.95674
44785094,sofosbuvir,590.0,590.0,0.0,5378.0,1.0237500000000002
45774478,solasulfone,1.0,0.0,1.0,0.0,
19112623,solfenacin,19.0,19.0,0.0,19.0,43.67967
916005,solifenacin,1248.0,1248.0,0.0,17655.0,1.00355
19056701,somatorelin,3.0,3.0,0.0,3.0,31271.64381
19136066,somatostatin,118.0,118.0,0.0,176.0,5.470205
1578181,somatrem,111.0,111.0,0.0,165.0,6.61101
1584910,somatropin,1507.0,1507.0,0.0,15834.0,1.74948
1363387,sorafenib,1254.0,1254.0,0.0,23576.0,1.012125
42900087,sorbate,3.0,0.0,3.0,0.0,
43012959,sorbitan,4.0,4.0,0.0,4.0,67.01953499999999
970011,sorbitol,461.0,461.0,0.0,1269.0,2.27362
1201369,sotagliflozin,15.0,0.0,15.0,0.0,
1370109,sotalol,1277.0,1277.0,0.0,15449.0,1.14885
42609512,sotatercept,4.0,0.0,4.0,0.0,
19038464,soy protein isolate,31.0,0.0,31.0,0.0,
19070224,soybean oil,349.0,349.0,0.0,1017.0,3.06258
19007600,soybean preparation,9.0,3.0,6.0,6.0,25.19429
1733765,sparfloxacin,58.0,58.0,0.0,77.0,9.118875
1301750,sparsentan,5.0,0.0,5.0,0.0,
42900093,spearmint oil,31.0,31.0,0.0,36.0,8.09286
1701651,spectinomycin,8.0,8.0,0.0,14.0,88.29747
792460,sphinganine,7.0,0.0,7.0,0.0,
35200983,spinach extract,1.0,0.0,1.0,0.0,
40172543,spinosad,8.0,8.0,0.0,10.0,38.538775
19070251,spiramycin,313.0,313.0,0.0,735.0,4.16942
19040051,spirapril,36.0,36.0,0.0,37.0,37.60027
970250,spironolactone,2268.0,2268.0,0.0,89937.0,0.9461
19086491,standardized senna concentrate,1482.0,1482.0,0.0,19120.0,1.2741
1036094,stannous fluoride,120.0,120.0,0.0,236.0,5.242929999999999
1636145,stanozolol,108.0,108.0,0.0,198.0,6.923555
1036157,starch,48.0,48.0,0.0,58.0,9.364615
43012966,"starch, rice",4.0,0.0,4.0,0.0,
43012967,"starch, wheat",2.0,0.0,2.0,0.0,
1781406,stavudine,1121.0,1121.0,0.0,10529.0,1.85604
43014216,stearate,2.0,2.0,0.0,2.0,272.6104
19100412,stearyl alcohol,1.0,0.0,1.0,0.0,
1146260,stepronin,2.0,0.0,2.0,0.0,
43012375,steviol,5.0,0.0,5.0,0.0,
19000812,stigmasterol,2.0,2.0,0.0,2.0,13793.57937
19079014,stinging nettle extract,5.0,0.0,5.0,0.0,
19136184,streptodornase,2.0,2.0,0.0,2.0,5109.70149
19136187,streptokinase,193.0,193.0,0.0,410.0,6.17247
1836191,streptomycin,346.0,346.0,0.0,951.0,4.4796949999999995
19136210,streptozocin,91.0,91.0,0.0,114.0,4.82068
19000815,strontium,106.0,106.0,0.0,143.0,5.569
19100414,strontium chloride,85.0,83.0,4.0,112.0,5.80939
42904159,strontium nitrate,2.0,0.0,2.0,0.0,
19094153,strychnine,9.0,9.0,0.0,19.0,33.56324
42900206,strychnine nitrate,2.0,0.0,2.0,0.0,
1728909,succimer,61.0,61.0,0.0,87.0,4.46801
42900561,succinate,72.0,23.0,49.0,25.0,24.89357
1340532,succinic acid,290.0,290.0,0.0,496.0,3.9387
19118265,succinylated gelatin,95.0,95.0,0.0,178.0,5.98641
836208,succinylcholine,568.0,568.0,0.0,3412.0,1.66701
1036228,sucralfate,1557.0,1557.0,0.0,21578.0,1.24116
44785066,sucroferric oxyhydroxide,15.0,15.0,0.0,32.0,36.70745
19136247,sucrose,47.0,47.0,0.0,60.0,12.88048
19078219,sufentanil,608.0,608.0,0.0,3475.0,2.1705449999999997
1836241,sulbactam,872.0,872.0,0.0,4516.0,1.97388
19000817,sulbenicillin,20.0,18.0,4.0,18.0,21.417185
19100417,sulbutiamine,17.0,17.0,0.0,18.0,22.76096
940535,sulconazole,32.0,32.0,0.0,36.0,23.243165
1036252,sulfacetamide,277.0,277.0,0.0,489.0,4.27553
1836391,sulfadiazine,413.0,413.0,0.0,1301.0,2.46665
1836410,sulfadoxine,89.0,89.0,0.0,167.0,15.07204
19000819,sulfaguanidine,4.0,4.0,0.0,4.0,193.168745
19136423,sulfalene,9.0,9.0,0.0,10.0,39.51014
19136426,sulfamerazine,2.0,2.0,0.0,3.0,159.05308
19136429,sulfamethazine,57.0,57.0,0.0,84.0,8.70415
1036425,sulfamethizole,109.0,109.0,0.0,139.0,6.10206
1836430,sulfamethoxazole,2299.0,2299.0,0.0,55110.0,1.31013
19000820,sulfamethoxypyridazine,25.0,25.0,0.0,25.0,28.73106
19040624,sulfametrole,5.0,2.0,3.0,2.0,77.266885
1036475,sulfanilamide,27.0,27.0,0.0,28.0,7.65048
19136493,sulfapyridine,7.0,7.0,0.0,7.0,26.86014
964339,sulfasalazine,1735.0,1735.0,0.0,25754.0,1.44555
19056546,sulfated mucopolysaccharides,2.0,0.0,2.0,0.0,
1036487,sulfathiazole,2.0,2.0,0.0,2.0,223.571125
1236493,sulfinpyrazone,37.0,37.0,0.0,53.0,11.93745
1836503,sulfisoxazole,61.0,61.0,0.0,75.0,11.47188
1036525,sulfur,336.0,336.0,0.0,1016.0,2.76849
45892833,sulfur hexafluoride,23.0,23.0,0.0,56.0,67.03079
19086296,"sulfur, colloidal",21.0,0.0,21.0,0.0,
1036600,sulfuric acid,22.0,22.0,0.0,23.0,15.580425
1236607,sulindac,883.0,883.0,0.0,4312.0,1.61255
19136626,sulpiride,799.0,799.0,0.0,5217.0,1.7385
19040627,sultamicillin,213.0,213.0,0.0,374.0,4.51023
19000921,sulthiame,104.0,104.0,0.0,202.0,7.799619999999999
19100431,sultopride,494.0,494.0,0.0,1334.0,2.394355
1140643,sumatriptan,1613.0,1613.0,0.0,29799.0,1.07081
1336539,sunitinib,1522.0,1522.0,0.0,34989.0,0.972915
19136642,superoxide dismutase,15.0,15.0,0.0,16.0,11.22929
1036636,suprofen,30.0,30.0,0.0,32.0,8.612855
19136651,suramin,18.0,18.0,0.0,29.0,7.577325
45775760,suvorexant,2.0,2.0,0.0,2.0,266.475255
40162087,sweet vernal grass pollen extract,6.0,6.0,0.0,6.0,1009.48073
19001477,synephrine,26.0,19.0,7.0,20.0,32.56831
1596779,"synthetic conjugated estrogens, A",452.0,452.0,0.0,1469.0,1.848735
1586808,"synthetic conjugated estrogens, B",141.0,141.0,0.0,305.0,3.22972
19008361,tacalcitol,44.0,44.0,0.0,54.0,19.53288
836654,tacrine,26.0,26.0,0.0,26.0,24.71911
950637,tacrolimus,2432.0,2432.0,0.0,62519.0,1.46205
1336926,tadalafil,1356.0,1356.0,0.0,26522.0,0.89347
941004,tadenan,190.0,189.0,1.0,364.0,4.71511
42709325,tafluprost,189.0,189.0,0.0,698.0,2.97647
19002077,talampicillin,3.0,3.0,0.0,5.0,224.40332
1036667,talc,29.0,29.0,0.0,343.0,3.72607
42800246,taliglucerase alfa,71.0,71.0,0.0,131.0,6.81976
19100435,talinolol,58.0,53.0,5.0,79.0,7.03316
19091809,talniflumate,16.0,12.0,4.0,14.0,8.439969999999999
746340,talquetamab,3.0,0.0,3.0,0.0,
43526383,tamanu oil,1.0,0.0,1.0,0.0,
42900219,tamarind seed extract,2.0,0.0,2.0,0.0,
1436678,tamoxifen,1678.0,1678.0,0.0,24017.0,1.531825
924566,tamsulosin,2081.0,2081.0,0.0,62109.0,1.096
1734363,tangeretin,25.0,0.0,25.0,0.0,
1036690,tannic acid,80.0,80.0,0.0,100.0,8.14608
19026459,tapentadol,566.0,566.0,0.0,3437.0,1.402595
779790,tapinarof,7.0,0.0,7.0,0.0,
19041085,tartaric acid,7.0,7.0,0.0,7.0,41.91851
42903718,tartrate,77.0,66.0,12.0,82.0,5.495134999999999
42900229,tartrazine,9.0,9.0,0.0,9.0,11.47478
44814600,tasimelteon,9.0,9.0,0.0,9.0,15.85534
19071159,tasonermin,3.0,3.0,0.0,3.0,342.45725
43533105,taurate,2.0,0.0,2.0,0.0,
19136716,taurine,234.0,234.0,0.0,469.0,2.616495
43012997,taurine deoxycholate,3.0,0.0,3.0,0.0,
741701,taurursodiol,58.0,0.0,58.0,0.0,
1465070,taxifolin,38.0,0.0,38.0,0.0,
947416,tazarotene,384.0,384.0,0.0,1045.0,2.7561549999999997
1741122,tazobactam,457.0,457.0,0.0,1396.0,3.07794
40175934,tea leaf extract,3.0,3.0,0.0,3.0,919.25253
42900230,tea leaf oil,188.0,188.0,0.0,358.0,3.989515
19008374,tea tree oil,97.0,67.0,35.0,79.0,10.3651
45775686,tedizolid,14.0,14.0,0.0,17.0,18.146425
43013171,teduglutide,221.0,221.0,0.0,716.0,2.47011
19056756,tegafur,148.0,148.0,0.0,307.0,4.99131
916943,tegaserod,1164.0,1164.0,0.0,13046.0,1.20247
19078399,teicoplanin,702.0,702.0,0.0,4834.0,2.20111
40239330,telaprevir,1194.0,1194.0,0.0,63842.0,0.507755
40166675,telavancin,77.0,77.0,0.0,161.0,5.2022
1758392,telbivudine,345.0,345.0,0.0,1605.0,2.27927
1702911,telithromycin,835.0,835.0,0.0,7036.0,1.27095
19135785,telmesteine,1.0,0.0,1.0,0.0,
1317640,telmisartan,1602.0,1602.0,0.0,25804.0,1.15068
19041153,temafloxacin,10.0,10.0,0.0,10.0,81.89332
836715,temazepam,1954.0,1954.0,0.0,47692.0,1.20119
19100438,temocillin,21.0,21.0,0.0,22.0,47.22358
19011067,temoporfin,3.0,3.0,0.0,3.0,2938.01109
1341149,temozolomide,1030.0,1030.0,0.0,15301.0,1.114585
42609212,temsavir,3.0,0.0,3.0,0.0,
19092845,temsirolimus,662.0,662.0,0.0,4659.0,1.62752
19098548,tenecteplase,203.0,203.0,0.0,813.0,3.79688
19136750,teniposide,107.0,107.0,0.0,248.0,7.78203
19011093,tenofovir,864.0,864.0,0.0,5528.0,2.00002
1710281,tenofovir disoproxil,1707.0,1707.0,0.0,25681.0,1.418195
19055842,tenonitrozole,11.0,11.0,0.0,11.0,7.50588
19041220,tenoxicam,211.0,211.0,0.0,395.0,4.44668
741995,teplizumab,1.0,0.0,1.0,0.0,
1341238,terazosin,1401.0,1401.0,0.0,17809.0,1.25263
1741309,terbinafine,1372.0,1372.0,0.0,15318.0,1.203415
1236744,terbutaline,1014.0,1014.0,0.0,6682.0,1.84781
941472,terconazole,507.0,507.0,0.0,1514.0,2.79014
1150836,terfenadine,264.0,264.0,0.0,411.0,3.994015
42900584,teriflunomide,721.0,721.0,0.0,9708.0,1.06959
1521987,teriparatide,1920.0,1920.0,0.0,86551.0,0.860395
19078424,terizidone,57.0,57.0,0.0,117.0,9.01434
19119253,terlipressin,45.0,45.0,0.0,58.0,13.98699
19100440,terodiline,4.0,4.0,0.0,4.0,61.802065
19059707,terpin hydrate,5.0,5.0,0.0,5.0,85.729
19100451,tertatolol,3.0,3.0,0.0,3.0,275.15869
40231628,tesamorelin,253.0,253.0,0.0,1126.0,2.4214
1436776,testolactone,6.0,6.0,0.0,6.0,126.038505
1636780,testosterone,1592.0,1592.0,0.0,23844.0,1.0178850000000002
19041536,testosterone 17-phenylpropionate,119.0,119.0,0.0,157.0,7.7593
529411,"tetanus toxoid vaccine, inactivated",220.0,220.0,0.0,405.0,4.256679999999999
836877,tetrabenazine,598.0,598.0,0.0,4412.0,1.0756899999999998
1036884,tetracaine,327.0,327.0,0.0,716.0,3.22922
1836948,tetracycline,945.0,945.0,0.0,5060.0,1.54208
789904,tetradecane,4.0,0.0,4.0,0.0,
43012176,tetrahydrodiferuloylmethane,22.0,0.0,22.0,0.0,
941577,tetrahydrozoline,611.0,611.0,0.0,2817.0,1.66082
37497534,tetraxetan,1.0,0.0,1.0,0.0,
19041746,tetrazepam,669.0,669.0,0.0,2673.0,2.20074
42900108,tetrofosmin,26.0,26.0,0.0,34.0,18.110585
19137042,thalidomide,1830.0,1830.0,0.0,40987.0,1.130735
42900536,thallium,67.0,67.0,0.0,112.0,6.83723
19100574,theaflavin,15.0,0.0,15.0,0.0,
19100575,theanine,41.0,16.0,27.0,18.0,12.25448
19137056,theobromine,15.0,15.0,0.0,22.0,43.34854
19015536,theodrenaline,17.0,14.0,3.0,16.0,144.10935999999998
1237049,theophylline,1482.0,1482.0,0.0,21131.0,1.15016
1837289,thiabendazole,48.0,48.0,0.0,64.0,9.295125
19137312,thiamine,1357.0,1357.0,0.0,13952.0,1.3546
19137362,thiamphenicol,27.0,27.0,0.0,36.0,46.89789
19004295,thiamylal,157.0,157.0,0.0,286.0,6.68571
1037358,thiethylperazine,258.0,258.0,0.0,551.0,4.073625
19137377,thimerosal,43.0,43.0,0.0,51.0,15.05262
19100577,thiobutabarbital,1.0,0.0,1.0,0.0,
19041813,thiocolchicoside,363.0,363.0,0.0,1117.0,2.43632
1386670,thioctate,266.0,266.0,0.0,590.0,2.864015
43532537,thiocyanate,18.0,2.0,16.0,2.0,117.17359
1437379,thioguanine,370.0,370.0,0.0,1679.0,3.07956
700253,thiopental,496.0,496.0,0.0,2357.0,2.641785
19000305,thioproperazine,1.0,1.0,0.0,1.0,
700299,thioridazine,563.0,563.0,0.0,2433.0,1.81002
43013000,thiostrepton,1.0,1.0,0.0,1.0,
19137385,thiotepa,491.0,491.0,0.0,2721.0,2.63596
700465,thiothixene,513.0,513.0,0.0,2340.0,1.64951
19100738,thiphenamil,1.0,0.0,1.0,0.0,
45775975,threonate,2.0,0.0,2.0,0.0,
19000537,threonine,10.0,10.0,0.0,10.0,125.45025
1300673,thrombin,257.0,257.0,0.0,625.0,2.74008
19100740,thymalfasin,9.0,9.0,0.0,11.0,95.14657
19060834,thyme oil,16.0,16.0,0.0,17.0,11.46648
19015670,thyme preparation,2.0,0.0,2.0,0.0,
43525869,thymidine,3.0,3.0,0.0,3.0,156.22695
43013853,thymine,16.0,16.0,0.0,16.0,9.406375
19000726,thymol,43.0,43.0,0.0,58.0,10.00434
19041860,thymomodulin,10.0,6.0,4.0,6.0,65.41032
19102231,thymopentin,50.0,13.0,37.0,14.0,93.71642
19007429,thymus extracts,15.0,0.0,15.0,0.0,
19000732,thyroglobulin,20.0,20.0,0.0,21.0,29.77944
1501309,thyroid (USP),1199.0,1194.0,8.0,14326.0,1.28629
19017575,thyroid (beef),1.0,0.0,1.0,0.0,
1590418,"thyroid, porcine",12.0,12.0,0.0,13.0,21.783135
19007721,thyrotropin,2.0,2.0,0.0,2.0,4975.52137
19063297,thyrotropin alfa,197.0,197.0,0.0,497.0,3.29783
715458,tiagabine,650.0,650.0,0.0,3433.0,1.79939
19041910,tianeptine,453.0,453.0,0.0,1621.0,2.88312
19008012,tiapride,345.0,345.0,0.0,968.0,2.71569
19086910,tiaprofenate,240.0,240.0,0.0,549.0,3.90012
19056871,tibezonium iodide,1.0,0.0,1.0,0.0,
19041933,tibolone,383.0,383.0,0.0,1258.0,2.47331
40241186,ticagrelor,1337.0,1337.0,0.0,18913.0,1.32814
1702364,ticarcillin,87.0,87.0,0.0,106.0,9.92542
1302398,ticlopidine,943.0,943.0,0.0,6837.0,1.55515
19055843,tiemonium,34.0,34.0,0.0,39.0,30.05981
1742432,tigecycline,523.0,523.0,0.0,2418.0,2.06696
1464767,tigolaner,1.0,0.0,1.0,0.0,
42900094,tildipirosin,4.0,0.0,4.0,0.0,
19002431,tilidine,421.0,421.0,0.0,1139.0,2.61019
43527226,tiliroside,4.0,0.0,4.0,0.0,
1578445,tiludronate,4.0,4.0,0.0,5.0,307.74446
19011064,tiludronic acid,9.0,9.0,0.0,12.0,14.29565
902427,timolol,1264.0,1264.0,0.0,11911.0,1.275395
19008281,tin,2.0,2.0,0.0,2.0,195.896655
1702559,tinidazole,152.0,152.0,0.0,285.0,5.381375
1308473,tinzaparin,872.0,872.0,0.0,4702.0,1.902295
942028,tioconazole,95.0,95.0,0.0,744.0,1.89028
903031,tiopronin,141.0,141.0,0.0,217.0,4.75716
1106776,tiotropium,1992.0,1992.0,0.0,87238.0,0.783955
1736999,tipranavir,466.0,466.0,0.0,1969.0,2.38991
19016959,tiratricol,19.0,19.0,0.0,33.0,33.21864
19014509,tirilazad,10.0,0.0,10.0,0.0,
19017067,tirofiban,220.0,220.0,0.0,864.0,4.434955
19100759,tiropramide,10.0,10.0,0.0,11.0,44.9281
42609339,tislelizumab,2.0,0.0,2.0,0.0,
42900100,titanium,4.0,4.0,0.0,4.0,1188.580215
19100760,titanium dioxide,12.0,12.0,0.0,12.0,10.45737
19078460,tixocortol,299.0,299.0,0.0,612.0,3.19765
778474,tizanidine,1649.0,1649.0,0.0,30414.0,1.12962
902722,tobramycin,1127.0,1127.0,0.0,9241.0,1.33869
1351447,tocainide,29.0,29.0,0.0,31.0,24.28762
40171288,tocilizumab,1374.0,1374.0,0.0,17042.0,1.663505
42709318,tocopherol,765.0,762.0,6.0,4067.0,1.449415
42904283,"tocopheryl nicotinate, D-.alpha.",304.0,304.0,0.0,672.0,3.419645
43532489,"tocotrienol, alpha",2.0,0.0,2.0,0.0,
19121338,tocotrienols,13.0,13.0,0.0,13.0,11.98888
42904205,tofacitinib,700.0,700.0,0.0,6393.0,1.3989600000000002
19100773,tofisopam,163.0,158.0,6.0,270.0,5.1837800000000005
1502809,tolazamide,178.0,178.0,0.0,305.0,4.331595
19002829,tolazoline,15.0,15.0,0.0,16.0,12.47973
1502855,tolbutamide,241.0,241.0,0.0,558.0,2.71883
715727,tolcapone,189.0,189.0,0.0,379.0,4.75464
19042099,tolciclate,1.0,0.0,1.0,0.0,
19042155,tolfenamic acid,41.0,41.0,0.0,56.0,9.35914
1102917,tolmetin,247.0,247.0,0.0,447.0,3.77718
902950,tolnaftate,183.0,183.0,0.0,335.0,2.75595
19003296,tolperisone,294.0,294.0,0.0,606.0,3.099565
19042191,tolrestat,12.0,2.0,10.0,2.0,73.40833
913782,tolterodine,1601.0,1601.0,0.0,28643.0,1.14399
44818490,toltrazuril,6.0,0.0,6.0,0.0,
42900051,toluene,1.0,1.0,0.0,1.0,75.58289
19036797,tolvaptan,428.0,428.0,0.0,2005.0,1.55202
742267,topiramate,2159.0,2159.0,0.0,63112.0,1.15285
1378509,topotecan,630.0,630.0,0.0,5413.0,1.442895
1342346,toremifene,311.0,311.0,0.0,768.0,3.12064
747052,toripalimab,9.0,0.0,9.0,0.0,
19056779,tormentil,3.0,0.0,3.0,0.0,
942350,torsemide,1702.0,1702.0,0.0,27605.0,1.205025
19068894,tositumomab,101.0,101.0,0.0,200.0,5.92751
1103314,tramadol,2537.0,2537.0,0.0,126415.0,0.99754
19042445,tramazoline,31.0,31.0,0.0,32.0,19.40239
43532497,trametinib,235.0,235.0,0.0,1101.0,2.03214
43526386,tramiprosate,8.0,0.0,8.0,0.0,
1342439,trandolapril,1070.0,1070.0,0.0,7843.0,1.454605
1303425,tranexamic acid,806.0,806.0,0.0,5051.0,1.780125
19120306,tranilast,145.0,145.0,0.0,243.0,5.47327
43013867,transforming growth factor beta 2,1.0,0.0,1.0,0.0,
703470,tranylcypromine,320.0,320.0,0.0,1044.0,2.249995
19009721,trapidil,72.0,55.0,21.0,70.0,7.5626
1387104,trastuzumab,1454.0,1454.0,0.0,24548.0,1.182065
904501,travoprost,986.0,986.0,0.0,6844.0,1.38502
703547,trazodone,2341.0,2341.0,0.0,83323.0,1.00312
42900069,trehalose,65.0,0.0,65.0,0.0,
44784980,trenbolone,30.0,30.0,0.0,39.0,25.35232
19042545,treosulfan,176.0,176.0,0.0,504.0,6.3503
19110712,trepibutone,27.0,23.0,4.0,26.0,24.61069
1327256,treprostinil,922.0,922.0,0.0,20950.0,0.64184
903643,tretinoin,901.0,901.0,0.0,4996.0,1.73257
903963,triamcinolone,1951.0,1951.0,0.0,35799.0,1.36663
904542,triamterene,1129.0,1129.0,0.0,9879.0,1.38936
704599,triazolam,1213.0,1213.0,0.0,9298.0,1.38248
19042550,triazulenone,47.0,47.0,0.0,50.0,5.96905
42904300,tribasic sodium phosphate,5.0,0.0,5.0,0.0,
19042575,tribenoside,57.0,57.0,0.0,60.0,8.03694
43527220,tribulus,15.0,14.0,1.0,14.0,14.111675
43014278,tricaine,1.0,0.0,1.0,0.0,
19058978,tricalcium phosphate,2.0,2.0,0.0,2.0,624.856755
42903876,tricaprylin,42.0,42.0,0.0,52.0,4.723065
793522,tricetin,2.0,0.0,2.0,0.0,
904639,trichlormethiazide,627.0,627.0,0.0,2807.0,2.20011
742594,trichloroacetaldehyde,398.0,398.0,0.0,1051.0,2.6326150000000004
987009,trichloroacetate,100.0,100.0,0.0,122.0,11.017215
19101457,triclocarban,3.0,3.0,0.0,3.0,81.40815
19042692,triclofos,97.0,97.0,0.0,137.0,7.47225
1704758,triclosan,79.0,79.0,0.0,103.0,11.64038
1718975,tridecane,1.0,0.0,1.0,0.0,
19004969,trientine,37.0,37.0,0.0,57.0,13.22938
942765,triethanolamine polypeptide oleate condensate,44.0,44.0,0.0,51.0,11.80527
42900261,triethyl citrate,1.0,0.0,1.0,0.0,
704984,trifluoperazine,506.0,506.0,0.0,2283.0,1.677815
19005104,triflupromazine,16.0,16.0,0.0,16.0,11.00455
905078,trifluridine,210.0,210.0,0.0,330.0,4.50967
19042778,triflusal,67.0,67.0,0.0,95.0,5.06924
705178,trihexyphenidyl,870.0,870.0,0.0,5754.0,1.58916
46275552,trilinolein,4.0,0.0,4.0,0.0,
19042801,trilostane,5.0,5.0,0.0,5.0,154.00681
19005512,trimebutine,456.0,456.0,0.0,1310.0,2.218125
19005570,trimeprazine,490.0,490.0,0.0,2373.0,1.978905
19005626,trimetazidine,816.0,816.0,0.0,4904.0,1.698535
19005629,trimethadione,34.0,34.0,0.0,37.0,27.74514
942799,trimethobenzamide,672.0,672.0,0.0,2552.0,2.048125
1705674,trimethoprim,1644.0,1644.0,0.0,23047.0,1.361885
19101597,trimethylphloroglucinol,27.0,27.0,0.0,32.0,16.56169
1750928,trimetrexate,26.0,26.0,0.0,26.0,26.90443
705755,trimipramine,520.0,520.0,0.0,1871.0,2.07946
1105853,tripelennamine,16.0,16.0,0.0,33.0,78.65882500000001
44785897,triphosphate,22.0,0.0,22.0,0.0,
43013168,triphosphoric acid,6.0,0.0,6.0,0.0,
1105889,triprolidine,42.0,42.0,0.0,58.0,7.677325
1343039,triptorelin,585.0,585.0,0.0,1883.0,2.3286
19065826,trisodium citrate,4.0,3.0,1.0,3.0,94.15223
19101651,tritoqualine,3.0,0.0,3.0,0.0,
1302002,trofinetide,2.0,0.0,2.0,0.0,
19101677,trofosfamide,6.0,6.0,0.0,6.0,52.917555
1515249,troglitazone,342.0,342.0,0.0,841.0,2.632905
943116,trolamine salicylate,209.0,209.0,0.0,398.0,2.98163
19006043,troleandomycin,8.0,8.0,0.0,11.0,51.29826
19006047,tromethamine,73.0,73.0,0.0,92.0,11.26567
19101712,tropatepine,159.0,159.0,0.0,295.0,4.92868
906072,tropicamide,321.0,321.0,0.0,1149.0,2.46815
19002800,tropisetron,449.0,449.0,0.0,1744.0,2.33029
43013845,tropolone,2.0,0.0,2.0,0.0,
991825,trospium,749.0,749.0,0.0,3974.0,1.62669
1712549,trovafloxacin,135.0,135.0,0.0,198.0,5.32945
19043154,troxerutin,314.0,314.0,0.0,618.0,3.50723
19006155,trypan blue,3.0,3.0,0.0,24.0,322.92666
906149,trypsin,46.0,46.0,0.0,54.0,19.853135
19006186,tryptophan,138.0,138.0,0.0,225.0,3.585655
19010871,tuberculin,204.0,204.0,0.0,320.0,3.921275
706644,tubocurarine,14.0,14.0,0.0,14.0,72.12923
19043191,tulobuterol,537.0,537.0,0.0,2466.0,2.21086
42900581,tumeric oil,149.0,149.0,0.0,276.0,4.12284
40241181,turmeric extract,46.0,8.0,39.0,8.0,63.17825500000001
43525900,turmeric oil,329.0,329.0,0.0,880.0,2.28687
1735522,turmeric root extract,3.0,0.0,3.0,0.0,
1106647,turpentine,7.0,7.0,0.0,7.0,194.13805
40222391,tylosin,4.0,4.0,0.0,4.0,275.890395
943191,tyloxapol,8.0,8.0,0.0,8.0,35.171415
43014257,tylvalosin,2.0,0.0,2.0,0.0,
532881,"typhoid Vi polysaccharide vaccine, S typhi Ty2 strain",15.0,15.0,0.0,18.0,64.92333
19010873,tyramine,23.0,23.0,0.0,24.0,10.98442
19006692,tyrosine,157.0,157.0,0.0,210.0,3.96673
19006842,tyrothricin,7.0,7.0,0.0,7.0,18.13922
1351115,ubidecarenone,1245.0,1245.0,0.0,14539.0,1.25747
19101786,ubiquinol,124.0,112.0,12.0,158.0,4.30777
40225722,ulipristal,47.0,47.0,0.0,108.0,9.12953
1586369,"ultralente insulin, human",15.0,14.0,1.0,14.0,28.46364
44785907,umeclidinium,2.0,2.0,0.0,3.0,112.87728
1718976,undecane,1.0,0.0,1.0,0.0,
914244,undecylenate,25.0,24.0,1.0,24.0,11.93062
45775547,unoprostone,16.0,6.0,10.0,6.0,274.602695
19006877,uracil,261.0,261.0,0.0,435.0,4.1025
19006880,uracil mustard,8.0,8.0,0.0,8.0,44.667965
19101849,urapidil,762.0,762.0,0.0,3993.0,2.15299
906914,urea,608.0,608.0,0.0,2556.0,1.804155
43532213,uric acid,18.0,18.0,0.0,18.0,14.252645
19010876,uridine,24.0,24.0,0.0,24.0,68.31955
1515417,urofollitropin,125.0,125.0,0.0,230.0,11.61184
1307515,urokinase,179.0,179.0,0.0,327.0,4.16718
988095,ursodeoxycholate,1323.0,1316.0,11.0,14254.0,1.32408
45775606,usnic acid,3.0,3.0,0.0,3.0,26.02874
40161532,ustekinumab,977.0,977.0,0.0,7184.0,1.881975
42609572,vadadustat,4.0,0.0,4.0,0.0,
1717704,valacyclovir,1959.0,1959.0,0.0,39663.0,1.18353
1103374,valdecoxib,1456.0,1456.0,0.0,26689.0,1.075015
43014259,valerate,24.0,24.0,0.0,26.0,11.27034
1397059,valerian root extract,98.0,98.0,0.0,136.0,5.208615
1703063,valganciclovir,1145.0,1145.0,0.0,9770.0,1.6809
19007572,valine,19.0,19.0,0.0,19.0,67.46358
779955,valnemulin,6.0,0.0,6.0,0.0,
745985,valoctocogene roxaparvovec,3.0,0.0,3.0,0.0,
745466,valproate,2518.0,2518.0,0.0,98480.0,0.9942
19012543,valrubicin,67.0,67.0,0.0,127.0,6.41504
1308842,valsartan,2460.0,2460.0,0.0,117275.0,0.99109
19007693,vanadium,6.0,6.0,0.0,6.0,26.934205
19043266,vanadyl sulfate,28.0,20.0,8.0,24.0,10.97002
1707687,vancomycin,2031.0,2031.0,0.0,48655.0,1.18248
40238052,vandetanib,316.0,316.0,0.0,1195.0,1.99486
1311276,vardenafil,899.0,899.0,0.0,7133.0,1.05283
780442,varenicline,1707.0,1707.0,0.0,115874.0,0.46875
543291,varicella-zoster immune globulin,3.0,3.0,0.0,3.0,15.50839
42800027,varicella-zoster virus vaccine live (Oka-Merck) strain,234.0,234.0,0.0,409.0,2.95812
1507835,vasopressin (USP),160.0,160.0,0.0,277.0,4.49502
779686,vatinoxan,1.0,0.0,1.0,0.0,
19012598,vecuronium,596.0,596.0,0.0,3644.0,2.061225
45774639,vedolizumab,111.0,111.0,0.0,179.0,4.86375
40174604,velaglucerase alfa,198.0,198.0,0.0,380.0,4.090725
1301780,velmanase alfa,1.0,0.0,1.0,0.0,
40241937,vemurafenib,611.0,611.0,0.0,5253.0,1.17861
743670,venlafaxine,2608.0,2608.0,0.0,120936.0,0.95168
19043327,veralipride,28.0,28.0,0.0,35.0,45.493375
1307863,verapamil,1963.0,1963.0,0.0,47514.0,1.03718
912803,verteporfin,319.0,319.0,0.0,1265.0,2.53778
42900061,vetiver oil,3.0,3.0,0.0,3.0,44.86178
908126,vidarabine,271.0,271.0,0.0,937.0,2.80681
19020002,vigabatrin,578.0,578.0,0.0,4358.0,1.63332
43532539,vilanterol,212.0,212.0,0.0,997.0,2.0973300000000004
40234834,vilazodone,524.0,524.0,0.0,5495.0,1.060365
19122137,vildagliptin,534.0,534.0,0.0,2212.0,2.11319
1201435,vilobelimab,2.0,0.0,2.0,0.0,
19008261,viloxazine,45.0,45.0,0.0,67.0,12.9261
19008264,vinblastine,635.0,635.0,0.0,3518.0,2.22813
19078938,vinburnine,42.0,42.0,0.0,48.0,11.943295
19008269,vincamine,7.0,7.0,0.0,7.0,117.3556
1308290,vincristine,1920.0,1920.0,0.0,50151.0,1.373065
19008336,vindesine,312.0,312.0,0.0,1225.0,3.848805
1343346,vinorelbine,1157.0,1157.0,0.0,13062.0,1.46649
19095462,vinpocetine,219.0,219.0,0.0,418.0,3.36383
19010969,virginiamycin,1.0,1.0,0.0,1.0,145.67163
1146096,viridiflorol,1.0,0.0,1.0,0.0,
42709321,vismodegib,275.0,275.0,0.0,1070.0,2.23861
19008339,vitamin A,2030.0,2030.0,0.0,70079.0,0.994015
19010970,vitamin B complex,1459.0,1459.0,0.0,18961.0,1.2437
1308738,vitamin B12,1941.0,1941.0,0.0,41999.0,1.19064
1353228,vitamin B6,1355.0,1291.0,127.0,11335.0,1.47799
19009405,vitamin D,2551.0,2551.0,0.0,145504.0,1.02699
42709324,vitamin D3,1432.0,1432.0,0.0,21809.0,1.223605
19009540,vitamin E,1839.0,1839.0,0.0,38522.0,1.29221
19010128,vitamin K,831.0,831.0,0.0,3538.0,1.8274
19044727,vitamin K1,805.0,805.0,0.0,3528.0,1.95589
19106287,vitamin K2,752.0,735.0,34.0,3258.0,1.95708
964298,vitamin MK7,7.0,0.0,7.0,0.0,
1734530,vitexin,30.0,0.0,30.0,0.0,
44785885,von Willebrand factor,110.0,110.0,0.0,178.0,6.99549
779984,vonoprazan,21.0,0.0,21.0,0.0,
44818499,vorapaxar,3.0,3.0,0.0,3.0,52.05858
1714277,voriconazole,1211.0,1211.0,0.0,15399.0,1.54249
1337651,vorinostat,555.0,555.0,0.0,3479.0,1.86167
44507700,vortioxetine,194.0,194.0,0.0,1235.0,1.61407
702318,vosoritide,3.0,0.0,3.0,0.0,
42904036,walnut oil,3.0,3.0,0.0,3.0,105.32792
1310149,warfarin,2754.0,2754.0,0.0,214803.0,0.855165
19010309,water,645.0,645.0,0.0,3990.0,1.36601
40171826,wheat dextrin,517.0,517.0,0.0,2008.0,1.62354
19014164,wheat germ oil,28.0,28.0,0.0,32.0,6.421860000000001
37498110,whey protein hydrolysate,4.0,0.0,4.0,0.0,
46233906,white tea extract,2.0,0.0,2.0,0.0,
19011004,white wax,5.0,5.0,0.0,5.0,53.17165
959196,witch hazel,149.0,149.0,0.0,265.0,5.20948
779952,withanolide D,1.0,0.0,1.0,0.0,
964283,wogonin,34.0,0.0,34.0,0.0,
42900001,wormwood extract,9.0,0.0,9.0,0.0,
42899969,wormwood oil,11.0,10.0,1.0,10.0,12.000005
1735454,xanomeline,9.0,0.0,9.0,0.0,
42900551,xanthan gum,12.0,0.0,12.0,0.0,
42900552,xanthine,5.0,5.0,0.0,5.0,201.69887
19011007,xenon,11.0,11.0,0.0,12.0,14.31544
19102105,xibornol,1.0,0.0,1.0,0.0,
19010493,xipamide,376.0,376.0,0.0,1264.0,2.82761
40238058,xylazine,15.0,15.0,0.0,18.0,12.20491
42900012,xylene,10.0,10.0,0.0,10.0,51.294979999999995
19010496,xylitol,55.0,55.0,0.0,59.0,20.5947
943852,xylometazoline,337.0,337.0,0.0,792.0,2.80351
42900014,yeast mannan preparation,1.0,0.0,1.0,0.0,
914085,yellow phenolphthalein,22.0,22.0,0.0,29.0,18.03731
1385800,yohimbine,4.0,4.0,0.0,4.0,47.512215
44816338,yttrium,60.0,60.0,0.0,91.0,7.542895
19004388,yucca root,4.0,4.0,0.0,4.0,161.785025
1111706,zafirlukast,741.0,741.0,0.0,3828.0,1.65585
1724827,zalcitabine,245.0,245.0,0.0,557.0,5.48249
720727,zaleplon,895.0,895.0,0.0,4918.0,1.66721
1708748,zanamivir,373.0,373.0,0.0,2261.0,1.66527
1343914,zeaxanthin,50.0,50.0,0.0,52.0,8.098500000000001
739370,"zeaxanthin, meso-",3.0,0.0,3.0,0.0,
1593811,zedoary oil,2.0,0.0,2.0,0.0,
19005061,ziconotide,381.0,381.0,0.0,2192.0,1.91019
1710612,zidovudine,1609.0,1609.0,0.0,22351.0,1.77308
1147878,zileuton,240.0,240.0,0.0,671.0,2.40052
35604666,zilpaterol,3.0,0.0,3.0,0.0,
19010696,zinc,1065.0,1065.0,0.0,7885.0,1.40036
979096,zinc acetate,77.0,77.0,0.0,116.0,8.90106
45776475,zinc ascorbate,2.0,0.0,2.0,0.0,
19055783,zinc aspartate,22.0,18.0,4.0,18.0,75.31278
19044314,zinc carbonate,1.0,0.0,1.0,0.0,
45775339,zinc cation,3.0,0.0,3.0,0.0,
19044317,zinc chloride,24.0,24.0,0.0,26.0,16.84986
19092061,zinc citrate,11.0,11.0,0.0,11.0,18.29335
19079204,zinc gluconate,197.0,197.0,0.0,377.0,2.97958
19050644,zinc hydroxide,2.0,0.0,2.0,0.0,
19011018,zinc orotate,25.0,25.0,0.0,27.0,20.80695
911064,zinc oxide,498.0,498.0,0.0,1415.0,2.304645
45892185,zinc phosphate,12.0,10.0,2.0,10.0,36.21544
19079390,zinc picolinate,57.0,57.0,0.0,73.0,11.11395
944360,zinc pyrithione,78.0,78.0,0.0,90.0,8.612435
19044522,zinc sulfate,733.0,733.0,0.0,2607.0,1.84398
19097109,"zinc, chelated",11.0,9.0,2.0,10.0,44.47203
37496631,zingerone,14.0,0.0,14.0,0.0,
19044719,zipeprol,3.0,1.0,2.0,1.0,323.22974
712615,ziprasidone,1352.0,1352.0,0.0,26431.0,0.88028
44816339,zirconium,3.0,3.0,0.0,3.0,78.75843
19102107,zofenopril,171.0,171.0,0.0,342.0,4.79816
44818464,zolazepam,21.0,21.0,0.0,21.0,8.68586
1524674,zoledronic acid,2499.0,2499.0,0.0,144787.0,1.015495
1116031,zolmitriptan,883.0,883.0,0.0,5687.0,1.48076
744740,zolpidem,2806.0,2806.0,0.0,166254.0,0.99611
19102108,zomepirac,54.0,54.0,0.0,65.0,9.776295
744798,zonisamide,1131.0,1131.0,0.0,9548.0,1.30239
19044883,zopiclone,1770.0,1770.0,0.0,32031.0,1.184775
19102109,zotepine,238.0,238.0,0.0,614.0,3.15792
19010886,zuclopenthixol,507.0,507.0,0.0,2473.0,2.30847
747180,zuranolone,8.0,0.0,8.0,0.0,
